t,lower,upper
0.000000E0,0.000000E0,-1.272515E-1
1.000000E-1,,
2.000000E-1,,
3.000000E-1,,
4.000000E-1,,
5.000000E-1,,
6.000000E-1,,
7.000000E-1,,
8.000000E-1,,
9.000000E-1,,
1.000000E0,-4.227334E-4,-1.265497E-1
1.100000E0,,
1.200000E0,,
1.300000E0,,
1.400000E0,,
1.500000E0,,
1.600000E0,,
1.700000E0,,
1.800000E0,,
1.900000E0,,
2.000000E0,-8.693375E-4,-1.267836E-1
2.100000E0,,
2.200000E0,,
2.300000E0,,
2.400000E0,,
2.500000E0,,
2.600000E0,,
2.700000E0,,
2.800000E0,,
2.900000E0,,
3.000000E0,-1.235747E-3,-1.260819E-1
3.100000E0,,
3.200000E0,,
3.300000E0,,
3.400000E0,,
3.500000E0,,
3.600000E0,,
3.700000E0,,
3.800000E0,,
3.900000E0,,
4.000000E0,-1.544321E-3,-1.260819E-1
4.100000E0,,
4.200000E0,,
4.300000E0,,
4.400000E0,,
4.500000E0,,
4.600000E0,,
4.700000E0,,
4.800000E0,,
4.900000E0,,
5.000000E0,-2.105263E-3,-1.260819E-1
5.100000E0,,
5.200000E0,,
5.300000E0,,
5.400000E0,,
5.500000E0,,
5.600000E0,,
5.700000E0,,
5.800000E0,,
5.900000E0,,
6.000000E0,-1.914744E-3,-1.246784E-1
6.100000E0,,
6.200000E0,,
6.300000E0,,
6.400000E0,,
6.500000E0,,
6.600000E0,,
6.700000E0,,
6.800000E0,,
6.900000E0,,
7.000000E0,-2.693159E-3,-1.246784E-1
7.100000E0,,
7.200000E0,,
7.300000E0,,
7.400000E0,,
7.500000E0,,
7.600000E0,,
7.700000E0,,
7.800000E0,,
7.900000E0,,
8.000000E0,-3.179279E-3,-1.246784E-1
8.100000E0,,
8.200000E0,,
8.300000E0,,
8.400000E0,,
8.500000E0,,
8.600000E0,,
8.700000E0,,
8.800000E0,,
8.900000E0,,
9.000000E0,-3.375427E-3,-1.246784E-1
9.100000E0,,
9.200000E0,,
9.300000E0,,
9.400000E0,,
9.500000E0,,
9.600000E0,,
9.700000E0,,
9.800000E0,,
9.900000E0,,
1.000000E1,-3.812003E-3,-1.246784E-1
1.010000E1,,
1.020000E1,,
1.030000E1,,
1.040000E1,,
1.050000E1,,
1.060000E1,,
1.070000E1,,
1.080000E1,,
1.090000E1,,
1.100000E1,-4.140966E-3,-1.246784E-1
1.110000E1,,
1.120000E1,,
1.130000E1,,
1.140000E1,,
1.150000E1,,
1.160000E1,,
1.170000E1,,
1.180000E1,,
1.190000E1,,
1.200000E1,-4.586269E-3,-1.246784E-1
1.210000E1,,
1.220000E1,,
1.230000E1,,
1.240000E1,,
1.250000E1,,
1.260000E1,,
1.270000E1,,
1.280000E1,,
1.290000E1,,
1.300000E1,-4.961593E-3,-1.246784E-1
1.310000E1,,
1.320000E1,,
1.330000E1,,
1.340000E1,,
1.350000E1,,
1.360000E1,,
1.370000E1,,
1.380000E1,,
1.390000E1,,
1.400000E1,-5.509691E-3,-1.246784E-1
1.410000E1,,
1.420000E1,,
1.430000E1,,
1.440000E1,,
1.450000E1,,
1.460000E1,,
1.470000E1,,
1.480000E1,,
1.490000E1,,
1.500000E1,-6.046439E-3,-1.246784E-1
1.510000E1,,
1.520000E1,,
1.530000E1,,
1.540000E1,,
1.550000E1,,
1.560000E1,,
1.570000E1,,
1.580000E1,,
1.590000E1,,
1.600000E1,-6.241954E-3,-1.246784E-1
1.610000E1,,
1.620000E1,,
1.630000E1,,
1.640000E1,,
1.650000E1,,
1.660000E1,,
1.670000E1,,
1.680000E1,,
1.690000E1,,
1.700000E1,-7.003333E-3,-1.246784E-1
1.710000E1,,
1.720000E1,,
1.730000E1,,
1.740000E1,,
1.750000E1,,
1.760000E1,,
1.770000E1,,
1.780000E1,,
1.790000E1,,
1.800000E1,-6.986549E-3,-1.246784E-1
1.810000E1,,
1.820000E1,,
1.830000E1,,
1.840000E1,,
1.850000E1,,
1.860000E1,,
1.870000E1,,
1.880000E1,,
1.890000E1,,
1.900000E1,-7.429846E-3,-1.246784E-1
1.910000E1,,
1.920000E1,,
1.930000E1,,
1.940000E1,,
1.950000E1,,
1.960000E1,,
1.970000E1,,
1.980000E1,,
1.990000E1,,
2.000000E1,-7.880210E-3,-1.237427E-1
2.010000E1,,
2.020000E1,,
2.030000E1,,
2.040000E1,,
2.050000E1,,
2.060000E1,,
2.070000E1,,
2.080000E1,,
2.090000E1,,
2.100000E1,-8.372681E-3,-1.237427E-1
2.110000E1,,
2.120000E1,,
2.130000E1,,
2.140000E1,,
2.150000E1,,
2.160000E1,,
2.170000E1,,
2.180000E1,,
2.190000E1,,
2.200000E1,-8.823236E-3,-1.237427E-1
2.210000E1,,
2.220000E1,,
2.230000E1,,
2.240000E1,,
2.250000E1,,
2.260000E1,,
2.270000E1,,
2.280000E1,,
2.290000E1,,
2.300000E1,-9.369475E-3,-1.237427E-1
2.310000E1,,
2.320000E1,,
2.330000E1,,
2.340000E1,,
2.350000E1,,
2.360000E1,,
2.370000E1,,
2.380000E1,,
2.390000E1,,
2.400000E1,-9.934389E-3,-1.237427E-1
2.410000E1,,
2.420000E1,,
2.430000E1,,
2.440000E1,,
2.450000E1,,
2.460000E1,,
2.470000E1,,
2.480000E1,,
2.490000E1,,
2.500000E1,-1.109067E-2,-1.237427E-1
2.510000E1,,
2.520000E1,,
2.530000E1,,
2.540000E1,,
2.550000E1,,
2.560000E1,,
2.570000E1,,
2.580000E1,,
2.590000E1,,
2.600000E1,-1.068417E-2,-1.237427E-1
2.610000E1,,
2.620000E1,,
2.630000E1,,
2.640000E1,,
2.650000E1,,
2.660000E1,,
2.670000E1,,
2.680000E1,,
2.690000E1,,
2.700000E1,-1.159587E-2,-1.237427E-1
2.710000E1,,
2.720000E1,,
2.730000E1,,
2.740000E1,,
2.750000E1,,
2.760000E1,,
2.770000E1,,
2.780000E1,,
2.790000E1,,
2.800000E1,-1.166847E-2,-1.237427E-1
2.810000E1,,
2.820000E1,,
2.830000E1,,
2.840000E1,,
2.850000E1,,
2.860000E1,,
2.870000E1,,
2.880000E1,,
2.890000E1,,
2.900000E1,-1.212919E-2,-1.237427E-1
2.910000E1,,
2.920000E1,,
2.930000E1,,
2.940000E1,,
2.950000E1,,
2.960000E1,,
2.970000E1,,
2.980000E1,,
2.990000E1,,
3.000000E1,-1.255882E-2,-1.237427E-1
3.010000E1,,
3.020000E1,,
3.030000E1,,
3.040000E1,,
3.050000E1,,
3.060000E1,,
3.070000E1,,
3.080000E1,,
3.090000E1,,
3.100000E1,-1.307801E-2,-1.237427E-1
3.110000E1,,
3.120000E1,,
3.130000E1,,
3.140000E1,,
3.150000E1,,
3.160000E1,,
3.170000E1,,
3.180000E1,,
3.190000E1,,
3.200000E1,-1.353821E-2,-1.237427E-1
3.210000E1,,
3.220000E1,,
3.230000E1,,
3.240000E1,,
3.250000E1,,
3.260000E1,,
3.270000E1,,
3.280000E1,,
3.290000E1,,
3.300000E1,-1.392606E-2,-1.237427E-1
3.310000E1,,
3.320000E1,,
3.330000E1,,
3.340000E1,,
3.350000E1,,
3.360000E1,,
3.370000E1,,
3.380000E1,,
3.390000E1,,
3.400000E1,-1.442154E-2,-1.237427E-1
3.410000E1,,
3.420000E1,,
3.430000E1,,
3.440000E1,,
3.450000E1,,
3.460000E1,,
3.470000E1,,
3.480000E1,,
3.490000E1,,
3.500000E1,-1.485492E-2,-1.237427E-1
3.510000E1,,
3.520000E1,,
3.530000E1,,
3.540000E1,,
3.550000E1,,
3.560000E1,,
3.570000E1,,
3.580000E1,,
3.590000E1,,
3.600000E1,-1.552979E-2,-1.237427E-1
3.610000E1,,
3.620000E1,,
3.630000E1,,
3.640000E1,,
3.650000E1,,
3.660000E1,,
3.670000E1,,
3.680000E1,,
3.690000E1,,
3.700000E1,-1.603572E-2,-1.237427E-1
3.710000E1,,
3.720000E1,,
3.730000E1,,
3.740000E1,,
3.750000E1,,
3.760000E1,,
3.770000E1,,
3.780000E1,,
3.790000E1,,
3.800000E1,-1.646374E-2,-1.237427E-1
3.810000E1,,
3.820000E1,,
3.830000E1,,
3.840000E1,,
3.850000E1,,
3.860000E1,,
3.870000E1,,
3.880000E1,,
3.890000E1,,
3.900000E1,-1.671204E-2,-1.237427E-1
3.910000E1,,
3.920000E1,,
3.930000E1,,
3.940000E1,,
3.950000E1,,
3.960000E1,,
3.970000E1,,
3.980000E1,,
3.990000E1,,
4.000000E1,-1.721027E-2,-1.237427E-1
4.010000E1,,
4.020000E1,,
4.030000E1,,
4.040000E1,,
4.050000E1,,
4.060000E1,,
4.070000E1,,
4.080000E1,,
4.090000E1,,
4.100000E1,-1.707602E-2,-1.237427E-1
4.110000E1,,
4.120000E1,,
4.130000E1,,
4.140000E1,,
4.150000E1,,
4.160000E1,,
4.170000E1,,
4.180000E1,,
4.190000E1,,
4.200000E1,-1.777778E-2,-1.237427E-1
4.210000E1,,
4.220000E1,,
4.230000E1,,
4.240000E1,,
4.250000E1,,
4.260000E1,,
4.270000E1,,
4.280000E1,,
4.290000E1,,
4.300000E1,-1.820103E-2,-1.228070E-1
4.310000E1,,
4.320000E1,,
4.330000E1,,
4.340000E1,,
4.350000E1,,
4.360000E1,,
4.370000E1,,
4.380000E1,,
4.390000E1,,
4.400000E1,-1.867299E-2,-1.228070E-1
4.410000E1,,
4.420000E1,,
4.430000E1,,
4.440000E1,,
4.450000E1,,
4.460000E1,,
4.470000E1,,
4.480000E1,,
4.490000E1,,
4.500000E1,-1.909347E-2,-1.228070E-1
4.510000E1,,
4.520000E1,,
4.530000E1,,
4.540000E1,,
4.550000E1,,
4.560000E1,,
4.570000E1,,
4.580000E1,,
4.590000E1,,
4.600000E1,-1.930989E-2,-1.228070E-1
4.610000E1,,
4.620000E1,,
4.630000E1,,
4.640000E1,,
4.650000E1,,
4.660000E1,,
4.670000E1,,
4.680000E1,,
4.690000E1,,
4.700000E1,-1.983680E-2,-1.228070E-1
4.710000E1,,
4.720000E1,,
4.730000E1,,
4.740000E1,,
4.750000E1,,
4.760000E1,,
4.770000E1,,
4.780000E1,,
4.790000E1,,
4.800000E1,-2.004037E-2,-1.228070E-1
4.810000E1,,
4.820000E1,,
4.830000E1,,
4.840000E1,,
4.850000E1,,
4.860000E1,,
4.870000E1,,
4.880000E1,,
4.890000E1,,
4.900000E1,-2.049926E-2,-1.228070E-1
4.910000E1,,
4.920000E1,,
4.930000E1,,
4.940000E1,,
4.950000E1,,
4.960000E1,,
4.970000E1,,
4.980000E1,,
4.990000E1,,
5.000000E1,-2.074881E-2,-1.228070E-1
5.010000E1,,
5.020000E1,,
5.030000E1,,
5.040000E1,,
5.050000E1,,
5.060000E1,,
5.070000E1,,
5.080000E1,,
5.090000E1,,
5.100000E1,-2.131039E-2,-1.228070E-1
5.110000E1,,
5.120000E1,,
5.130000E1,,
5.140000E1,,
5.150000E1,,
5.160000E1,,
5.170000E1,,
5.180000E1,,
5.190000E1,,
5.200000E1,-2.149105E-2,-1.230409E-1
5.210000E1,,
5.220000E1,,
5.230000E1,,
5.240000E1,,
5.250000E1,,
5.260000E1,,
5.270000E1,,
5.280000E1,,
5.290000E1,,
5.300000E1,-2.192741E-2,-1.211696E-1
5.310000E1,,
5.320000E1,,
5.330000E1,,
5.340000E1,,
5.350000E1,,
5.360000E1,,
5.370000E1,,
5.380000E1,,
5.390000E1,,
5.400000E1,-2.223841E-2,-1.211696E-1
5.410000E1,,
5.420000E1,,
5.430000E1,,
5.440000E1,,
5.450000E1,,
5.460000E1,,
5.470000E1,,
5.480000E1,,
5.490000E1,,
5.500000E1,-2.255426E-2,-1.223392E-1
5.510000E1,,
5.520000E1,,
5.530000E1,,
5.540000E1,,
5.550000E1,,
5.560000E1,,
5.570000E1,,
5.580000E1,,
5.590000E1,,
5.600000E1,-2.295860E-2,-1.222880E-1
5.610000E1,,
5.620000E1,,
5.630000E1,,
5.640000E1,,
5.650000E1,,
5.660000E1,,
5.670000E1,,
5.680000E1,,
5.690000E1,,
5.700000E1,-2.317576E-2,-1.221780E-1
5.710000E1,,
5.720000E1,,
5.730000E1,,
5.740000E1,,
5.750000E1,,
5.760000E1,,
5.770000E1,,
5.780000E1,,
5.790000E1,,
5.800000E1,-2.347287E-2,-1.221785E-1
5.810000E1,,
5.820000E1,,
5.830000E1,,
5.840000E1,,
5.850000E1,,
5.860000E1,,
5.870000E1,,
5.880000E1,,
5.890000E1,,
5.900000E1,-2.373307E-2,-1.221697E-1
5.910000E1,,
5.920000E1,,
5.930000E1,,
5.940000E1,,
5.950000E1,,
5.960000E1,,
5.970000E1,,
5.980000E1,,
5.990000E1,,
6.000000E1,-2.404998E-2,-1.221679E-1
6.010000E1,,
6.020000E1,,
6.030000E1,,
6.040000E1,,
6.050000E1,,
6.060000E1,,
6.070000E1,,
6.080000E1,,
6.090000E1,,
6.100000E1,-2.434251E-2,-1.195322E-1
6.110000E1,,
6.120000E1,,
6.130000E1,,
6.140000E1,,
6.150000E1,,
6.160000E1,,
6.170000E1,,
6.180000E1,,
6.190000E1,,
6.200000E1,-2.428656E-2,-1.221415E-1
6.210000E1,,
6.220000E1,,
6.230000E1,,
6.240000E1,,
6.250000E1,,
6.260000E1,,
6.270000E1,,
6.280000E1,,
6.290000E1,,
6.300000E1,-2.453149E-2,-1.219927E-1
6.310000E1,,
6.320000E1,,
6.330000E1,,
6.340000E1,,
6.350000E1,,
6.360000E1,,
6.370000E1,,
6.380000E1,,
6.390000E1,,
6.400000E1,-2.469370E-2,-1.217464E-1
6.410000E1,,
6.420000E1,,
6.430000E1,,
6.440000E1,,
6.450000E1,,
6.460000E1,,
6.470000E1,,
6.480000E1,,
6.490000E1,,
6.500000E1,-2.521643E-2,-1.197661E-1
6.510000E1,,
6.520000E1,,
6.530000E1,,
6.540000E1,,
6.550000E1,,
6.560000E1,,
6.570000E1,,
6.580000E1,,
6.590000E1,,
6.600000E1,-2.567499E-2,-1.197661E-1
6.610000E1,,
6.620000E1,,
6.630000E1,,
6.640000E1,,
6.650000E1,,
6.660000E1,,
6.670000E1,,
6.680000E1,,
6.690000E1,,
6.700000E1,-2.580479E-2,
6.710000E1,,
6.720000E1,,
6.730000E1,,
6.740000E1,,
6.750000E1,,
6.760000E1,,
6.770000E1,,
6.780000E1,,
6.790000E1,,
6.800000E1,-2.585869E-2,-1.194043E-1
6.810000E1,,
6.820000E1,,
6.830000E1,,
6.840000E1,,
6.850000E1,,
6.860000E1,,
6.870000E1,,
6.880000E1,,
6.890000E1,,
6.900000E1,-2.618406E-2,-1.192490E-1
6.910000E1,,
6.920000E1,,
6.930000E1,,
6.940000E1,,
6.950000E1,,
6.960000E1,,
6.970000E1,,
6.980000E1,,
6.990000E1,,
7.000000E1,-2.625821E-2,-1.191010E-1
7.010000E1,,
7.020000E1,,
7.030000E1,,
7.040000E1,,
7.050000E1,,
7.060000E1,,
7.070000E1,,
7.080000E1,,
7.090000E1,,
7.100000E1,-2.660878E-2,-1.188607E-1
7.110000E1,,
7.120000E1,,
7.130000E1,,
7.140000E1,,
7.150000E1,,
7.160000E1,,
7.170000E1,,
7.180000E1,,
7.190000E1,,
7.200000E1,-2.668906E-2,-1.187191E-1
7.210000E1,,
7.220000E1,,
7.230000E1,,
7.240000E1,,
7.250000E1,,
7.260000E1,,
7.270000E1,,
7.280000E1,,
7.290000E1,,
7.300000E1,-2.703662E-2,-1.185999E-1
7.310000E1,,
7.320000E1,,
7.330000E1,,
7.340000E1,,
7.350000E1,,
7.360000E1,,
7.370000E1,,
7.380000E1,,
7.390000E1,,
7.400000E1,-2.713229E-2,-1.184457E-1
7.410000E1,,
7.420000E1,,
7.430000E1,,
7.440000E1,,
7.450000E1,,
7.460000E1,,
7.470000E1,,
7.480000E1,,
7.490000E1,,
7.500000E1,-2.732105E-2,-1.185965E-1
7.510000E1,,
7.520000E1,,
7.530000E1,,
7.540000E1,,
7.550000E1,,
7.560000E1,,
7.570000E1,,
7.580000E1,,
7.590000E1,,
7.600000E1,-2.756659E-2,-1.174269E-1
7.610000E1,,
7.620000E1,,
7.630000E1,,
7.640000E1,,
7.650000E1,,
7.660000E1,,
7.670000E1,,
7.680000E1,,
7.690000E1,,
7.700000E1,-2.760064E-2,-1.174269E-1
7.710000E1,,
7.720000E1,,
7.730000E1,,
7.740000E1,,
7.750000E1,,
7.760000E1,,
7.770000E1,,
7.780000E1,,
7.790000E1,,
7.800000E1,-2.760651E-2,-1.174269E-1
7.810000E1,,
7.820000E1,,
7.830000E1,,
7.840000E1,,
7.850000E1,,
7.860000E1,,
7.870000E1,,
7.880000E1,,
7.890000E1,,
7.900000E1,-2.774855E-2,-1.174269E-1
7.910000E1,,
7.920000E1,,
7.930000E1,,
7.940000E1,,
7.950000E1,,
7.960000E1,,
7.970000E1,,
7.980000E1,,
7.990000E1,,
8.000000E1,-2.801531E-2,-1.174269E-1
8.010000E1,,
8.020000E1,,
8.030000E1,,
8.040000E1,,
8.050000E1,,
8.060000E1,,
8.070000E1,,
8.080000E1,,
8.090000E1,,
8.100000E1,-2.810193E-2,-1.174269E-1
8.110000E1,,
8.120000E1,,
8.130000E1,,
8.140000E1,,
8.150000E1,,
8.160000E1,,
8.170000E1,,
8.180000E1,,
8.190000E1,,
8.200000E1,-2.825654E-2,-1.174269E-1
8.210000E1,,
8.220000E1,,
8.230000E1,,
8.240000E1,,
8.250000E1,,
8.260000E1,,
8.270000E1,,
8.280000E1,,
8.290000E1,,
8.300000E1,-2.848182E-2,-1.167251E-1
8.310000E1,,
8.320000E1,,
8.330000E1,,
8.340000E1,,
8.350000E1,,
8.360000E1,,
8.370000E1,,
8.380000E1,,
8.390000E1,,
8.400000E1,-2.857434E-2,-1.167251E-1
8.410000E1,,
8.420000E1,,
8.430000E1,,
8.440000E1,,
8.450000E1,,
8.460000E1,,
8.470000E1,,
8.480000E1,,
8.490000E1,,
8.500000E1,-2.880881E-2,-1.167251E-1
8.510000E1,,
8.520000E1,,
8.530000E1,,
8.540000E1,,
8.550000E1,,
8.560000E1,,
8.570000E1,,
8.580000E1,,
8.590000E1,,
8.600000E1,-2.899896E-2,-1.167251E-1
8.610000E1,,
8.620000E1,,
8.630000E1,,
8.640000E1,,
8.650000E1,,
8.660000E1,,
8.670000E1,,
8.680000E1,,
8.690000E1,,
8.700000E1,-2.911625E-2,-1.157895E-1
8.710000E1,,
8.720000E1,,
8.730000E1,,
8.740000E1,,
8.750000E1,,
8.760000E1,,
8.770000E1,,
8.780000E1,,
8.790000E1,,
8.800000E1,-2.939681E-2,-1.157895E-1
8.810000E1,,
8.820000E1,,
8.830000E1,,
8.840000E1,,
8.850000E1,,
8.860000E1,,
8.870000E1,,
8.880000E1,,
8.890000E1,,
8.900000E1,-2.946615E-2,-1.157895E-1
8.910000E1,,
8.920000E1,,
8.930000E1,,
8.940000E1,,
8.950000E1,,
8.960000E1,,
8.970000E1,,
8.980000E1,,
8.990000E1,,
9.000000E1,-2.956672E-2,-1.157895E-1
9.010000E1,,
9.020000E1,,
9.030000E1,,
9.040000E1,,
9.050000E1,,
9.060000E1,,
9.070000E1,,
9.080000E1,,
9.090000E1,,
9.100000E1,-2.963525E-2,-1.153216E-1
9.110000E1,,
9.120000E1,,
9.130000E1,,
9.140000E1,,
9.150000E1,,
9.160000E1,,
9.170000E1,,
9.180000E1,,
9.190000E1,,
9.200000E1,-2.960325E-2,-1.150877E-1
9.210000E1,,
9.220000E1,,
9.230000E1,,
9.240000E1,,
9.250000E1,,
9.260000E1,,
9.270000E1,,
9.280000E1,,
9.290000E1,,
9.300000E1,-2.987650E-2,-1.146199E-1
9.310000E1,,
9.320000E1,,
9.330000E1,,
9.340000E1,,
9.350000E1,,
9.360000E1,,
9.370000E1,,
9.380000E1,,
9.390000E1,,
9.400000E1,-2.993376E-2,-1.144947E-1
9.410000E1,,
9.420000E1,,
9.430000E1,,
9.440000E1,,
9.450000E1,,
9.460000E1,,
9.470000E1,,
9.480000E1,,
9.490000E1,,
9.500000E1,-3.012634E-2,-1.143366E-1
9.510000E1,,
9.520000E1,,
9.530000E1,,
9.540000E1,,
9.550000E1,,
9.560000E1,,
9.570000E1,,
9.580000E1,,
9.590000E1,,
9.600000E1,-3.022698E-2,-1.141216E-1
9.610000E1,,
9.620000E1,,
9.630000E1,,
9.640000E1,,
9.650000E1,,
9.660000E1,,
9.670000E1,,
9.680000E1,,
9.690000E1,,
9.700000E1,-3.039974E-2,-1.139442E-1
9.710000E1,,
9.720000E1,,
9.730000E1,,
9.740000E1,,
9.750000E1,,
9.760000E1,,
9.770000E1,,
9.780000E1,,
9.790000E1,,
9.800000E1,-3.043733E-2,-1.137520E-1
9.810000E1,,
9.820000E1,,
9.830000E1,,
9.840000E1,,
9.850000E1,,
9.860000E1,,
9.870000E1,,
9.880000E1,,
9.890000E1,,
9.900000E1,-3.017544E-2,-1.135589E-1
9.910000E1,,
9.920000E1,,
9.930000E1,,
9.940000E1,,
9.950000E1,,
9.960000E1,,
9.970000E1,,
9.980000E1,,
9.990000E1,,
1.000000E2,-3.082376E-2,-1.134680E-1
1.001000E2,,
1.002000E2,,
1.003000E2,,
1.004000E2,,
1.005000E2,,
1.006000E2,,
1.007000E2,,
1.008000E2,,
1.009000E2,,
1.010000E2,-3.084711E-2,-1.132651E-1
1.011000E2,,
1.012000E2,,
1.013000E2,,
1.014000E2,,
1.015000E2,,
1.016000E2,,
1.017000E2,,
1.018000E2,,
1.019000E2,,
1.020000E2,-3.091931E-2,-1.131645E-1
1.021000E2,,
1.022000E2,,
1.023000E2,,
1.024000E2,,
1.025000E2,,
1.026000E2,,
1.027000E2,,
1.028000E2,,
1.029000E2,,
1.030000E2,-3.097049E-2,-1.129410E-1
1.031000E2,,
1.032000E2,,
1.033000E2,,
1.034000E2,,
1.035000E2,,
1.036000E2,,
1.037000E2,,
1.038000E2,,
1.039000E2,,
1.040000E2,-3.121538E-2,-1.127347E-1
1.041000E2,,
1.042000E2,,
1.043000E2,,
1.044000E2,,
1.045000E2,,
1.046000E2,,
1.047000E2,,
1.048000E2,,
1.049000E2,,
1.050000E2,-3.131432E-2,-1.126127E-1
1.051000E2,,
1.052000E2,,
1.053000E2,,
1.054000E2,,
1.055000E2,,
1.056000E2,,
1.057000E2,,
1.058000E2,,
1.059000E2,,
1.060000E2,-3.135171E-2,-1.123836E-1
1.061000E2,,
1.062000E2,,
1.063000E2,,
1.064000E2,,
1.065000E2,,
1.066000E2,,
1.067000E2,,
1.068000E2,,
1.069000E2,,
1.070000E2,-3.139703E-2,-1.121568E-1
1.071000E2,,
1.072000E2,,
1.073000E2,,
1.074000E2,,
1.075000E2,,
1.076000E2,,
1.077000E2,,
1.078000E2,,
1.079000E2,,
1.080000E2,-3.146821E-2,-1.119937E-1
1.081000E2,,
1.082000E2,,
1.083000E2,,
1.084000E2,,
1.085000E2,,
1.086000E2,,
1.087000E2,,
1.088000E2,,
1.089000E2,,
1.090000E2,-3.174561E-2,-1.118510E-1
1.091000E2,,
1.092000E2,,
1.093000E2,,
1.094000E2,,
1.095000E2,,
1.096000E2,,
1.097000E2,,
1.098000E2,,
1.099000E2,,
1.100000E2,-3.178166E-2,-1.116847E-1
1.101000E2,,
1.102000E2,,
1.103000E2,,
1.104000E2,,
1.105000E2,,
1.106000E2,,
1.107000E2,,
1.108000E2,,
1.109000E2,,
1.110000E2,-3.181087E-2,-1.114736E-1
1.111000E2,,
1.112000E2,,
1.113000E2,,
1.114000E2,,
1.115000E2,,
1.116000E2,,
1.117000E2,,
1.118000E2,,
1.119000E2,,
1.120000E2,-3.186068E-2,-1.113771E-1
1.121000E2,,
1.122000E2,,
1.123000E2,,
1.124000E2,,
1.125000E2,,
1.126000E2,,
1.127000E2,,
1.128000E2,,
1.129000E2,,
1.130000E2,-3.189599E-2,-1.112672E-1
1.131000E2,,
1.132000E2,,
1.133000E2,,
1.134000E2,,
1.135000E2,,
1.136000E2,,
1.137000E2,,
1.138000E2,,
1.139000E2,,
1.140000E2,-3.208007E-2,-1.110590E-1
1.141000E2,,
1.142000E2,,
1.143000E2,,
1.144000E2,,
1.145000E2,,
1.146000E2,,
1.147000E2,,
1.148000E2,,
1.149000E2,,
1.150000E2,-3.229061E-2,-1.108223E-1
1.151000E2,,
1.152000E2,,
1.153000E2,,
1.154000E2,,
1.155000E2,,
1.156000E2,,
1.157000E2,,
1.158000E2,,
1.159000E2,,
1.160000E2,-3.232661E-2,-1.107146E-1
1.161000E2,,
1.162000E2,,
1.163000E2,,
1.164000E2,,
1.165000E2,,
1.166000E2,,
1.167000E2,,
1.168000E2,,
1.169000E2,,
1.170000E2,-3.238641E-2,-1.105662E-1
1.171000E2,,
1.172000E2,,
1.173000E2,,
1.174000E2,,
1.175000E2,,
1.176000E2,,
1.177000E2,,
1.178000E2,,
1.179000E2,,
1.180000E2,-3.253140E-2,-1.103881E-1
1.181000E2,,
1.182000E2,,
1.183000E2,,
1.184000E2,,
1.185000E2,,
1.186000E2,,
1.187000E2,,
1.188000E2,,
1.189000E2,,
1.190000E2,-3.262393E-2,-1.101759E-1
1.191000E2,,
1.192000E2,,
1.193000E2,,
1.194000E2,,
1.195000E2,,
1.196000E2,,
1.197000E2,,
1.198000E2,,
1.199000E2,,
1.200000E2,-3.272378E-2,-1.100668E-1
1.201000E2,,
1.202000E2,,
1.203000E2,,
1.204000E2,,
1.205000E2,,
1.206000E2,,
1.207000E2,,
1.208000E2,,
1.209000E2,,
1.210000E2,-3.277097E-2,-1.099149E-1
1.211000E2,,
1.212000E2,,
1.213000E2,,
1.214000E2,,
1.215000E2,,
1.216000E2,,
1.217000E2,,
1.218000E2,,
1.219000E2,,
1.220000E2,-3.278747E-2,-1.097582E-1
1.221000E2,,
1.222000E2,,
1.223000E2,,
1.224000E2,,
1.225000E2,,
1.226000E2,,
1.227000E2,,
1.228000E2,,
1.229000E2,,
1.230000E2,-3.279850E-2,-1.095775E-1
1.231000E2,,
1.232000E2,,
1.233000E2,,
1.234000E2,,
1.235000E2,,
1.236000E2,,
1.237000E2,,
1.238000E2,,
1.239000E2,,
1.240000E2,-3.284849E-2,-1.094262E-1
1.241000E2,,
1.242000E2,,
1.243000E2,,
1.244000E2,,
1.245000E2,,
1.246000E2,,
1.247000E2,,
1.248000E2,,
1.249000E2,,
1.250000E2,-3.298031E-2,-1.092692E-1
1.251000E2,,
1.252000E2,,
1.253000E2,,
1.254000E2,,
1.255000E2,,
1.256000E2,,
1.257000E2,,
1.258000E2,,
1.259000E2,,
1.260000E2,-3.310221E-2,-1.091745E-1
1.261000E2,,
1.262000E2,,
1.263000E2,,
1.264000E2,,
1.265000E2,,
1.266000E2,,
1.267000E2,,
1.268000E2,,
1.269000E2,,
1.270000E2,-3.321756E-2,-1.089799E-1
1.271000E2,,
1.272000E2,,
1.273000E2,,
1.274000E2,,
1.275000E2,,
1.276000E2,,
1.277000E2,,
1.278000E2,,
1.279000E2,,
1.280000E2,-3.322541E-2,-1.088237E-1
1.281000E2,,
1.282000E2,,
1.283000E2,,
1.284000E2,,
1.285000E2,,
1.286000E2,,
1.287000E2,,
1.288000E2,,
1.289000E2,,
1.290000E2,-3.364065E-2,-1.088007E-1
1.291000E2,,
1.292000E2,,
1.293000E2,,
1.294000E2,,
1.295000E2,,
1.296000E2,,
1.297000E2,,
1.298000E2,,
1.299000E2,,
1.300000E2,-3.319267E-2,-1.085873E-1
1.301000E2,,
1.302000E2,,
1.303000E2,,
1.304000E2,,
1.305000E2,,
1.306000E2,,
1.307000E2,,
1.308000E2,,
1.309000E2,,
1.310000E2,-3.327232E-2,-1.083838E-1
1.311000E2,,
1.312000E2,,
1.313000E2,,
1.314000E2,,
1.315000E2,,
1.316000E2,,
1.317000E2,,
1.318000E2,,
1.319000E2,,
1.320000E2,-3.298246E-2,-1.082989E-1
1.321000E2,,
1.322000E2,,
1.323000E2,,
1.324000E2,,
1.325000E2,,
1.326000E2,,
1.327000E2,,
1.328000E2,,
1.329000E2,,
1.330000E2,-3.345423E-2,-1.080943E-1
1.331000E2,,
1.332000E2,,
1.333000E2,,
1.334000E2,,
1.335000E2,,
1.336000E2,,
1.337000E2,,
1.338000E2,,
1.339000E2,,
1.340000E2,-3.359297E-2,-1.079903E-1
1.341000E2,,
1.342000E2,,
1.343000E2,,
1.344000E2,,
1.345000E2,,
1.346000E2,,
1.347000E2,,
1.348000E2,,
1.349000E2,,
1.350000E2,-3.364002E-2,-1.077769E-1
1.351000E2,,
1.352000E2,,
1.353000E2,,
1.354000E2,,
1.355000E2,,
1.356000E2,,
1.357000E2,,
1.358000E2,,
1.359000E2,,
1.360000E2,-3.367457E-2,-1.076175E-1
1.361000E2,,
1.362000E2,,
1.363000E2,,
1.364000E2,,
1.365000E2,,
1.366000E2,,
1.367000E2,,
1.368000E2,,
1.369000E2,,
1.370000E2,-3.373579E-2,-1.074306E-1
1.371000E2,,
1.372000E2,,
1.373000E2,,
1.374000E2,,
1.375000E2,,
1.376000E2,,
1.377000E2,,
1.378000E2,,
1.379000E2,,
1.380000E2,-3.374321E-2,-1.072612E-1
1.381000E2,,
1.382000E2,,
1.383000E2,,
1.384000E2,,
1.385000E2,,
1.386000E2,,
1.387000E2,,
1.388000E2,,
1.389000E2,,
1.390000E2,-3.395539E-2,-1.071859E-1
1.391000E2,,
1.392000E2,,
1.393000E2,,
1.394000E2,,
1.395000E2,,
1.396000E2,,
1.397000E2,,
1.398000E2,,
1.399000E2,,
1.400000E2,-3.409258E-2,-1.069392E-1
1.401000E2,,
1.402000E2,,
1.403000E2,,
1.404000E2,,
1.405000E2,,
1.406000E2,,
1.407000E2,,
1.408000E2,,
1.409000E2,,
1.410000E2,-3.417068E-2,-1.068848E-1
1.411000E2,,
1.412000E2,,
1.413000E2,,
1.414000E2,,
1.415000E2,,
1.416000E2,,
1.417000E2,,
1.418000E2,,
1.419000E2,,
1.420000E2,-3.424163E-2,-1.066948E-1
1.421000E2,,
1.422000E2,,
1.423000E2,,
1.424000E2,,
1.425000E2,,
1.426000E2,,
1.427000E2,,
1.428000E2,,
1.429000E2,,
1.430000E2,-3.430853E-2,-1.064986E-1
1.431000E2,,
1.432000E2,,
1.433000E2,,
1.434000E2,,
1.435000E2,,
1.436000E2,,
1.437000E2,,
1.438000E2,,
1.439000E2,,
1.440000E2,-3.429759E-2,-1.064217E-1
1.441000E2,,
1.442000E2,,
1.443000E2,,
1.444000E2,,
1.445000E2,,
1.446000E2,,
1.447000E2,,
1.448000E2,,
1.449000E2,,
1.450000E2,-3.430253E-2,-1.062035E-1
1.451000E2,,
1.452000E2,,
1.453000E2,,
1.454000E2,,
1.455000E2,,
1.456000E2,,
1.457000E2,,
1.458000E2,,
1.459000E2,,
1.460000E2,-3.438513E-2,-1.058660E-1
1.461000E2,,
1.462000E2,,
1.463000E2,,
1.464000E2,,
1.465000E2,,
1.466000E2,,
1.467000E2,,
1.468000E2,,
1.469000E2,,
1.470000E2,-3.434508E-2,-1.058168E-1
1.471000E2,,
1.472000E2,,
1.473000E2,,
1.474000E2,,
1.475000E2,,
1.476000E2,,
1.477000E2,,
1.478000E2,,
1.479000E2,,
1.480000E2,-3.442139E-2,-1.056540E-1
1.481000E2,,
1.482000E2,,
1.483000E2,,
1.484000E2,,
1.485000E2,,
1.486000E2,,
1.487000E2,,
1.488000E2,,
1.489000E2,,
1.490000E2,-3.452238E-2,-1.053614E-1
1.491000E2,,
1.492000E2,,
1.493000E2,,
1.494000E2,,
1.495000E2,,
1.496000E2,,
1.497000E2,,
1.498000E2,,
1.499000E2,,
1.500000E2,-3.458122E-2,-1.052955E-1
1.501000E2,,
1.502000E2,,
1.503000E2,,
1.504000E2,,
1.505000E2,,
1.506000E2,,
1.507000E2,,
1.508000E2,,
1.509000E2,,
1.510000E2,-3.461456E-2,-1.050714E-1
1.511000E2,,
1.512000E2,,
1.513000E2,,
1.514000E2,,
1.515000E2,,
1.516000E2,,
1.517000E2,,
1.518000E2,,
1.519000E2,,
1.520000E2,-3.464786E-2,-1.048469E-1
1.521000E2,,
1.522000E2,,
1.523000E2,,
1.524000E2,,
1.525000E2,,
1.526000E2,,
1.527000E2,,
1.528000E2,,
1.529000E2,,
1.530000E2,-3.469716E-2,-1.047669E-1
1.531000E2,,
1.532000E2,,
1.533000E2,,
1.534000E2,,
1.535000E2,,
1.536000E2,,
1.537000E2,,
1.538000E2,,
1.539000E2,,
1.540000E2,-3.469007E-2,-1.045560E-1
1.541000E2,,
1.542000E2,,
1.543000E2,,
1.544000E2,,
1.545000E2,,
1.546000E2,,
1.547000E2,,
1.548000E2,,
1.549000E2,,
1.550000E2,-3.470905E-2,-1.043404E-1
1.551000E2,,
1.552000E2,,
1.553000E2,,
1.554000E2,,
1.555000E2,,
1.556000E2,,
1.557000E2,,
1.558000E2,,
1.559000E2,,
1.560000E2,-3.482149E-2,-1.042607E-1
1.561000E2,,
1.562000E2,,
1.563000E2,,
1.564000E2,,
1.565000E2,,
1.566000E2,,
1.567000E2,,
1.568000E2,,
1.569000E2,,
1.570000E2,-3.490086E-2,-1.039929E-1
1.571000E2,,
1.572000E2,,
1.573000E2,,
1.574000E2,,
1.575000E2,,
1.576000E2,,
1.577000E2,,
1.578000E2,,
1.579000E2,,
1.580000E2,-3.498436E-2,-1.037540E-1
1.581000E2,,
1.582000E2,,
1.583000E2,,
1.584000E2,,
1.585000E2,,
1.586000E2,,
1.587000E2,,
1.588000E2,,
1.589000E2,,
1.590000E2,-3.506135E-2,-1.035418E-1
1.591000E2,,
1.592000E2,,
1.593000E2,,
1.594000E2,,
1.595000E2,,
1.596000E2,,
1.597000E2,,
1.598000E2,,
1.599000E2,,
1.600000E2,-3.517977E-2,-1.033388E-1
1.601000E2,,
1.602000E2,,
1.603000E2,,
1.604000E2,,
1.605000E2,,
1.606000E2,,
1.607000E2,,
1.608000E2,,
1.609000E2,,
1.610000E2,-3.518389E-2,-1.032296E-1
1.611000E2,,
1.612000E2,,
1.613000E2,,
1.614000E2,,
1.615000E2,,
1.616000E2,,
1.617000E2,,
1.618000E2,,
1.619000E2,,
1.620000E2,-3.527344E-2,-1.031806E-1
1.621000E2,,
1.622000E2,,
1.623000E2,,
1.624000E2,,
1.625000E2,,
1.626000E2,,
1.627000E2,,
1.628000E2,,
1.629000E2,,
1.630000E2,-3.532164E-2,-1.029793E-1
1.631000E2,,
1.632000E2,,
1.633000E2,,
1.634000E2,,
1.635000E2,,
1.636000E2,,
1.637000E2,,
1.638000E2,,
1.639000E2,,
1.640000E2,-3.542911E-2,-1.028742E-1
1.641000E2,,
1.642000E2,,
1.643000E2,,
1.644000E2,,
1.645000E2,,
1.646000E2,,
1.647000E2,,
1.648000E2,,
1.649000E2,,
1.650000E2,-3.548764E-2,-1.026964E-1
1.651000E2,,
1.652000E2,,
1.653000E2,,
1.654000E2,,
1.655000E2,,
1.656000E2,,
1.657000E2,,
1.658000E2,,
1.659000E2,,
1.660000E2,-3.552933E-2,-1.026020E-1
1.661000E2,,
1.662000E2,,
1.663000E2,,
1.664000E2,,
1.665000E2,,
1.666000E2,,
1.667000E2,,
1.668000E2,,
1.669000E2,,
1.670000E2,-3.554419E-2,-1.023787E-1
1.671000E2,,
1.672000E2,,
1.673000E2,,
1.674000E2,,
1.675000E2,,
1.676000E2,,
1.677000E2,,
1.678000E2,,
1.679000E2,,
1.680000E2,-3.554949E-2,-1.022580E-1
1.681000E2,,
1.682000E2,,
1.683000E2,,
1.684000E2,,
1.685000E2,,
1.686000E2,,
1.687000E2,,
1.688000E2,,
1.689000E2,,
1.690000E2,-3.556348E-2,-1.021423E-1
1.691000E2,,
1.692000E2,,
1.693000E2,,
1.694000E2,,
1.695000E2,,
1.696000E2,,
1.697000E2,,
1.698000E2,,
1.699000E2,,
1.700000E2,-3.557477E-2,-1.019190E-1
1.701000E2,,
1.702000E2,,
1.703000E2,,
1.704000E2,,
1.705000E2,,
1.706000E2,,
1.707000E2,,
1.708000E2,,
1.709000E2,,
1.710000E2,-3.557486E-2,-1.016796E-1
1.711000E2,,
1.712000E2,,
1.713000E2,,
1.714000E2,,
1.715000E2,,
1.716000E2,,
1.717000E2,,
1.718000E2,,
1.719000E2,,
1.720000E2,-3.564987E-2,-1.014677E-1
1.721000E2,,
1.722000E2,,
1.723000E2,,
1.724000E2,,
1.725000E2,,
1.726000E2,,
1.727000E2,,
1.728000E2,,
1.729000E2,,
1.730000E2,-3.569872E-2,-1.013102E-1
1.731000E2,,
1.732000E2,,
1.733000E2,,
1.734000E2,,
1.735000E2,,
1.736000E2,,
1.737000E2,,
1.738000E2,,
1.739000E2,,
1.740000E2,-3.578672E-2,-1.011614E-1
1.741000E2,,
1.742000E2,,
1.743000E2,,
1.744000E2,,
1.745000E2,,
1.746000E2,,
1.747000E2,,
1.748000E2,,
1.749000E2,,
1.750000E2,-3.574889E-2,-1.010035E-1
1.751000E2,,
1.752000E2,,
1.753000E2,,
1.754000E2,,
1.755000E2,,
1.756000E2,,
1.757000E2,,
1.758000E2,,
1.759000E2,,
1.760000E2,-3.572096E-2,-1.008592E-1
1.761000E2,,
1.762000E2,,
1.763000E2,,
1.764000E2,,
1.765000E2,,
1.766000E2,,
1.767000E2,,
1.768000E2,,
1.769000E2,,
1.770000E2,-3.569912E-2,-1.006564E-1
1.771000E2,,
1.772000E2,,
1.773000E2,,
1.774000E2,,
1.775000E2,,
1.776000E2,,
1.777000E2,,
1.778000E2,,
1.779000E2,,
1.780000E2,-3.555556E-2,-1.005321E-1
1.781000E2,,
1.782000E2,,
1.783000E2,,
1.784000E2,,
1.785000E2,,
1.786000E2,,
1.787000E2,,
1.788000E2,,
1.789000E2,,
1.790000E2,-3.588330E-2,-1.003489E-1
1.791000E2,,
1.792000E2,,
1.793000E2,,
1.794000E2,,
1.795000E2,,
1.796000E2,,
1.797000E2,,
1.798000E2,,
1.799000E2,,
1.800000E2,-3.595326E-2,-1.000897E-1
1.801000E2,,
1.802000E2,,
1.803000E2,,
1.804000E2,,
1.805000E2,,
1.806000E2,,
1.807000E2,,
1.808000E2,,
1.809000E2,,
1.810000E2,-3.597605E-2,-9.994721E-2
1.811000E2,,
1.812000E2,,
1.813000E2,,
1.814000E2,,
1.815000E2,,
1.816000E2,,
1.817000E2,,
1.818000E2,,
1.819000E2,,
1.820000E2,-3.602502E-2,-9.984937E-2
1.821000E2,,
1.822000E2,,
1.823000E2,,
1.824000E2,,
1.825000E2,,
1.826000E2,,
1.827000E2,,
1.828000E2,,
1.829000E2,,
1.830000E2,-3.611445E-2,-9.960086E-2
1.831000E2,,
1.832000E2,,
1.833000E2,,
1.834000E2,,
1.835000E2,,
1.836000E2,,
1.837000E2,,
1.838000E2,,
1.839000E2,,
1.840000E2,-3.578947E-2,-9.936335E-2
1.841000E2,,
1.842000E2,,
1.843000E2,,
1.844000E2,,
1.845000E2,,
1.846000E2,,
1.847000E2,,
1.848000E2,,
1.849000E2,,
1.850000E2,-3.586321E-2,-9.908199E-2
1.851000E2,,
1.852000E2,,
1.853000E2,,
1.854000E2,,
1.855000E2,,
1.856000E2,,
1.857000E2,,
1.858000E2,,
1.859000E2,,
1.860000E2,-3.591588E-2,-9.905792E-2
1.861000E2,,
1.862000E2,,
1.863000E2,,
1.864000E2,,
1.865000E2,,
1.866000E2,,
1.867000E2,,
1.868000E2,,
1.869000E2,,
1.870000E2,-3.590936E-2,-9.884346E-2
1.871000E2,,
1.872000E2,,
1.873000E2,,
1.874000E2,,
1.875000E2,,
1.876000E2,,
1.877000E2,,
1.878000E2,,
1.879000E2,,
1.880000E2,-3.588597E-2,-9.864941E-2
1.881000E2,,
1.882000E2,,
1.883000E2,,
1.884000E2,,
1.885000E2,,
1.886000E2,,
1.887000E2,,
1.888000E2,,
1.889000E2,,
1.890000E2,-3.587636E-2,-9.857020E-2
1.891000E2,,
1.892000E2,,
1.893000E2,,
1.894000E2,,
1.895000E2,,
1.896000E2,,
1.897000E2,,
1.898000E2,,
1.899000E2,,
1.900000E2,-3.587878E-2,-9.831666E-2
1.901000E2,,
1.902000E2,,
1.903000E2,,
1.904000E2,,
1.905000E2,,
1.906000E2,,
1.907000E2,,
1.908000E2,,
1.909000E2,,
1.910000E2,-3.591842E-2,-9.821956E-2
1.911000E2,,
1.912000E2,,
1.913000E2,,
1.914000E2,,
1.915000E2,,
1.916000E2,,
1.917000E2,,
1.918000E2,,
1.919000E2,,
1.920000E2,-3.592902E-2,-9.801976E-2
1.921000E2,,
1.922000E2,,
1.923000E2,,
1.924000E2,,
1.925000E2,,
1.926000E2,,
1.927000E2,,
1.928000E2,,
1.929000E2,,
1.930000E2,-3.590692E-2,-9.787082E-2
1.931000E2,,
1.932000E2,,
1.933000E2,,
1.934000E2,,
1.935000E2,,
1.936000E2,,
1.937000E2,,
1.938000E2,,
1.939000E2,,
1.940000E2,-3.590270E-2,-9.780184E-2
1.941000E2,,
1.942000E2,,
1.943000E2,,
1.944000E2,,
1.945000E2,,
1.946000E2,,
1.947000E2,,
1.948000E2,,
1.949000E2,,
1.950000E2,-3.591516E-2,-9.750835E-2
1.951000E2,,
1.952000E2,,
1.953000E2,,
1.954000E2,,
1.955000E2,,
1.956000E2,,
1.957000E2,,
1.958000E2,,
1.959000E2,,
1.960000E2,-3.594351E-2,-9.727092E-2
1.961000E2,,
1.962000E2,,
1.963000E2,,
1.964000E2,,
1.965000E2,,
1.966000E2,,
1.967000E2,,
1.968000E2,,
1.969000E2,,
1.970000E2,-3.605674E-2,-9.710700E-2
1.971000E2,,
1.972000E2,,
1.973000E2,,
1.974000E2,,
1.975000E2,,
1.976000E2,,
1.977000E2,,
1.978000E2,,
1.979000E2,,
1.980000E2,-3.619917E-2,-9.698010E-2
1.981000E2,,
1.982000E2,,
1.983000E2,,
1.984000E2,,
1.985000E2,,
1.986000E2,,
1.987000E2,,
1.988000E2,,
1.989000E2,,
1.990000E2,-3.624827E-2,-9.682413E-2
1.991000E2,,
1.992000E2,,
1.993000E2,,
1.994000E2,,
1.995000E2,,
1.996000E2,,
1.997000E2,,
1.998000E2,,
1.999000E2,,
2.000000E2,-3.630978E-2,-9.668248E-2
2.001000E2,,
2.002000E2,,
2.003000E2,,
2.004000E2,,
2.005000E2,,
2.006000E2,,
2.007000E2,,
2.008000E2,,
2.009000E2,,
2.010000E2,-3.633562E-2,-9.653670E-2
2.011000E2,,
2.012000E2,,
2.013000E2,,
2.014000E2,,
2.015000E2,,
2.016000E2,,
2.017000E2,,
2.018000E2,,
2.019000E2,,
2.020000E2,-3.634296E-2,-9.629829E-2
2.021000E2,,
2.022000E2,,
2.023000E2,,
2.024000E2,,
2.025000E2,,
2.026000E2,,
2.027000E2,,
2.028000E2,,
2.029000E2,,
2.030000E2,-3.634620E-2,-9.618788E-2
2.031000E2,,
2.032000E2,,
2.033000E2,,
2.034000E2,,
2.035000E2,,
2.036000E2,,
2.037000E2,,
2.038000E2,,
2.039000E2,,
2.040000E2,-3.634833E-2,-9.602861E-2
2.041000E2,,
2.042000E2,,
2.043000E2,,
2.044000E2,,
2.045000E2,,
2.046000E2,,
2.047000E2,,
2.048000E2,,
2.049000E2,,
2.050000E2,-3.635874E-2,-9.588195E-2
2.051000E2,,
2.052000E2,,
2.053000E2,,
2.054000E2,,
2.055000E2,,
2.056000E2,,
2.057000E2,,
2.058000E2,,
2.059000E2,,
2.060000E2,-3.638146E-2,-9.578825E-2
2.061000E2,,
2.062000E2,,
2.063000E2,,
2.064000E2,,
2.065000E2,,
2.066000E2,,
2.067000E2,,
2.068000E2,,
2.069000E2,,
2.070000E2,-3.645066E-2,-9.557465E-2
2.071000E2,,
2.072000E2,,
2.073000E2,,
2.074000E2,,
2.075000E2,,
2.076000E2,,
2.077000E2,,
2.078000E2,,
2.079000E2,,
2.080000E2,-3.651545E-2,-9.539696E-2
2.081000E2,,
2.082000E2,,
2.083000E2,,
2.084000E2,,
2.085000E2,,
2.086000E2,,
2.087000E2,,
2.088000E2,,
2.089000E2,,
2.090000E2,-3.657952E-2,-9.524381E-2
2.091000E2,,
2.092000E2,,
2.093000E2,,
2.094000E2,,
2.095000E2,,
2.096000E2,,
2.097000E2,,
2.098000E2,,
2.099000E2,,
2.100000E2,-3.671348E-2,-9.506568E-2
2.101000E2,,
2.102000E2,,
2.103000E2,,
2.104000E2,,
2.105000E2,,
2.106000E2,,
2.107000E2,,
2.108000E2,,
2.109000E2,,
2.110000E2,-3.675127E-2,-9.488769E-2
2.111000E2,,
2.112000E2,,
2.113000E2,,
2.114000E2,,
2.115000E2,,
2.116000E2,,
2.117000E2,,
2.118000E2,,
2.119000E2,,
2.120000E2,-3.675362E-2,-9.482174E-2
2.121000E2,,
2.122000E2,,
2.123000E2,,
2.124000E2,,
2.125000E2,,
2.126000E2,,
2.127000E2,,
2.128000E2,,
2.129000E2,,
2.130000E2,-3.676402E-2,-9.464804E-2
2.131000E2,,
2.132000E2,,
2.133000E2,,
2.134000E2,,
2.135000E2,,
2.136000E2,,
2.137000E2,,
2.138000E2,,
2.139000E2,,
2.140000E2,-3.681308E-2,-9.440787E-2
2.141000E2,,
2.142000E2,,
2.143000E2,,
2.144000E2,,
2.145000E2,,
2.146000E2,,
2.147000E2,,
2.148000E2,,
2.149000E2,,
2.150000E2,-3.681487E-2,-9.424351E-2
2.151000E2,,
2.152000E2,,
2.153000E2,,
2.154000E2,,
2.155000E2,,
2.156000E2,,
2.157000E2,,
2.158000E2,,
2.159000E2,,
2.160000E2,-3.681066E-2,-9.408121E-2
2.161000E2,,
2.162000E2,,
2.163000E2,,
2.164000E2,,
2.165000E2,,
2.166000E2,,
2.167000E2,,
2.168000E2,,
2.169000E2,,
2.170000E2,-3.681309E-2,-9.395101E-2
2.171000E2,,
2.172000E2,,
2.173000E2,,
2.174000E2,,
2.175000E2,,
2.176000E2,,
2.177000E2,,
2.178000E2,,
2.179000E2,,
2.180000E2,-3.683214E-2,-9.369060E-2
2.181000E2,,
2.182000E2,,
2.183000E2,,
2.184000E2,,
2.185000E2,,
2.186000E2,,
2.187000E2,,
2.188000E2,,
2.189000E2,,
2.190000E2,-3.677622E-2,-9.349257E-2
2.191000E2,,
2.192000E2,,
2.193000E2,,
2.194000E2,,
2.195000E2,,
2.196000E2,,
2.197000E2,,
2.198000E2,,
2.199000E2,,
2.200000E2,-3.683163E-2,-9.345748E-2
2.201000E2,,
2.202000E2,,
2.203000E2,,
2.204000E2,,
2.205000E2,,
2.206000E2,,
2.207000E2,,
2.208000E2,,
2.209000E2,,
2.210000E2,-3.685693E-2,-9.329568E-2
2.211000E2,,
2.212000E2,,
2.213000E2,,
2.214000E2,,
2.215000E2,,
2.216000E2,,
2.217000E2,,
2.218000E2,,
2.219000E2,,
2.220000E2,-3.694961E-2,-9.307375E-2
2.221000E2,,
2.222000E2,,
2.223000E2,,
2.224000E2,,
2.225000E2,,
2.226000E2,,
2.227000E2,,
2.228000E2,,
2.229000E2,,
2.230000E2,-3.703892E-2,-9.289636E-2
2.231000E2,,
2.232000E2,,
2.233000E2,,
2.234000E2,,
2.235000E2,,
2.236000E2,,
2.237000E2,,
2.238000E2,,
2.239000E2,,
2.240000E2,-3.710667E-2,-9.276710E-2
2.241000E2,,
2.242000E2,,
2.243000E2,,
2.244000E2,,
2.245000E2,,
2.246000E2,,
2.247000E2,,
2.248000E2,,
2.249000E2,,
2.250000E2,-3.714918E-2,-9.260176E-2
2.251000E2,,
2.252000E2,,
2.253000E2,,
2.254000E2,,
2.255000E2,,
2.256000E2,,
2.257000E2,,
2.258000E2,,
2.259000E2,,
2.260000E2,-3.720442E-2,-9.235534E-2
2.261000E2,,
2.262000E2,,
2.263000E2,,
2.264000E2,,
2.265000E2,,
2.266000E2,,
2.267000E2,,
2.268000E2,,
2.269000E2,,
2.270000E2,-3.722915E-2,-9.216476E-2
2.271000E2,,
2.272000E2,,
2.273000E2,,
2.274000E2,,
2.275000E2,,
2.276000E2,,
2.277000E2,,
2.278000E2,,
2.279000E2,,
2.280000E2,-3.723984E-2,-9.199266E-2
2.281000E2,,
2.282000E2,,
2.283000E2,,
2.284000E2,,
2.285000E2,,
2.286000E2,,
2.287000E2,,
2.288000E2,,
2.289000E2,,
2.290000E2,-3.725169E-2,-9.191955E-2
2.291000E2,,
2.292000E2,,
2.293000E2,,
2.294000E2,,
2.295000E2,,
2.296000E2,,
2.297000E2,,
2.298000E2,,
2.299000E2,,
2.300000E2,-3.726674E-2,-9.167565E-2
2.301000E2,,
2.302000E2,,
2.303000E2,,
2.304000E2,,
2.305000E2,,
2.306000E2,,
2.307000E2,,
2.308000E2,,
2.309000E2,,
2.310000E2,-3.729245E-2,-9.162185E-2
2.311000E2,,
2.312000E2,,
2.313000E2,,
2.314000E2,,
2.315000E2,,
2.316000E2,,
2.317000E2,,
2.318000E2,,
2.319000E2,,
2.320000E2,-3.736714E-2,-9.142903E-2
2.321000E2,,
2.322000E2,,
2.323000E2,,
2.324000E2,,
2.325000E2,,
2.326000E2,,
2.327000E2,,
2.328000E2,,
2.329000E2,,
2.330000E2,-3.735364E-2,-9.118583E-2
2.331000E2,,
2.332000E2,,
2.333000E2,,
2.334000E2,,
2.335000E2,,
2.336000E2,,
2.337000E2,,
2.338000E2,,
2.339000E2,,
2.340000E2,-3.735565E-2,-9.105014E-2
2.341000E2,,
2.342000E2,,
2.343000E2,,
2.344000E2,,
2.345000E2,,
2.346000E2,,
2.347000E2,,
2.348000E2,,
2.349000E2,,
2.350000E2,-3.738532E-2,-9.107759E-2
2.351000E2,,
2.352000E2,,
2.353000E2,,
2.354000E2,,
2.355000E2,,
2.356000E2,,
2.357000E2,,
2.358000E2,,
2.359000E2,,
2.360000E2,-3.739677E-2,-9.091867E-2
2.361000E2,,
2.362000E2,,
2.363000E2,,
2.364000E2,,
2.365000E2,,
2.366000E2,,
2.367000E2,,
2.368000E2,,
2.369000E2,,
2.370000E2,-3.744193E-2,-9.062134E-2
2.371000E2,,
2.372000E2,,
2.373000E2,,
2.374000E2,,
2.375000E2,,
2.376000E2,,
2.377000E2,,
2.378000E2,,
2.379000E2,,
2.380000E2,-3.762580E-2,-9.049988E-2
2.381000E2,,
2.382000E2,,
2.383000E2,,
2.384000E2,,
2.385000E2,,
2.386000E2,,
2.387000E2,,
2.388000E2,,
2.389000E2,,
2.390000E2,-3.765494E-2,-9.031928E-2
2.391000E2,,
2.392000E2,,
2.393000E2,,
2.394000E2,,
2.395000E2,,
2.396000E2,,
2.397000E2,,
2.398000E2,,
2.399000E2,,
2.400000E2,-3.766445E-2,-9.019236E-2
2.401000E2,,
2.402000E2,,
2.403000E2,,
2.404000E2,,
2.405000E2,,
2.406000E2,,
2.407000E2,,
2.408000E2,,
2.409000E2,,
2.410000E2,-3.766919E-2,-8.998930E-2
2.411000E2,,
2.412000E2,,
2.413000E2,,
2.414000E2,,
2.415000E2,,
2.416000E2,,
2.417000E2,,
2.418000E2,,
2.419000E2,,
2.420000E2,-3.768828E-2,-8.993504E-2
2.421000E2,,
2.422000E2,,
2.423000E2,,
2.424000E2,,
2.425000E2,,
2.426000E2,,
2.427000E2,,
2.428000E2,,
2.429000E2,,
2.430000E2,-3.770513E-2,-8.965011E-2
2.431000E2,,
2.432000E2,,
2.433000E2,,
2.434000E2,,
2.435000E2,,
2.436000E2,,
2.437000E2,,
2.438000E2,,
2.439000E2,,
2.440000E2,-3.771561E-2,-8.947975E-2
2.441000E2,,
2.442000E2,,
2.443000E2,,
2.444000E2,,
2.445000E2,,
2.446000E2,,
2.447000E2,,
2.448000E2,,
2.449000E2,,
2.450000E2,-3.771124E-2,-8.933026E-2
2.451000E2,,
2.452000E2,,
2.453000E2,,
2.454000E2,,
2.455000E2,,
2.456000E2,,
2.457000E2,,
2.458000E2,,
2.459000E2,,
2.460000E2,-3.771317E-2,-8.922136E-2
2.461000E2,,
2.462000E2,,
2.463000E2,,
2.464000E2,,
2.465000E2,,
2.466000E2,,
2.467000E2,,
2.468000E2,,
2.469000E2,,
2.470000E2,-3.806187E-2,-8.915193E-2
2.471000E2,,
2.472000E2,,
2.473000E2,,
2.474000E2,,
2.475000E2,,
2.476000E2,,
2.477000E2,,
2.478000E2,,
2.479000E2,,
2.480000E2,-3.811122E-2,-8.893142E-2
2.481000E2,,
2.482000E2,,
2.483000E2,,
2.484000E2,,
2.485000E2,,
2.486000E2,,
2.487000E2,,
2.488000E2,,
2.489000E2,,
2.490000E2,-3.813596E-2,-8.880306E-2
2.491000E2,,
2.492000E2,,
2.493000E2,,
2.494000E2,,
2.495000E2,,
2.496000E2,,
2.497000E2,,
2.498000E2,,
2.499000E2,,
2.500000E2,-3.815774E-2,-8.867403E-2
2.501000E2,,
2.502000E2,,
2.503000E2,,
2.504000E2,,
2.505000E2,,
2.506000E2,,
2.507000E2,,
2.508000E2,,
2.509000E2,,
2.510000E2,-3.815739E-2,-8.847288E-2
2.511000E2,,
2.512000E2,,
2.513000E2,,
2.514000E2,,
2.515000E2,,
2.516000E2,,
2.517000E2,,
2.518000E2,,
2.519000E2,,
2.520000E2,-3.815060E-2,-8.845548E-2
2.521000E2,,
2.522000E2,,
2.523000E2,,
2.524000E2,,
2.525000E2,,
2.526000E2,,
2.527000E2,,
2.528000E2,,
2.529000E2,,
2.530000E2,-3.816496E-2,-8.811179E-2
2.531000E2,,
2.532000E2,,
2.533000E2,,
2.534000E2,,
2.535000E2,,
2.536000E2,,
2.537000E2,,
2.538000E2,,
2.539000E2,,
2.540000E2,-3.816910E-2,-8.794097E-2
2.541000E2,,
2.542000E2,,
2.543000E2,,
2.544000E2,,
2.545000E2,,
2.546000E2,,
2.547000E2,,
2.548000E2,,
2.549000E2,,
2.550000E2,-3.814469E-2,-8.781320E-2
2.551000E2,,
2.552000E2,,
2.553000E2,,
2.554000E2,,
2.555000E2,,
2.556000E2,,
2.557000E2,,
2.558000E2,,
2.559000E2,,
2.560000E2,-3.816333E-2,-8.766035E-2
2.561000E2,,
2.562000E2,,
2.563000E2,,
2.564000E2,,
2.565000E2,,
2.566000E2,,
2.567000E2,,
2.568000E2,,
2.569000E2,,
2.570000E2,-3.817259E-2,-8.749180E-2
2.571000E2,,
2.572000E2,,
2.573000E2,,
2.574000E2,,
2.575000E2,,
2.576000E2,,
2.577000E2,,
2.578000E2,,
2.579000E2,,
2.580000E2,-3.816909E-2,-8.735330E-2
2.581000E2,,
2.582000E2,,
2.583000E2,,
2.584000E2,,
2.585000E2,,
2.586000E2,,
2.587000E2,,
2.588000E2,,
2.589000E2,,
2.590000E2,-3.817538E-2,-8.720503E-2
2.591000E2,,
2.592000E2,,
2.593000E2,,
2.594000E2,,
2.595000E2,,
2.596000E2,,
2.597000E2,,
2.598000E2,,
2.599000E2,,
2.600000E2,-3.817783E-2,-8.694405E-2
2.601000E2,,
2.602000E2,,
2.603000E2,,
2.604000E2,,
2.605000E2,,
2.606000E2,,
2.607000E2,,
2.608000E2,,
2.609000E2,,
2.610000E2,-3.817355E-2,-8.681613E-2
2.611000E2,,
2.612000E2,,
2.613000E2,,
2.614000E2,,
2.615000E2,,
2.616000E2,,
2.617000E2,,
2.618000E2,,
2.619000E2,,
2.620000E2,-3.817289E-2,-8.671761E-2
2.621000E2,,
2.622000E2,,
2.623000E2,,
2.624000E2,,
2.625000E2,,
2.626000E2,,
2.627000E2,,
2.628000E2,,
2.629000E2,,
2.630000E2,-3.817052E-2,-8.657073E-2
2.631000E2,,
2.632000E2,,
2.633000E2,,
2.634000E2,,
2.635000E2,,
2.636000E2,,
2.637000E2,,
2.638000E2,,
2.639000E2,,
2.640000E2,-3.813345E-2,-8.638104E-2
2.641000E2,,
2.642000E2,,
2.643000E2,,
2.644000E2,,
2.645000E2,,
2.646000E2,,
2.647000E2,,
2.648000E2,,
2.649000E2,,
2.650000E2,-3.812654E-2,-8.625926E-2
2.651000E2,,
2.652000E2,,
2.653000E2,,
2.654000E2,,
2.655000E2,,
2.656000E2,,
2.657000E2,,
2.658000E2,,
2.659000E2,,
2.660000E2,-3.812721E-2,-8.610562E-2
2.661000E2,,
2.662000E2,,
2.663000E2,,
2.664000E2,,
2.665000E2,,
2.666000E2,,
2.667000E2,,
2.668000E2,,
2.669000E2,,
2.670000E2,-3.814070E-2,-8.600605E-2
2.671000E2,,
2.672000E2,,
2.673000E2,,
2.674000E2,,
2.675000E2,,
2.676000E2,,
2.677000E2,,
2.678000E2,,
2.679000E2,,
2.680000E2,-3.813222E-2,-8.579813E-2
2.681000E2,,
2.682000E2,,
2.683000E2,,
2.684000E2,,
2.685000E2,,
2.686000E2,,
2.687000E2,,
2.688000E2,,
2.689000E2,,
2.690000E2,-3.814171E-2,-8.561107E-2
2.691000E2,,
2.692000E2,,
2.693000E2,,
2.694000E2,,
2.695000E2,,
2.696000E2,,
2.697000E2,,
2.698000E2,,
2.699000E2,,
2.700000E2,-3.815278E-2,-8.546550E-2
2.701000E2,,
2.702000E2,,
2.703000E2,,
2.704000E2,,
2.705000E2,,
2.706000E2,,
2.707000E2,,
2.708000E2,,
2.709000E2,,
2.710000E2,-3.815543E-2,-8.525990E-2
2.711000E2,,
2.712000E2,,
2.713000E2,,
2.714000E2,,
2.715000E2,,
2.716000E2,,
2.717000E2,,
2.718000E2,,
2.719000E2,,
2.720000E2,-3.815717E-2,-8.511794E-2
2.721000E2,,
2.722000E2,,
2.723000E2,,
2.724000E2,,
2.725000E2,,
2.726000E2,,
2.727000E2,,
2.728000E2,,
2.729000E2,,
2.730000E2,-3.814583E-2,-8.488752E-2
2.731000E2,,
2.732000E2,,
2.733000E2,,
2.734000E2,,
2.735000E2,,
2.736000E2,,
2.737000E2,,
2.738000E2,,
2.739000E2,,
2.740000E2,-3.815672E-2,-8.474405E-2
2.741000E2,,
2.742000E2,,
2.743000E2,,
2.744000E2,,
2.745000E2,,
2.746000E2,,
2.747000E2,,
2.748000E2,,
2.749000E2,,
2.750000E2,-3.816412E-2,-8.461264E-2
2.751000E2,,
2.752000E2,,
2.753000E2,,
2.754000E2,,
2.755000E2,,
2.756000E2,,
2.757000E2,,
2.758000E2,,
2.759000E2,,
2.760000E2,-3.858084E-2,-8.458526E-2
2.761000E2,,
2.762000E2,,
2.763000E2,,
2.764000E2,,
2.765000E2,,
2.766000E2,,
2.767000E2,,
2.768000E2,,
2.769000E2,,
2.770000E2,-3.859752E-2,-8.431333E-2
2.771000E2,,
2.772000E2,,
2.773000E2,,
2.774000E2,,
2.775000E2,,
2.776000E2,,
2.777000E2,,
2.778000E2,,
2.779000E2,,
2.780000E2,-3.860554E-2,-8.405786E-2
2.781000E2,,
2.782000E2,,
2.783000E2,,
2.784000E2,,
2.785000E2,,
2.786000E2,,
2.787000E2,,
2.788000E2,,
2.789000E2,,
2.790000E2,-3.861795E-2,-8.401216E-2
2.791000E2,,
2.792000E2,,
2.793000E2,,
2.794000E2,,
2.795000E2,,
2.796000E2,,
2.797000E2,,
2.798000E2,,
2.799000E2,,
2.800000E2,-3.860835E-2,-8.397557E-2
2.801000E2,,
2.802000E2,,
2.803000E2,,
2.804000E2,,
2.805000E2,,
2.806000E2,,
2.807000E2,,
2.808000E2,,
2.809000E2,,
2.810000E2,-3.861186E-2,-8.372395E-2
2.811000E2,,
2.812000E2,,
2.813000E2,,
2.814000E2,,
2.815000E2,,
2.816000E2,,
2.817000E2,,
2.818000E2,,
2.819000E2,,
2.820000E2,-3.861367E-2,-8.360812E-2
2.821000E2,,
2.822000E2,,
2.823000E2,,
2.824000E2,,
2.825000E2,,
2.826000E2,,
2.827000E2,,
2.828000E2,,
2.829000E2,,
2.830000E2,-3.861551E-2,-8.351865E-2
2.831000E2,,
2.832000E2,,
2.833000E2,,
2.834000E2,,
2.835000E2,,
2.836000E2,,
2.837000E2,,
2.838000E2,,
2.839000E2,,
2.840000E2,-3.862086E-2,-8.340524E-2
2.841000E2,,
2.842000E2,,
2.843000E2,,
2.844000E2,,
2.845000E2,,
2.846000E2,,
2.847000E2,,
2.848000E2,,
2.849000E2,,
2.850000E2,-3.862032E-2,-8.328958E-2
2.851000E2,,
2.852000E2,,
2.853000E2,,
2.854000E2,,
2.855000E2,,
2.856000E2,,
2.857000E2,,
2.858000E2,,
2.859000E2,,
2.860000E2,-3.861915E-2,-8.298265E-2
2.861000E2,,
2.862000E2,,
2.863000E2,,
2.864000E2,,
2.865000E2,,
2.866000E2,,
2.867000E2,,
2.868000E2,,
2.869000E2,,
2.870000E2,-3.862538E-2,-8.285733E-2
2.871000E2,,
2.872000E2,,
2.873000E2,,
2.874000E2,,
2.875000E2,,
2.876000E2,,
2.877000E2,,
2.878000E2,,
2.879000E2,,
2.880000E2,-3.862677E-2,-8.271215E-2
2.881000E2,,
2.882000E2,,
2.883000E2,,
2.884000E2,,
2.885000E2,,
2.886000E2,,
2.887000E2,,
2.888000E2,,
2.889000E2,,
2.890000E2,-3.863008E-2,-8.261416E-2
2.891000E2,,
2.892000E2,,
2.893000E2,,
2.894000E2,,
2.895000E2,,
2.896000E2,,
2.897000E2,,
2.898000E2,,
2.899000E2,,
2.900000E2,-3.862770E-2,-8.236476E-2
2.901000E2,,
2.902000E2,,
2.903000E2,,
2.904000E2,,
2.905000E2,,
2.906000E2,,
2.907000E2,,
2.908000E2,,
2.909000E2,,
2.910000E2,-3.862637E-2,-8.229545E-2
2.911000E2,,
2.912000E2,,
2.913000E2,,
2.914000E2,,
2.915000E2,,
2.916000E2,,
2.917000E2,,
2.918000E2,,
2.919000E2,,
2.920000E2,-3.862895E-2,-8.220391E-2
2.921000E2,,
2.922000E2,,
2.923000E2,,
2.924000E2,,
2.925000E2,,
2.926000E2,,
2.927000E2,,
2.928000E2,,
2.929000E2,,
2.930000E2,-3.862718E-2,-8.196300E-2
2.931000E2,,
2.932000E2,,
2.933000E2,,
2.934000E2,,
2.935000E2,,
2.936000E2,,
2.937000E2,,
2.938000E2,,
2.939000E2,,
2.940000E2,-3.862563E-2,-8.185876E-2
2.941000E2,,
2.942000E2,,
2.943000E2,,
2.944000E2,,
2.945000E2,,
2.946000E2,,
2.947000E2,,
2.948000E2,,
2.949000E2,,
2.950000E2,-3.862479E-2,-8.166260E-2
2.951000E2,,
2.952000E2,,
2.953000E2,,
2.954000E2,,
2.955000E2,,
2.956000E2,,
2.957000E2,,
2.958000E2,,
2.959000E2,,
2.960000E2,-3.862839E-2,-8.158928E-2
2.961000E2,,
2.962000E2,,
2.963000E2,,
2.964000E2,,
2.965000E2,,
2.966000E2,,
2.967000E2,,
2.968000E2,,
2.969000E2,,
2.970000E2,-3.861604E-2,-8.140845E-2
2.971000E2,,
2.972000E2,,
2.973000E2,,
2.974000E2,,
2.975000E2,,
2.976000E2,,
2.977000E2,,
2.978000E2,,
2.979000E2,,
2.980000E2,-3.861382E-2,-8.128566E-2
2.981000E2,,
2.982000E2,,
2.983000E2,,
2.984000E2,,
2.985000E2,,
2.986000E2,,
2.987000E2,,
2.988000E2,,
2.989000E2,,
2.990000E2,-3.861019E-2,-8.113013E-2
2.991000E2,,
2.992000E2,,
2.993000E2,,
2.994000E2,,
2.995000E2,,
2.996000E2,,
2.997000E2,,
2.998000E2,,
2.999000E2,,
3.000000E2,-3.861505E-2,-8.095005E-2
3.001000E2,,
3.002000E2,,
3.003000E2,,
3.004000E2,,
3.005000E2,,
3.006000E2,,
3.007000E2,,
3.008000E2,,
3.009000E2,,
3.010000E2,-3.861973E-2,-8.083499E-2
3.011000E2,,
3.012000E2,,
3.013000E2,,
3.014000E2,,
3.015000E2,,
3.016000E2,,
3.017000E2,,
3.018000E2,,
3.019000E2,,
3.020000E2,-3.862133E-2,-8.078777E-2
3.021000E2,,
3.022000E2,,
3.023000E2,,
3.024000E2,,
3.025000E2,,
3.026000E2,,
3.027000E2,,
3.028000E2,,
3.029000E2,,
3.030000E2,-3.862042E-2,-8.059512E-2
3.031000E2,,
3.032000E2,,
3.033000E2,,
3.034000E2,,
3.035000E2,,
3.036000E2,,
3.037000E2,,
3.038000E2,,
3.039000E2,,
3.040000E2,-3.859723E-2,-8.048029E-2
3.041000E2,,
3.042000E2,,
3.043000E2,,
3.044000E2,,
3.045000E2,,
3.046000E2,,
3.047000E2,,
3.048000E2,,
3.049000E2,,
3.050000E2,-3.860917E-2,-8.022442E-2
3.051000E2,,
3.052000E2,,
3.053000E2,,
3.054000E2,,
3.055000E2,,
3.056000E2,,
3.057000E2,,
3.058000E2,,
3.059000E2,,
3.060000E2,-3.861178E-2,-7.997952E-2
3.061000E2,,
3.062000E2,,
3.063000E2,,
3.064000E2,,
3.065000E2,,
3.066000E2,,
3.067000E2,,
3.068000E2,,
3.069000E2,,
3.070000E2,-3.862621E-2,-7.973338E-2
3.071000E2,,
3.072000E2,,
3.073000E2,,
3.074000E2,,
3.075000E2,,
3.076000E2,,
3.077000E2,,
3.078000E2,,
3.079000E2,,
3.080000E2,-3.862601E-2,-7.958122E-2
3.081000E2,,
3.082000E2,,
3.083000E2,,
3.084000E2,,
3.085000E2,,
3.086000E2,,
3.087000E2,,
3.088000E2,,
3.089000E2,,
3.090000E2,-3.862281E-2,-7.906433E-2
3.091000E2,,
3.092000E2,,
3.093000E2,,
3.094000E2,,
3.095000E2,,
3.096000E2,,
3.097000E2,,
3.098000E2,,
3.099000E2,,
3.100000E2,-3.861428E-2,-7.906433E-2
3.101000E2,,
3.102000E2,,
3.103000E2,,
3.104000E2,,
3.105000E2,,
3.106000E2,,
3.107000E2,,
3.108000E2,,
3.109000E2,,
3.110000E2,-3.858472E-2,-7.896510E-2
3.111000E2,,
3.112000E2,,
3.113000E2,,
3.114000E2,,
3.115000E2,,
3.116000E2,,
3.117000E2,,
3.118000E2,,
3.119000E2,,
3.120000E2,-3.862717E-2,-7.888909E-2
3.121000E2,,
3.122000E2,,
3.123000E2,,
3.124000E2,,
3.125000E2,,
3.126000E2,,
3.127000E2,,
3.128000E2,,
3.129000E2,,
3.130000E2,-3.862230E-2,-7.895231E-2
3.131000E2,,
3.132000E2,,
3.133000E2,,
3.134000E2,,
3.135000E2,,
3.136000E2,,
3.137000E2,,
3.138000E2,,
3.139000E2,,
3.140000E2,-3.861965E-2,-7.878641E-2
3.141000E2,,
3.142000E2,,
3.143000E2,,
3.144000E2,,
3.145000E2,,
3.146000E2,,
3.147000E2,,
3.148000E2,,
3.149000E2,,
3.150000E2,-3.861822E-2,-7.856904E-2
3.151000E2,,
3.152000E2,,
3.153000E2,,
3.154000E2,,
3.155000E2,,
3.156000E2,,
3.157000E2,,
3.158000E2,,
3.159000E2,,
3.160000E2,-3.861582E-2,-7.836643E-2
3.161000E2,,
3.162000E2,,
3.163000E2,,
3.164000E2,,
3.165000E2,,
3.166000E2,,
3.167000E2,,
3.168000E2,,
3.169000E2,,
3.170000E2,-3.863928E-2,-7.830886E-2
3.171000E2,,
3.172000E2,,
3.173000E2,,
3.174000E2,,
3.175000E2,,
3.176000E2,,
3.177000E2,,
3.178000E2,,
3.179000E2,,
3.180000E2,-3.863846E-2,-7.806815E-2
3.181000E2,,
3.182000E2,,
3.183000E2,,
3.184000E2,,
3.185000E2,,
3.186000E2,,
3.187000E2,,
3.188000E2,,
3.189000E2,,
3.190000E2,-3.864224E-2,-7.791693E-2
3.191000E2,,
3.192000E2,,
3.193000E2,,
3.194000E2,,
3.195000E2,,
3.196000E2,,
3.197000E2,,
3.198000E2,,
3.199000E2,,
3.200000E2,-3.864231E-2,-7.777653E-2
3.201000E2,,
3.202000E2,,
3.203000E2,,
3.204000E2,,
3.205000E2,,
3.206000E2,,
3.207000E2,,
3.208000E2,,
3.209000E2,,
3.210000E2,-3.864093E-2,-7.736725E-2
3.211000E2,,
3.212000E2,,
3.213000E2,,
3.214000E2,,
3.215000E2,,
3.216000E2,,
3.217000E2,,
3.218000E2,,
3.219000E2,,
3.220000E2,-3.864133E-2,-7.751954E-2
3.221000E2,,
3.222000E2,,
3.223000E2,,
3.224000E2,,
3.225000E2,,
3.226000E2,,
3.227000E2,,
3.228000E2,,
3.229000E2,,
3.230000E2,-3.865755E-2,-7.742639E-2
3.231000E2,,
3.232000E2,,
3.233000E2,,
3.234000E2,,
3.235000E2,,
3.236000E2,,
3.237000E2,,
3.238000E2,,
3.239000E2,,
3.240000E2,-3.866048E-2,-7.726688E-2
3.241000E2,,
3.242000E2,,
3.243000E2,,
3.244000E2,,
3.245000E2,,
3.246000E2,,
3.247000E2,,
3.248000E2,,
3.249000E2,,
3.250000E2,-3.866298E-2,-7.710219E-2
3.251000E2,,
3.252000E2,,
3.253000E2,,
3.254000E2,,
3.255000E2,,
3.256000E2,,
3.257000E2,,
3.258000E2,,
3.259000E2,,
3.260000E2,-3.881471E-2,-7.705247E-2
3.261000E2,,
3.262000E2,,
3.263000E2,,
3.264000E2,,
3.265000E2,,
3.266000E2,,
3.267000E2,,
3.268000E2,,
3.269000E2,,
3.270000E2,-3.873831E-2,-7.693897E-2
3.271000E2,,
3.272000E2,,
3.273000E2,,
3.274000E2,,
3.275000E2,,
3.276000E2,,
3.277000E2,,
3.278000E2,,
3.279000E2,,
3.280000E2,-3.870629E-2,-7.677450E-2
3.281000E2,,
3.282000E2,,
3.283000E2,,
3.284000E2,,
3.285000E2,,
3.286000E2,,
3.287000E2,,
3.288000E2,,
3.289000E2,,
3.290000E2,-3.870237E-2,-7.662969E-2
3.291000E2,,
3.292000E2,,
3.293000E2,,
3.294000E2,,
3.295000E2,,
3.296000E2,,
3.297000E2,,
3.298000E2,,
3.299000E2,,
3.300000E2,-3.869562E-2,-7.649837E-2
3.301000E2,,
3.302000E2,,
3.303000E2,,
3.304000E2,,
3.305000E2,,
3.306000E2,,
3.307000E2,,
3.308000E2,,
3.309000E2,,
3.310000E2,-3.883041E-2,-7.659068E-2
3.311000E2,,
3.312000E2,,
3.313000E2,,
3.314000E2,,
3.315000E2,,
3.316000E2,,
3.317000E2,,
3.318000E2,,
3.319000E2,,
3.320000E2,-3.906433E-2,-7.646672E-2
3.321000E2,,
3.322000E2,,
3.323000E2,,
3.324000E2,,
3.325000E2,,
3.326000E2,,
3.327000E2,,
3.328000E2,,
3.329000E2,,
3.330000E2,-3.976608E-2,-7.620040E-2
3.331000E2,,
3.332000E2,,
3.333000E2,,
3.334000E2,,
3.335000E2,,
3.336000E2,,
3.337000E2,,
3.338000E2,,
3.339000E2,,
3.340000E2,-3.953216E-2,-7.606142E-2
3.341000E2,,
3.342000E2,,
3.343000E2,,
3.344000E2,,
3.345000E2,,
3.346000E2,,
3.347000E2,,
3.348000E2,,
3.349000E2,,
3.350000E2,-3.953216E-2,-7.612155E-2
3.351000E2,,
3.352000E2,,
3.353000E2,,
3.354000E2,,
3.355000E2,,
3.356000E2,,
3.357000E2,,
3.358000E2,,
3.359000E2,,
3.360000E2,-3.952724E-2,-7.599917E-2
3.361000E2,,
3.362000E2,,
3.363000E2,,
3.364000E2,,
3.365000E2,,
3.366000E2,,
3.367000E2,,
3.368000E2,,
3.369000E2,,
3.370000E2,-3.953016E-2,-7.583170E-2
3.371000E2,,
3.372000E2,,
3.373000E2,,
3.374000E2,,
3.375000E2,,
3.376000E2,,
3.377000E2,,
3.378000E2,,
3.379000E2,,
3.380000E2,-3.953738E-2,-7.558309E-2
3.381000E2,,
3.382000E2,,
3.383000E2,,
3.384000E2,,
3.385000E2,,
3.386000E2,,
3.387000E2,,
3.388000E2,,
3.389000E2,,
3.390000E2,-3.953992E-2,-7.548552E-2
3.391000E2,,
3.392000E2,,
3.393000E2,,
3.394000E2,,
3.395000E2,,
3.396000E2,,
3.397000E2,,
3.398000E2,,
3.399000E2,,
3.400000E2,-3.953857E-2,-7.530887E-2
3.401000E2,,
3.402000E2,,
3.403000E2,,
3.404000E2,,
3.405000E2,,
3.406000E2,,
3.407000E2,,
3.408000E2,,
3.409000E2,,
3.410000E2,-3.953916E-2,-7.533343E-2
3.411000E2,,
3.412000E2,,
3.413000E2,,
3.414000E2,,
3.415000E2,,
3.416000E2,,
3.417000E2,,
3.418000E2,,
3.419000E2,,
3.420000E2,-3.956570E-2,-7.530369E-2
3.421000E2,,
3.422000E2,,
3.423000E2,,
3.424000E2,,
3.425000E2,,
3.426000E2,,
3.427000E2,,
3.428000E2,,
3.429000E2,,
3.430000E2,-3.958885E-2,-7.502984E-2
3.431000E2,,
3.432000E2,,
3.433000E2,,
3.434000E2,,
3.435000E2,,
3.436000E2,,
3.437000E2,,
3.438000E2,,
3.439000E2,,
3.440000E2,-3.958303E-2,-7.498695E-2
3.441000E2,,
3.442000E2,,
3.443000E2,,
3.444000E2,,
3.445000E2,,
3.446000E2,,
3.447000E2,,
3.448000E2,,
3.449000E2,,
3.450000E2,-3.957567E-2,-7.485524E-2
3.451000E2,,
3.452000E2,,
3.453000E2,,
3.454000E2,,
3.455000E2,,
3.456000E2,,
3.457000E2,,
3.458000E2,,
3.459000E2,,
3.460000E2,-3.957752E-2,-7.462901E-2
3.461000E2,,
3.462000E2,,
3.463000E2,,
3.464000E2,,
3.465000E2,,
3.466000E2,,
3.467000E2,,
3.468000E2,,
3.469000E2,,
3.470000E2,-3.958083E-2,-7.461077E-2
3.471000E2,,
3.472000E2,,
3.473000E2,,
3.474000E2,,
3.475000E2,,
3.476000E2,,
3.477000E2,,
3.478000E2,,
3.479000E2,,
3.480000E2,-3.958351E-2,-7.437019E-2
3.481000E2,,
3.482000E2,,
3.483000E2,,
3.484000E2,,
3.485000E2,,
3.486000E2,,
3.487000E2,,
3.488000E2,,
3.489000E2,,
3.490000E2,-3.958079E-2,-7.441380E-2
3.491000E2,,
3.492000E2,,
3.493000E2,,
3.494000E2,,
3.495000E2,,
3.496000E2,,
3.497000E2,,
3.498000E2,,
3.499000E2,,
3.500000E2,-3.957434E-2,-7.424039E-2
3.501000E2,,
3.502000E2,,
3.503000E2,,
3.504000E2,,
3.505000E2,,
3.506000E2,,
3.507000E2,,
3.508000E2,,
3.509000E2,,
3.510000E2,-3.929825E-2,-7.409061E-2
3.511000E2,,
3.512000E2,,
3.513000E2,,
3.514000E2,,
3.515000E2,,
3.516000E2,,
3.517000E2,,
3.518000E2,,
3.519000E2,,
3.520000E2,,-7.392529E-2
3.521000E2,,
3.522000E2,,
3.523000E2,,
3.524000E2,,
3.525000E2,,
3.526000E2,,
3.527000E2,,
3.528000E2,,
3.529000E2,,
3.530000E2,-4.023392E-2,-7.391675E-2
3.531000E2,,
3.532000E2,,
3.533000E2,,
3.534000E2,,
3.535000E2,,
3.536000E2,,
3.537000E2,,
3.538000E2,,
3.539000E2,,
3.540000E2,-3.973538E-2,-7.373892E-2
3.541000E2,,
3.542000E2,,
3.543000E2,,
3.544000E2,,
3.545000E2,,
3.546000E2,,
3.547000E2,,
3.548000E2,,
3.549000E2,,
3.550000E2,-3.965315E-2,-7.367231E-2
3.551000E2,,
3.552000E2,,
3.553000E2,,
3.554000E2,,
3.555000E2,,
3.556000E2,,
3.557000E2,,
3.558000E2,,
3.559000E2,,
3.560000E2,-3.962536E-2,-7.350738E-2
3.561000E2,,
3.562000E2,,
3.563000E2,,
3.564000E2,,
3.565000E2,,
3.566000E2,,
3.567000E2,,
3.568000E2,,
3.569000E2,,
3.570000E2,-3.960305E-2,-7.342095E-2
3.571000E2,,
3.572000E2,,
3.573000E2,,
3.574000E2,,
3.575000E2,,
3.576000E2,,
3.577000E2,,
3.578000E2,,
3.579000E2,,
3.580000E2,-3.959833E-2,-7.337271E-2
3.581000E2,,
3.582000E2,,
3.583000E2,,
3.584000E2,,
3.585000E2,,
3.586000E2,,
3.587000E2,,
3.588000E2,,
3.589000E2,,
3.590000E2,-3.959481E-2,-7.313491E-2
3.591000E2,,
3.592000E2,,
3.593000E2,,
3.594000E2,,
3.595000E2,,
3.596000E2,,
3.597000E2,,
3.598000E2,,
3.599000E2,,
3.600000E2,-3.959194E-2,-7.305190E-2
3.601000E2,,
3.602000E2,,
3.603000E2,,
3.604000E2,,
3.605000E2,,
3.606000E2,,
3.607000E2,,
3.608000E2,,
3.609000E2,,
3.610000E2,-3.959056E-2,-7.293290E-2
3.611000E2,,
3.612000E2,,
3.613000E2,,
3.614000E2,,
3.615000E2,,
3.616000E2,,
3.617000E2,,
3.618000E2,,
3.619000E2,,
3.620000E2,-3.958970E-2,-7.285973E-2
3.621000E2,,
3.622000E2,,
3.623000E2,,
3.624000E2,,
3.625000E2,,
3.626000E2,,
3.627000E2,,
3.628000E2,,
3.629000E2,,
3.630000E2,-3.958959E-2,-7.265029E-2
3.631000E2,,
3.632000E2,,
3.633000E2,,
3.634000E2,,
3.635000E2,,
3.636000E2,,
3.637000E2,,
3.638000E2,,
3.639000E2,,
3.640000E2,-3.958881E-2,-7.255962E-2
3.641000E2,,
3.642000E2,,
3.643000E2,,
3.644000E2,,
3.645000E2,,
3.646000E2,,
3.647000E2,,
3.648000E2,,
3.649000E2,,
3.650000E2,-3.958794E-2,-7.245144E-2
3.651000E2,,
3.652000E2,,
3.653000E2,,
3.654000E2,,
3.655000E2,,
3.656000E2,,
3.657000E2,,
3.658000E2,,
3.659000E2,,
3.660000E2,-3.958683E-2,-7.240752E-2
3.661000E2,,
3.662000E2,,
3.663000E2,,
3.664000E2,,
3.665000E2,,
3.666000E2,,
3.667000E2,,
3.668000E2,,
3.669000E2,,
3.670000E2,-3.958689E-2,-7.235466E-2
3.671000E2,,
3.672000E2,,
3.673000E2,,
3.674000E2,,
3.675000E2,,
3.676000E2,,
3.677000E2,,
3.678000E2,,
3.679000E2,,
3.680000E2,-3.958687E-2,-7.223211E-2
3.681000E2,,
3.682000E2,,
3.683000E2,,
3.684000E2,,
3.685000E2,,
3.686000E2,,
3.687000E2,,
3.688000E2,,
3.689000E2,,
3.690000E2,-3.958722E-2,-7.206181E-2
3.691000E2,,
3.692000E2,,
3.693000E2,,
3.694000E2,,
3.695000E2,,
3.696000E2,,
3.697000E2,,
3.698000E2,,
3.699000E2,,
3.700000E2,-3.958700E-2,-7.196564E-2
3.701000E2,,
3.702000E2,,
3.703000E2,,
3.704000E2,,
3.705000E2,,
3.706000E2,,
3.707000E2,,
3.708000E2,,
3.709000E2,,
3.710000E2,-3.958734E-2,-7.157895E-2
3.711000E2,,
3.712000E2,,
3.713000E2,,
3.714000E2,,
3.715000E2,,
3.716000E2,,
3.717000E2,,
3.718000E2,,
3.719000E2,,
3.720000E2,-3.958710E-2,-7.156973E-2
3.721000E2,,
3.722000E2,,
3.723000E2,,
3.724000E2,,
3.725000E2,,
3.726000E2,,
3.727000E2,,
3.728000E2,,
3.729000E2,,
3.730000E2,-3.958734E-2,-7.142526E-2
3.731000E2,,
3.732000E2,,
3.733000E2,,
3.734000E2,,
3.735000E2,,
3.736000E2,,
3.737000E2,,
3.738000E2,,
3.739000E2,,
3.740000E2,-3.958710E-2,-7.136009E-2
3.741000E2,,
3.742000E2,,
3.743000E2,,
3.744000E2,,
3.745000E2,,
3.746000E2,,
3.747000E2,,
3.748000E2,,
3.749000E2,,
3.750000E2,-3.958734E-2,-7.133841E-2
3.751000E2,,
3.752000E2,,
3.753000E2,,
3.754000E2,,
3.755000E2,,
3.756000E2,,
3.757000E2,,
3.758000E2,,
3.759000E2,,
3.760000E2,-3.958710E-2,-7.115511E-2
3.761000E2,,
3.762000E2,,
3.763000E2,,
3.764000E2,,
3.765000E2,,
3.766000E2,,
3.767000E2,,
3.768000E2,,
3.769000E2,,
3.770000E2,-3.958734E-2,-7.110442E-2
3.771000E2,,
3.772000E2,,
3.773000E2,,
3.774000E2,,
3.775000E2,,
3.776000E2,,
3.777000E2,,
3.778000E2,,
3.779000E2,,
3.780000E2,-3.958710E-2,-7.103023E-2
3.781000E2,,
3.782000E2,,
3.783000E2,,
3.784000E2,,
3.785000E2,,
3.786000E2,,
3.787000E2,,
3.788000E2,,
3.789000E2,,
3.790000E2,-3.958734E-2,-7.100955E-2
3.791000E2,,
3.792000E2,,
3.793000E2,,
3.794000E2,,
3.795000E2,,
3.796000E2,,
3.797000E2,,
3.798000E2,,
3.799000E2,,
3.800000E2,-3.958710E-2,-7.091312E-2
3.801000E2,,
3.802000E2,,
3.803000E2,,
3.804000E2,,
3.805000E2,,
3.806000E2,,
3.807000E2,,
3.808000E2,,
3.809000E2,,
3.810000E2,-3.958734E-2,-7.089887E-2
3.811000E2,,
3.812000E2,,
3.813000E2,,
3.814000E2,,
3.815000E2,,
3.816000E2,,
3.817000E2,,
3.818000E2,,
3.819000E2,,
3.820000E2,-3.958710E-2,-7.087719E-2
3.821000E2,,
3.822000E2,,
3.823000E2,,
3.824000E2,,
3.825000E2,,
3.826000E2,,
3.827000E2,,
3.828000E2,,
3.829000E2,,
3.830000E2,-3.958734E-2,-7.017544E-2
3.831000E2,,
3.832000E2,,
3.833000E2,,
3.834000E2,,
3.835000E2,,
3.836000E2,,
3.837000E2,,
3.838000E2,,
3.839000E2,,
3.840000E2,-3.958710E-2,-7.006693E-2
3.841000E2,,
3.842000E2,,
3.843000E2,,
3.844000E2,,
3.845000E2,,
3.846000E2,,
3.847000E2,,
3.848000E2,,
3.849000E2,,
3.850000E2,-3.958734E-2,-7.009448E-2
3.851000E2,,
3.852000E2,,
3.853000E2,,
3.854000E2,,
3.855000E2,,
3.856000E2,,
3.857000E2,,
3.858000E2,,
3.859000E2,,
3.860000E2,-3.958710E-2,-7.003307E-2
3.861000E2,,
3.862000E2,,
3.863000E2,,
3.864000E2,,
3.865000E2,,
3.866000E2,,
3.867000E2,,
3.868000E2,,
3.869000E2,,
3.870000E2,-3.958734E-2,-7.000176E-2
3.871000E2,,
3.872000E2,,
3.873000E2,,
3.874000E2,,
3.875000E2,,
3.876000E2,,
3.877000E2,,
3.878000E2,,
3.879000E2,,
3.880000E2,-3.958710E-2,-6.977368E-2
3.881000E2,,
3.882000E2,,
3.883000E2,,
3.884000E2,,
3.885000E2,,
3.886000E2,,
3.887000E2,,
3.888000E2,,
3.889000E2,,
3.890000E2,-3.958734E-2,-6.981440E-2
3.891000E2,,
3.892000E2,,
3.893000E2,,
3.894000E2,,
3.895000E2,,
3.896000E2,,
3.897000E2,,
3.898000E2,,
3.899000E2,,
3.900000E2,-3.958710E-2,-6.969998E-2
3.901000E2,,
3.902000E2,,
3.903000E2,,
3.904000E2,,
3.905000E2,,
3.906000E2,,
3.907000E2,,
3.908000E2,,
3.909000E2,,
3.910000E2,-3.958734E-2,-6.853801E-2
3.911000E2,,
3.912000E2,,
3.913000E2,,
3.914000E2,,
3.915000E2,,
3.916000E2,,
3.917000E2,,
3.918000E2,,
3.919000E2,,
3.920000E2,-3.958710E-2,-7.017544E-2
3.921000E2,,
3.922000E2,,
3.923000E2,,
3.924000E2,,
3.925000E2,,
3.926000E2,,
3.927000E2,,
3.928000E2,,
3.929000E2,,
3.930000E2,-3.958734E-2,-7.004568E-2
3.931000E2,,
3.932000E2,,
3.933000E2,,
3.934000E2,,
3.935000E2,,
3.936000E2,,
3.937000E2,,
3.938000E2,,
3.939000E2,,
3.940000E2,-3.958710E-2,-6.995287E-2
3.941000E2,,
3.942000E2,,
3.943000E2,,
3.944000E2,,
3.945000E2,,
3.946000E2,,
3.947000E2,,
3.948000E2,,
3.949000E2,,
3.950000E2,-3.958734E-2,-7.001694E-2
3.951000E2,,
3.952000E2,,
3.953000E2,,
3.954000E2,,
3.955000E2,,
3.956000E2,,
3.957000E2,,
3.958000E2,,
3.959000E2,,
3.960000E2,-3.958710E-2,-6.993693E-2
3.961000E2,,
3.962000E2,,
3.963000E2,,
3.964000E2,,
3.965000E2,,
3.966000E2,,
3.967000E2,,
3.968000E2,,
3.969000E2,,
3.970000E2,-3.958734E-2,-6.980395E-2
3.971000E2,,
3.972000E2,,
3.973000E2,,
3.974000E2,,
3.975000E2,,
3.976000E2,,
3.977000E2,,
3.978000E2,,
3.979000E2,,
3.980000E2,-3.958710E-2,-6.966726E-2
3.981000E2,,
3.982000E2,,
3.983000E2,,
3.984000E2,,
3.985000E2,,
3.986000E2,,
3.987000E2,,
3.988000E2,,
3.989000E2,,
3.990000E2,-3.958734E-2,-6.964951E-2
3.991000E2,,
3.992000E2,,
3.993000E2,,
3.994000E2,,
3.995000E2,,
3.996000E2,,
3.997000E2,,
3.998000E2,,
3.999000E2,,
4.000000E2,-3.958710E-2,-6.960905E-2
4.001000E2,,
4.002000E2,,
4.003000E2,,
4.004000E2,,
4.005000E2,,
4.006000E2,,
4.007000E2,,
4.008000E2,,
4.009000E2,,
4.010000E2,-3.958734E-2,-6.959257E-2
4.011000E2,,
4.012000E2,,
4.013000E2,,
4.014000E2,,
4.015000E2,,
4.016000E2,,
4.017000E2,,
4.018000E2,,
4.019000E2,,
4.020000E2,-3.958710E-2,-6.955859E-2
4.021000E2,,
4.022000E2,,
4.023000E2,,
4.024000E2,,
4.025000E2,,
4.026000E2,,
4.027000E2,,
4.028000E2,,
4.029000E2,,
4.030000E2,-3.958734E-2,-6.959120E-2
4.031000E2,,
4.032000E2,,
4.033000E2,,
4.034000E2,,
4.035000E2,,
4.036000E2,,
4.037000E2,,
4.038000E2,,
4.039000E2,,
4.040000E2,-3.958710E-2,-6.948481E-2
4.041000E2,,
4.042000E2,,
4.043000E2,,
4.044000E2,,
4.045000E2,,
4.046000E2,,
4.047000E2,,
4.048000E2,,
4.049000E2,,
4.050000E2,-3.958734E-2,-6.954155E-2
4.051000E2,,
4.052000E2,,
4.053000E2,,
4.054000E2,,
4.055000E2,,
4.056000E2,,
4.057000E2,,
4.058000E2,,
4.059000E2,,
4.060000E2,-3.958710E-2,-6.950120E-2
4.061000E2,,
4.062000E2,,
4.063000E2,,
4.064000E2,,
4.065000E2,,
4.066000E2,,
4.067000E2,,
4.068000E2,,
4.069000E2,,
4.070000E2,-3.958734E-2,-6.946904E-2
4.071000E2,,
4.072000E2,,
4.073000E2,,
4.074000E2,,
4.075000E2,,
4.076000E2,,
4.077000E2,,
4.078000E2,,
4.079000E2,,
4.080000E2,-3.958710E-2,-6.928586E-2
4.081000E2,,
4.082000E2,,
4.083000E2,,
4.084000E2,,
4.085000E2,,
4.086000E2,,
4.087000E2,,
4.088000E2,,
4.089000E2,,
4.090000E2,-3.958734E-2,-6.922637E-2
4.091000E2,,
4.092000E2,,
4.093000E2,,
4.094000E2,,
4.095000E2,,
4.096000E2,,
4.097000E2,,
4.098000E2,,
4.099000E2,,
4.100000E2,-3.958710E-2,-6.916743E-2
4.101000E2,,
4.102000E2,,
4.103000E2,,
4.104000E2,,
4.105000E2,,
4.106000E2,,
4.107000E2,,
4.108000E2,,
4.109000E2,,
4.110000E2,-3.958734E-2,-6.911351E-2
4.111000E2,,
4.112000E2,,
4.113000E2,,
4.114000E2,,
4.115000E2,,
4.116000E2,,
4.117000E2,,
4.118000E2,,
4.119000E2,,
4.120000E2,-3.958710E-2,-6.910678E-2
4.121000E2,,
4.122000E2,,
4.123000E2,,
4.124000E2,,
4.125000E2,,
4.126000E2,,
4.127000E2,,
4.128000E2,,
4.129000E2,,
4.130000E2,-3.958734E-2,-6.914285E-2
4.131000E2,,
4.132000E2,,
4.133000E2,,
4.134000E2,,
4.135000E2,,
4.136000E2,,
4.137000E2,,
4.138000E2,,
4.139000E2,,
4.140000E2,-3.958710E-2,-6.911327E-2
4.141000E2,,
4.142000E2,,
4.143000E2,,
4.144000E2,,
4.145000E2,,
4.146000E2,,
4.147000E2,,
4.148000E2,,
4.149000E2,,
4.150000E2,-3.958734E-2,-6.902551E-2
4.151000E2,,
4.152000E2,,
4.153000E2,,
4.154000E2,,
4.155000E2,,
4.156000E2,,
4.157000E2,,
4.158000E2,,
4.159000E2,,
4.160000E2,-3.958710E-2,-6.907794E-2
4.161000E2,,
4.162000E2,,
4.163000E2,,
4.164000E2,,
4.165000E2,,
4.166000E2,,
4.167000E2,,
4.168000E2,,
4.169000E2,,
4.170000E2,-3.958734E-2,-6.918041E-2
4.171000E2,,
4.172000E2,,
4.173000E2,,
4.174000E2,,
4.175000E2,,
4.176000E2,,
4.177000E2,,
4.178000E2,,
4.179000E2,,
4.180000E2,-3.958735E-2,-6.910977E-2
4.181000E2,,
4.182000E2,,
4.183000E2,,
4.184000E2,,
4.185000E2,,
4.186000E2,,
4.187000E2,,
4.188000E2,,
4.189000E2,,
4.190000E2,-3.958746E-2,-6.905724E-2
4.191000E2,,
4.192000E2,,
4.193000E2,,
4.194000E2,,
4.195000E2,,
4.196000E2,,
4.197000E2,,
4.198000E2,,
4.199000E2,,
4.200000E2,-3.958778E-2,-6.906750E-2
4.201000E2,,
4.202000E2,,
4.203000E2,,
4.204000E2,,
4.205000E2,,
4.206000E2,,
4.207000E2,,
4.208000E2,,
4.209000E2,,
4.210000E2,-3.958811E-2,-6.904448E-2
4.211000E2,,
4.212000E2,,
4.213000E2,,
4.214000E2,,
4.215000E2,,
4.216000E2,,
4.217000E2,,
4.218000E2,,
4.219000E2,,
4.220000E2,-3.958843E-2,-6.911395E-2
4.221000E2,,
4.222000E2,,
4.223000E2,,
4.224000E2,,
4.225000E2,,
4.226000E2,,
4.227000E2,,
4.228000E2,,
4.229000E2,,
4.230000E2,-3.958855E-2,-6.908108E-2
4.231000E2,,
4.232000E2,,
4.233000E2,,
4.234000E2,,
4.235000E2,,
4.236000E2,,
4.237000E2,,
4.238000E2,,
4.239000E2,,
4.240000E2,-3.958857E-2,-6.913334E-2
4.241000E2,,
4.242000E2,,
4.243000E2,,
4.244000E2,,
4.245000E2,,
4.246000E2,,
4.247000E2,,
4.248000E2,,
4.249000E2,,
4.250000E2,-3.959406E-2,-6.912741E-2
4.251000E2,,
4.252000E2,,
4.253000E2,,
4.254000E2,,
4.255000E2,,
4.256000E2,,
4.257000E2,,
4.258000E2,,
4.259000E2,,
4.260000E2,-3.959279E-2,-6.911885E-2
4.261000E2,,
4.262000E2,,
4.263000E2,,
4.264000E2,,
4.265000E2,,
4.266000E2,,
4.267000E2,,
4.268000E2,,
4.269000E2,,
4.270000E2,-3.959273E-2,-6.911707E-2
4.271000E2,,
4.272000E2,,
4.273000E2,,
4.274000E2,,
4.275000E2,,
4.276000E2,,
4.277000E2,,
4.278000E2,,
4.279000E2,,
4.280000E2,-3.959202E-2,-6.910231E-2
4.281000E2,,
4.282000E2,,
4.283000E2,,
4.284000E2,,
4.285000E2,,
4.286000E2,,
4.287000E2,,
4.288000E2,,
4.289000E2,,
4.290000E2,-3.959082E-2,-6.908772E-2
4.291000E2,,
4.292000E2,,
4.293000E2,,
4.294000E2,,
4.295000E2,,
4.296000E2,,
4.297000E2,,
4.298000E2,,
4.299000E2,,
4.300000E2,-3.959032E-2,-6.912734E-2
4.301000E2,,
4.302000E2,,
4.303000E2,,
4.304000E2,,
4.305000E2,,
4.306000E2,,
4.307000E2,,
4.308000E2,,
4.309000E2,,
4.310000E2,-3.959052E-2,-6.909733E-2
4.311000E2,,
4.312000E2,,
4.313000E2,,
4.314000E2,,
4.315000E2,,
4.316000E2,,
4.317000E2,,
4.318000E2,,
4.319000E2,,
4.320000E2,-3.959149E-2,-6.921271E-2
4.321000E2,,
4.322000E2,,
4.323000E2,,
4.324000E2,,
4.325000E2,,
4.326000E2,,
4.327000E2,,
4.328000E2,,
4.329000E2,,
4.330000E2,-3.958923E-2,-6.908999E-2
4.331000E2,,
4.332000E2,,
4.333000E2,,
4.334000E2,,
4.335000E2,,
4.336000E2,,
4.337000E2,,
4.338000E2,,
4.339000E2,,
4.340000E2,-3.958897E-2,-6.807018E-2
4.341000E2,,
4.342000E2,,
4.343000E2,,
4.344000E2,,
4.345000E2,,
4.346000E2,,
4.347000E2,,
4.348000E2,,
4.349000E2,,
4.350000E2,-3.958896E-2,-6.619883E-2
4.351000E2,,
4.352000E2,,
4.353000E2,,
4.354000E2,,
4.355000E2,,
4.356000E2,,
4.357000E2,,
4.358000E2,,
4.359000E2,,
4.360000E2,-3.958937E-2,-6.619883E-2
4.361000E2,,
4.362000E2,,
4.363000E2,,
4.364000E2,,
4.365000E2,,
4.366000E2,,
4.367000E2,,
4.368000E2,,
4.369000E2,,
4.370000E2,-3.959046E-2,-6.615320E-2
4.371000E2,,
4.372000E2,,
4.373000E2,,
4.374000E2,,
4.375000E2,,
4.376000E2,,
4.377000E2,,
4.378000E2,,
4.379000E2,,
4.380000E2,-3.954112E-2,-6.609977E-2
4.381000E2,,
4.382000E2,,
4.383000E2,,
4.384000E2,,
4.385000E2,,
4.386000E2,,
4.387000E2,,
4.388000E2,,
4.389000E2,,
4.390000E2,-3.960028E-2,-6.616389E-2
4.391000E2,,
4.392000E2,,
4.393000E2,,
4.394000E2,,
4.395000E2,,
4.396000E2,,
4.397000E2,,
4.398000E2,,
4.399000E2,,
4.400000E2,-3.959668E-2,-6.613222E-2
4.401000E2,,
4.402000E2,,
4.403000E2,,
4.404000E2,,
4.405000E2,,
4.406000E2,,
4.407000E2,,
4.408000E2,,
4.409000E2,,
4.410000E2,-3.961797E-2,-6.608889E-2
4.411000E2,,
4.412000E2,,
4.413000E2,,
4.414000E2,,
4.415000E2,,
4.416000E2,,
4.417000E2,,
4.418000E2,,
4.419000E2,,
4.420000E2,-3.960888E-2,-6.605696E-2
4.421000E2,,
4.422000E2,,
4.423000E2,,
4.424000E2,,
4.425000E2,,
4.426000E2,,
4.427000E2,,
4.428000E2,,
4.429000E2,,
4.430000E2,-3.960451E-2,-6.613596E-2
4.431000E2,,
4.432000E2,,
4.433000E2,,
4.434000E2,,
4.435000E2,,
4.436000E2,,
4.437000E2,,
4.438000E2,,
4.439000E2,,
4.440000E2,-3.959081E-2,-6.611289E-2
4.441000E2,,
4.442000E2,,
4.443000E2,,
4.444000E2,,
4.445000E2,,
4.446000E2,,
4.447000E2,,
4.448000E2,,
4.449000E2,,
4.450000E2,-3.959149E-2,-6.607471E-2
4.451000E2,,
4.452000E2,,
4.453000E2,,
4.454000E2,,
4.455000E2,,
4.456000E2,,
4.457000E2,,
4.458000E2,,
4.459000E2,,
4.460000E2,-3.959078E-2,-6.608284E-2
4.461000E2,,
4.462000E2,,
4.463000E2,,
4.464000E2,,
4.465000E2,,
4.466000E2,,
4.467000E2,,
4.468000E2,,
4.469000E2,,
4.470000E2,-3.959023E-2,-6.616052E-2
4.471000E2,,
4.472000E2,,
4.473000E2,,
4.474000E2,,
4.475000E2,,
4.476000E2,,
4.477000E2,,
4.478000E2,,
4.479000E2,,
4.480000E2,-3.959009E-2,-6.608239E-2
4.481000E2,,
4.482000E2,,
4.483000E2,,
4.484000E2,,
4.485000E2,,
4.486000E2,,
4.487000E2,,
4.488000E2,,
4.489000E2,,
4.490000E2,-3.959001E-2,-6.605628E-2
4.491000E2,,
4.492000E2,,
4.493000E2,,
4.494000E2,,
4.495000E2,,
4.496000E2,,
4.497000E2,,
4.498000E2,,
4.499000E2,,
4.500000E2,-3.958997E-2,-6.604931E-2
4.501000E2,,
4.502000E2,,
4.503000E2,,
4.504000E2,,
4.505000E2,,
4.506000E2,,
4.507000E2,,
4.508000E2,,
4.509000E2,,
4.510000E2,-3.958999E-2,-6.606349E-2
4.511000E2,,
4.512000E2,,
4.513000E2,,
4.514000E2,,
4.515000E2,,
4.516000E2,,
4.517000E2,,
4.518000E2,,
4.519000E2,,
4.520000E2,-3.959020E-2,-6.610578E-2
4.521000E2,,
4.522000E2,,
4.523000E2,,
4.524000E2,,
4.525000E2,,
4.526000E2,,
4.527000E2,,
4.528000E2,,
4.529000E2,,
4.530000E2,-3.959020E-2,-6.616997E-2
4.531000E2,,
4.532000E2,,
4.533000E2,,
4.534000E2,,
4.535000E2,,
4.536000E2,,
4.537000E2,,
4.538000E2,,
4.539000E2,,
4.540000E2,-3.959020E-2,-6.610172E-2
4.541000E2,,
4.542000E2,,
4.543000E2,,
4.544000E2,,
4.545000E2,,
4.546000E2,,
4.547000E2,,
4.548000E2,,
4.549000E2,,
4.550000E2,-3.959020E-2,-6.609810E-2
4.551000E2,,
4.552000E2,,
4.553000E2,,
4.554000E2,,
4.555000E2,,
4.556000E2,,
4.557000E2,,
4.558000E2,,
4.559000E2,,
4.560000E2,-3.959020E-2,-6.608200E-2
4.561000E2,,
4.562000E2,,
4.563000E2,,
4.564000E2,,
4.565000E2,,
4.566000E2,,
4.567000E2,,
4.568000E2,,
4.569000E2,,
4.570000E2,-3.959020E-2,-6.606039E-2
4.571000E2,,
4.572000E2,,
4.573000E2,,
4.574000E2,,
4.575000E2,,
4.576000E2,,
4.577000E2,,
4.578000E2,,
4.579000E2,,
4.580000E2,-3.959020E-2,-6.596054E-2
4.581000E2,,
4.582000E2,,
4.583000E2,,
4.584000E2,,
4.585000E2,,
4.586000E2,,
4.587000E2,,
4.588000E2,,
4.589000E2,,
4.590000E2,-3.959020E-2,-6.587476E-2
4.591000E2,,
4.592000E2,,
4.593000E2,,
4.594000E2,,
4.595000E2,,
4.596000E2,,
4.597000E2,,
4.598000E2,,
4.599000E2,,
4.600000E2,-3.959020E-2,-6.573854E-2
4.601000E2,,
4.602000E2,,
4.603000E2,,
4.604000E2,,
4.605000E2,,
4.606000E2,,
4.607000E2,,
4.608000E2,,
4.609000E2,,
4.610000E2,-3.959020E-2,-6.567751E-2
4.611000E2,,
4.612000E2,,
4.613000E2,,
4.614000E2,,
4.615000E2,,
4.616000E2,,
4.617000E2,,
4.618000E2,,
4.619000E2,,
4.620000E2,-3.959020E-2,-6.573028E-2
4.621000E2,,
4.622000E2,,
4.623000E2,,
4.624000E2,,
4.625000E2,,
4.626000E2,,
4.627000E2,,
4.628000E2,,
4.629000E2,,
4.630000E2,-3.959020E-2,-6.558538E-2
4.631000E2,,
4.632000E2,,
4.633000E2,,
4.634000E2,,
4.635000E2,,
4.636000E2,,
4.637000E2,,
4.638000E2,,
4.639000E2,,
4.640000E2,-3.959020E-2,-6.556649E-2
4.641000E2,,
4.642000E2,,
4.643000E2,,
4.644000E2,,
4.645000E2,,
4.646000E2,,
4.647000E2,,
4.648000E2,,
4.649000E2,,
4.650000E2,-3.959020E-2,-6.554238E-2
4.651000E2,,
4.652000E2,,
4.653000E2,,
4.654000E2,,
4.655000E2,,
4.656000E2,,
4.657000E2,,
4.658000E2,,
4.659000E2,,
4.660000E2,-3.959020E-2,-6.561763E-2
4.661000E2,,
4.662000E2,,
4.663000E2,,
4.664000E2,,
4.665000E2,,
4.666000E2,,
4.667000E2,,
4.668000E2,,
4.669000E2,,
4.670000E2,-3.959020E-2,-6.562874E-2
4.671000E2,,
4.672000E2,,
4.673000E2,,
4.674000E2,,
4.675000E2,,
4.676000E2,,
4.677000E2,,
4.678000E2,,
4.679000E2,,
4.680000E2,-3.959020E-2,-6.554252E-2
4.681000E2,,
4.682000E2,,
4.683000E2,,
4.684000E2,,
4.685000E2,,
4.686000E2,,
4.687000E2,,
4.688000E2,,
4.689000E2,,
4.690000E2,-3.959020E-2,-6.565710E-2
4.691000E2,,
4.692000E2,,
4.693000E2,,
4.694000E2,,
4.695000E2,,
4.696000E2,,
4.697000E2,,
4.698000E2,,
4.699000E2,,
4.700000E2,-3.959020E-2,-6.554297E-2
4.701000E2,,
4.702000E2,,
4.703000E2,,
4.704000E2,,
4.705000E2,,
4.706000E2,,
4.707000E2,,
4.708000E2,,
4.709000E2,,
4.710000E2,-3.959020E-2,-6.559345E-2
4.711000E2,,
4.712000E2,,
4.713000E2,,
4.714000E2,,
4.715000E2,,
4.716000E2,,
4.717000E2,,
4.718000E2,,
4.719000E2,,
4.720000E2,-3.959020E-2,-6.564847E-2
4.721000E2,,
4.722000E2,,
4.723000E2,,
4.724000E2,,
4.725000E2,,
4.726000E2,,
4.727000E2,,
4.728000E2,,
4.729000E2,,
4.730000E2,-3.959020E-2,-6.565892E-2
4.731000E2,,
4.732000E2,,
4.733000E2,,
4.734000E2,,
4.735000E2,,
4.736000E2,,
4.737000E2,,
4.738000E2,,
4.739000E2,,
4.740000E2,-3.959020E-2,-6.564648E-2
4.741000E2,,
4.742000E2,,
4.743000E2,,
4.744000E2,,
4.745000E2,,
4.746000E2,,
4.747000E2,,
4.748000E2,,
4.749000E2,,
4.750000E2,-3.959020E-2,-6.563061E-2
4.751000E2,,
4.752000E2,,
4.753000E2,,
4.754000E2,,
4.755000E2,,
4.756000E2,,
4.757000E2,,
4.758000E2,,
4.759000E2,,
4.760000E2,-3.959020E-2,-6.558872E-2
4.761000E2,,
4.762000E2,,
4.763000E2,,
4.764000E2,,
4.765000E2,,
4.766000E2,,
4.767000E2,,
4.768000E2,,
4.769000E2,,
4.770000E2,-3.959020E-2,-6.563254E-2
4.771000E2,,
4.772000E2,,
4.773000E2,,
4.774000E2,,
4.775000E2,,
4.776000E2,,
4.777000E2,,
4.778000E2,,
4.779000E2,,
4.780000E2,-3.959020E-2,-6.560168E-2
4.781000E2,,
4.782000E2,,
4.783000E2,,
4.784000E2,,
4.785000E2,,
4.786000E2,,
4.787000E2,,
4.788000E2,,
4.789000E2,,
4.790000E2,-3.959020E-2,-6.562218E-2
4.791000E2,,
4.792000E2,,
4.793000E2,,
4.794000E2,,
4.795000E2,,
4.796000E2,,
4.797000E2,,
4.798000E2,,
4.799000E2,,
4.800000E2,-3.959020E-2,-6.566239E-2
4.801000E2,,
4.802000E2,,
4.803000E2,,
4.804000E2,,
4.805000E2,,
4.806000E2,,
4.807000E2,,
4.808000E2,,
4.809000E2,,
4.810000E2,-3.959020E-2,-6.563783E-2
4.811000E2,,
4.812000E2,,
4.813000E2,,
4.814000E2,,
4.815000E2,,
4.816000E2,,
4.817000E2,,
4.818000E2,,
4.819000E2,,
4.820000E2,-3.959020E-2,-6.561183E-2
4.821000E2,,
4.822000E2,,
4.823000E2,,
4.824000E2,,
4.825000E2,,
4.826000E2,,
4.827000E2,,
4.828000E2,,
4.829000E2,,
4.830000E2,-3.959020E-2,-6.560602E-2
4.831000E2,,
4.832000E2,,
4.833000E2,,
4.834000E2,,
4.835000E2,,
4.836000E2,,
4.837000E2,,
4.838000E2,,
4.839000E2,,
4.840000E2,-3.959020E-2,-6.562674E-2
4.841000E2,,
4.842000E2,,
4.843000E2,,
4.844000E2,,
4.845000E2,,
4.846000E2,,
4.847000E2,,
4.848000E2,,
4.849000E2,,
4.850000E2,-3.959020E-2,-6.566392E-2
4.851000E2,,
4.852000E2,,
4.853000E2,,
4.854000E2,,
4.855000E2,,
4.856000E2,,
4.857000E2,,
4.858000E2,,
4.859000E2,,
4.860000E2,-3.959020E-2,-6.564888E-2
4.861000E2,,
4.862000E2,,
4.863000E2,,
4.864000E2,,
4.865000E2,,
4.866000E2,,
4.867000E2,,
4.868000E2,,
4.869000E2,,
4.870000E2,-3.959020E-2,-6.570233E-2
4.871000E2,,
4.872000E2,,
4.873000E2,,
4.874000E2,,
4.875000E2,,
4.876000E2,,
4.877000E2,,
4.878000E2,,
4.879000E2,,
4.880000E2,-3.959020E-2,-6.562110E-2
4.881000E2,,
4.882000E2,,
4.883000E2,,
4.884000E2,,
4.885000E2,,
4.886000E2,,
4.887000E2,,
4.888000E2,,
4.889000E2,,
4.890000E2,-3.959020E-2,-6.568086E-2
4.891000E2,,
4.892000E2,,
4.893000E2,,
4.894000E2,,
4.895000E2,,
4.896000E2,,
4.897000E2,,
4.898000E2,,
4.899000E2,,
4.900000E2,-3.959020E-2,-6.570128E-2
4.901000E2,,
4.902000E2,,
4.903000E2,,
4.904000E2,,
4.905000E2,,
4.906000E2,,
4.907000E2,,
4.908000E2,,
4.909000E2,,
4.910000E2,-3.959020E-2,-6.569246E-2
4.911000E2,,
4.912000E2,,
4.913000E2,,
4.914000E2,,
4.915000E2,,
4.916000E2,,
4.917000E2,,
4.918000E2,,
4.919000E2,,
4.920000E2,-3.959020E-2,-6.566508E-2
4.921000E2,,
4.922000E2,,
4.923000E2,,
4.924000E2,,
4.925000E2,,
4.926000E2,,
4.927000E2,,
4.928000E2,,
4.929000E2,,
4.930000E2,-3.959020E-2,-6.565107E-2
4.931000E2,,
4.932000E2,,
4.933000E2,,
4.934000E2,,
4.935000E2,,
4.936000E2,,
4.937000E2,,
4.938000E2,,
4.939000E2,,
4.940000E2,-3.959020E-2,-6.567993E-2
4.941000E2,,
4.942000E2,,
4.943000E2,,
4.944000E2,,
4.945000E2,,
4.946000E2,,
4.947000E2,,
4.948000E2,,
4.949000E2,,
4.950000E2,-3.959020E-2,-6.573786E-2
4.951000E2,,
4.952000E2,,
4.953000E2,,
4.954000E2,,
4.955000E2,,
4.956000E2,,
4.957000E2,,
4.958000E2,,
4.959000E2,,
4.960000E2,-3.959020E-2,-6.563494E-2
4.961000E2,,
4.962000E2,,
4.963000E2,,
4.964000E2,,
4.965000E2,,
4.966000E2,,
4.967000E2,,
4.968000E2,,
4.969000E2,,
4.970000E2,-3.959020E-2,-6.568122E-2
4.971000E2,,
4.972000E2,,
4.973000E2,,
4.974000E2,,
4.975000E2,,
4.976000E2,,
4.977000E2,,
4.978000E2,,
4.979000E2,,
4.980000E2,-3.959020E-2,-6.565968E-2
4.981000E2,,
4.982000E2,,
4.983000E2,,
4.984000E2,,
4.985000E2,,
4.986000E2,,
4.987000E2,,
4.988000E2,,
4.989000E2,,
4.990000E2,-3.959020E-2,-6.568798E-2
4.991000E2,,
4.992000E2,,
4.993000E2,,
4.994000E2,,
4.995000E2,,
4.996000E2,,
4.997000E2,,
4.998000E2,,
4.999000E2,,
5.000000E2,-3.959020E-2,-6.567693E-2
5.001000E2,,
5.002000E2,,
5.003000E2,,
5.004000E2,,
5.005000E2,,
5.006000E2,,
5.007000E2,,
5.008000E2,,
5.009000E2,,
5.010000E2,-3.959020E-2,-6.575935E-2
5.011000E2,,
5.012000E2,,
5.013000E2,,
5.014000E2,,
5.015000E2,,
5.016000E2,,
5.017000E2,,
5.018000E2,,
5.019000E2,,
5.020000E2,-3.959020E-2,-6.578073E-2
5.021000E2,,
5.022000E2,,
5.023000E2,,
5.024000E2,,
5.025000E2,,
5.026000E2,,
5.027000E2,,
5.028000E2,,
5.029000E2,,
5.030000E2,-3.959020E-2,-6.567780E-2
5.031000E2,,
5.032000E2,,
5.033000E2,,
5.034000E2,,
5.035000E2,,
5.036000E2,,
5.037000E2,,
5.038000E2,,
5.039000E2,,
5.040000E2,-3.959020E-2,-6.571561E-2
5.041000E2,,
5.042000E2,,
5.043000E2,,
5.044000E2,,
5.045000E2,,
5.046000E2,,
5.047000E2,,
5.048000E2,,
5.049000E2,,
5.050000E2,-3.959020E-2,-6.566219E-2
5.051000E2,,
5.052000E2,,
5.053000E2,,
5.054000E2,,
5.055000E2,,
5.056000E2,,
5.057000E2,,
5.058000E2,,
5.059000E2,,
5.060000E2,-3.959020E-2,-6.562625E-2
5.061000E2,,
5.062000E2,,
5.063000E2,,
5.064000E2,,
5.065000E2,,
5.066000E2,,
5.067000E2,,
5.068000E2,,
5.069000E2,,
5.070000E2,-3.959020E-2,-6.574421E-2
5.071000E2,,
5.072000E2,,
5.073000E2,,
5.074000E2,,
5.075000E2,,
5.076000E2,,
5.077000E2,,
5.078000E2,,
5.079000E2,,
5.080000E2,-3.959020E-2,-6.563536E-2
5.081000E2,,
5.082000E2,,
5.083000E2,,
5.084000E2,,
5.085000E2,,
5.086000E2,,
5.087000E2,,
5.088000E2,,
5.089000E2,,
5.090000E2,-3.959020E-2,-6.563544E-2
5.091000E2,,
5.092000E2,,
5.093000E2,,
5.094000E2,,
5.095000E2,,
5.096000E2,,
5.097000E2,,
5.098000E2,,
5.099000E2,,
5.100000E2,-3.959020E-2,-6.567518E-2
5.101000E2,,
5.102000E2,,
5.103000E2,,
5.104000E2,,
5.105000E2,,
5.106000E2,,
5.107000E2,,
5.108000E2,,
5.109000E2,,
5.110000E2,-3.959020E-2,-6.571844E-2
5.111000E2,,
5.112000E2,,
5.113000E2,,
5.114000E2,,
5.115000E2,,
5.116000E2,,
5.117000E2,,
5.118000E2,,
5.119000E2,,
5.120000E2,-3.959020E-2,-6.571365E-2
5.121000E2,,
5.122000E2,,
5.123000E2,,
5.124000E2,,
5.125000E2,,
5.126000E2,,
5.127000E2,,
5.128000E2,,
5.129000E2,,
5.130000E2,-3.959020E-2,-6.568866E-2
5.131000E2,,
5.132000E2,,
5.133000E2,,
5.134000E2,,
5.135000E2,,
5.136000E2,,
5.137000E2,,
5.138000E2,,
5.139000E2,,
5.140000E2,-3.959020E-2,-6.565280E-2
5.141000E2,,
5.142000E2,,
5.143000E2,,
5.144000E2,,
5.145000E2,,
5.146000E2,,
5.147000E2,,
5.148000E2,,
5.149000E2,,
5.150000E2,-3.959020E-2,-6.569416E-2
5.151000E2,,
5.152000E2,,
5.153000E2,,
5.154000E2,,
5.155000E2,,
5.156000E2,,
5.157000E2,,
5.158000E2,,
5.159000E2,,
5.160000E2,-3.959020E-2,-6.565886E-2
5.161000E2,,
5.162000E2,,
5.163000E2,,
5.164000E2,,
5.165000E2,,
5.166000E2,,
5.167000E2,,
5.168000E2,,
5.169000E2,,
5.170000E2,-3.959020E-2,-6.571775E-2
5.171000E2,,
5.172000E2,,
5.173000E2,,
5.174000E2,,
5.175000E2,,
5.176000E2,,
5.177000E2,,
5.178000E2,,
5.179000E2,,
5.180000E2,-3.959020E-2,-6.571783E-2
5.181000E2,,
5.182000E2,,
5.183000E2,,
5.184000E2,,
5.185000E2,,
5.186000E2,,
5.187000E2,,
5.188000E2,,
5.189000E2,,
5.190000E2,-3.959020E-2,-6.568048E-2
5.191000E2,,
5.192000E2,,
5.193000E2,,
5.194000E2,,
5.195000E2,,
5.196000E2,,
5.197000E2,,
5.198000E2,,
5.199000E2,,
5.200000E2,-3.959020E-2,-6.566548E-2
5.201000E2,,
5.202000E2,,
5.203000E2,,
5.204000E2,,
5.205000E2,,
5.206000E2,,
5.207000E2,,
5.208000E2,,
5.209000E2,,
5.210000E2,-3.959020E-2,-6.568925E-2
5.211000E2,,
5.212000E2,,
5.213000E2,,
5.214000E2,,
5.215000E2,,
5.216000E2,,
5.217000E2,,
5.218000E2,,
5.219000E2,,
5.220000E2,-3.959020E-2,-6.569060E-2
5.221000E2,,
5.222000E2,,
5.223000E2,,
5.224000E2,,
5.225000E2,,
5.226000E2,,
5.227000E2,,
5.228000E2,,
5.229000E2,,
5.230000E2,-3.959020E-2,-6.575373E-2
5.231000E2,,
5.232000E2,,
5.233000E2,,
5.234000E2,,
5.235000E2,,
5.236000E2,,
5.237000E2,,
5.238000E2,,
5.239000E2,,
5.240000E2,-3.959020E-2,-6.566666E-2
5.241000E2,,
5.242000E2,,
5.243000E2,,
5.244000E2,,
5.245000E2,,
5.246000E2,,
5.247000E2,,
5.248000E2,,
5.249000E2,,
5.250000E2,-3.959020E-2,-6.568946E-2
5.251000E2,,
5.252000E2,,
5.253000E2,,
5.254000E2,,
5.255000E2,,
5.256000E2,,
5.257000E2,,
5.258000E2,,
5.259000E2,,
5.260000E2,-3.959020E-2,-6.568539E-2
5.261000E2,,
5.262000E2,,
5.263000E2,,
5.264000E2,,
5.265000E2,,
5.266000E2,,
5.267000E2,,
5.268000E2,,
5.269000E2,,
5.270000E2,-3.959020E-2,-6.571523E-2
5.271000E2,,
5.272000E2,,
5.273000E2,,
5.274000E2,,
5.275000E2,,
5.276000E2,,
5.277000E2,,
5.278000E2,,
5.279000E2,,
5.280000E2,-3.959020E-2,-6.565655E-2
5.281000E2,,
5.282000E2,,
5.283000E2,,
5.284000E2,,
5.285000E2,,
5.286000E2,,
5.287000E2,,
5.288000E2,,
5.289000E2,,
5.290000E2,-3.959020E-2,-6.563225E-2
5.291000E2,,
5.292000E2,,
5.293000E2,,
5.294000E2,,
5.295000E2,,
5.296000E2,,
5.297000E2,,
5.298000E2,,
5.299000E2,,
5.300000E2,-3.959020E-2,-6.570990E-2
5.301000E2,,
5.302000E2,,
5.303000E2,,
5.304000E2,,
5.305000E2,,
5.306000E2,,
5.307000E2,,
5.308000E2,,
5.309000E2,,
5.310000E2,-3.959020E-2,-6.567091E-2
5.311000E2,,
5.312000E2,,
5.313000E2,,
5.314000E2,,
5.315000E2,,
5.316000E2,,
5.317000E2,,
5.318000E2,,
5.319000E2,,
5.320000E2,-3.959020E-2,-6.569872E-2
5.321000E2,,
5.322000E2,,
5.323000E2,,
5.324000E2,,
5.325000E2,,
5.326000E2,,
5.327000E2,,
5.328000E2,,
5.329000E2,,
5.330000E2,-3.959020E-2,-6.571865E-2
5.331000E2,,
5.332000E2,,
5.333000E2,,
5.334000E2,,
5.335000E2,,
5.336000E2,,
5.337000E2,,
5.338000E2,,
5.339000E2,,
5.340000E2,-3.959020E-2,-6.567563E-2
5.341000E2,,
5.342000E2,,
5.343000E2,,
5.344000E2,,
5.345000E2,,
5.346000E2,,
5.347000E2,,
5.348000E2,,
5.349000E2,,
5.350000E2,-3.959020E-2,-6.566164E-2
5.351000E2,,
5.352000E2,,
5.353000E2,,
5.354000E2,,
5.355000E2,,
5.356000E2,,
5.357000E2,,
5.358000E2,,
5.359000E2,,
5.360000E2,-3.959020E-2,-6.571545E-2
5.361000E2,,
5.362000E2,,
5.363000E2,,
5.364000E2,,
5.365000E2,,
5.366000E2,,
5.367000E2,,
5.368000E2,,
5.369000E2,,
5.370000E2,-3.959020E-2,-6.568394E-2
5.371000E2,,
5.372000E2,,
5.373000E2,,
5.374000E2,,
5.375000E2,,
5.376000E2,,
5.377000E2,,
5.378000E2,,
5.379000E2,,
5.380000E2,-3.959020E-2,-6.577527E-2
5.381000E2,,
5.382000E2,,
5.383000E2,,
5.384000E2,,
5.385000E2,,
5.386000E2,,
5.387000E2,,
5.388000E2,,
5.389000E2,,
5.390000E2,-3.959020E-2,-6.573414E-2
5.391000E2,,
5.392000E2,,
5.393000E2,,
5.394000E2,,
5.395000E2,,
5.396000E2,,
5.397000E2,,
5.398000E2,,
5.399000E2,,
5.400000E2,-3.959020E-2,-6.570139E-2
5.401000E2,,
5.402000E2,,
5.403000E2,,
5.404000E2,,
5.405000E2,,
5.406000E2,,
5.407000E2,,
5.408000E2,,
5.409000E2,,
5.410000E2,-3.959020E-2,-6.576891E-2
5.411000E2,,
5.412000E2,,
5.413000E2,,
5.414000E2,,
5.415000E2,,
5.416000E2,,
5.417000E2,,
5.418000E2,,
5.419000E2,,
5.420000E2,-3.959020E-2,-6.572596E-2
5.421000E2,,
5.422000E2,,
5.423000E2,,
5.424000E2,,
5.425000E2,,
5.426000E2,,
5.427000E2,,
5.428000E2,,
5.429000E2,,
5.430000E2,-3.959020E-2,-6.585905E-2
5.431000E2,,
5.432000E2,,
5.433000E2,,
5.434000E2,,
5.435000E2,,
5.436000E2,,
5.437000E2,,
5.438000E2,,
5.439000E2,,
5.440000E2,-3.959020E-2,-6.571499E-2
5.441000E2,,
5.442000E2,,
5.443000E2,,
5.444000E2,,
5.445000E2,,
5.446000E2,,
5.447000E2,,
5.448000E2,,
5.449000E2,,
5.450000E2,-3.959020E-2,-6.577529E-2
5.451000E2,,
5.452000E2,,
5.453000E2,,
5.454000E2,,
5.455000E2,,
5.456000E2,,
5.457000E2,,
5.458000E2,,
5.459000E2,,
5.460000E2,-3.959020E-2,-6.581376E-2
5.461000E2,,
5.462000E2,,
5.463000E2,,
5.464000E2,,
5.465000E2,,
5.466000E2,,
5.467000E2,,
5.468000E2,,
5.469000E2,,
5.470000E2,-3.959020E-2,-6.576438E-2
5.471000E2,,
5.472000E2,,
5.473000E2,,
5.474000E2,,
5.475000E2,,
5.476000E2,,
5.477000E2,,
5.478000E2,,
5.479000E2,,
5.480000E2,-3.959020E-2,-6.564730E-2
5.481000E2,,
5.482000E2,,
5.483000E2,,
5.484000E2,,
5.485000E2,,
5.486000E2,,
5.487000E2,,
5.488000E2,,
5.489000E2,,
5.490000E2,-3.959020E-2,-6.571341E-2
5.491000E2,,
5.492000E2,,
5.493000E2,,
5.494000E2,,
5.495000E2,,
5.496000E2,,
5.497000E2,,
5.498000E2,,
5.499000E2,,
5.500000E2,-3.959020E-2,-6.579959E-2
5.501000E2,,
5.502000E2,,
5.503000E2,,
5.504000E2,,
5.505000E2,,
5.506000E2,,
5.507000E2,,
5.508000E2,,
5.509000E2,,
5.510000E2,-3.959020E-2,-6.576399E-2
5.511000E2,,
5.512000E2,,
5.513000E2,,
5.514000E2,,
5.515000E2,,
5.516000E2,,
5.517000E2,,
5.518000E2,,
5.519000E2,,
5.520000E2,-3.959020E-2,-6.576027E-2
5.521000E2,,
5.522000E2,,
5.523000E2,,
5.524000E2,,
5.525000E2,,
5.526000E2,,
5.527000E2,,
5.528000E2,,
5.529000E2,,
5.530000E2,-3.959020E-2,-6.570841E-2
5.531000E2,,
5.532000E2,,
5.533000E2,,
5.534000E2,,
5.535000E2,,
5.536000E2,,
5.537000E2,,
5.538000E2,,
5.539000E2,,
5.540000E2,-3.959020E-2,-6.593775E-2
5.541000E2,,
5.542000E2,,
5.543000E2,,
5.544000E2,,
5.545000E2,,
5.546000E2,,
5.547000E2,,
5.548000E2,,
5.549000E2,,
5.550000E2,-3.959020E-2,-6.565879E-2
5.551000E2,,
5.552000E2,,
5.553000E2,,
5.554000E2,,
5.555000E2,,
5.556000E2,,
5.557000E2,,
5.558000E2,,
5.559000E2,,
5.560000E2,-3.959020E-2,-6.613226E-2
5.561000E2,,
5.562000E2,,
5.563000E2,,
5.564000E2,,
5.565000E2,,
5.566000E2,,
5.567000E2,,
5.568000E2,,
5.569000E2,,
5.570000E2,-3.959020E-2,-6.198830E-2
5.571000E2,,
5.572000E2,,
5.573000E2,,
5.574000E2,,
5.575000E2,,
5.576000E2,,
5.577000E2,,
5.578000E2,,
5.579000E2,,
5.580000E2,-3.959020E-2,-6.195804E-2
5.581000E2,,
5.582000E2,,
5.583000E2,,
5.584000E2,,
5.585000E2,,
5.586000E2,,
5.587000E2,,
5.588000E2,,
5.589000E2,,
5.590000E2,-3.959020E-2,-6.178623E-2
5.591000E2,,
5.592000E2,,
5.593000E2,,
5.594000E2,,
5.595000E2,,
5.596000E2,,
5.597000E2,,
5.598000E2,,
5.599000E2,,
5.600000E2,-3.959020E-2,-6.245614E-2
5.601000E2,,
5.602000E2,,
5.603000E2,,
5.604000E2,,
5.605000E2,,
5.606000E2,,
5.607000E2,,
5.608000E2,,
5.609000E2,,
5.610000E2,-3.959020E-2,-6.315789E-2
5.611000E2,,
5.612000E2,,
5.613000E2,,
5.614000E2,,
5.615000E2,,
5.616000E2,,
5.617000E2,,
5.618000E2,,
5.619000E2,,
5.620000E2,-3.959020E-2,-5.875225E-2
5.621000E2,,
5.622000E2,,
5.623000E2,,
5.624000E2,,
5.625000E2,,
5.626000E2,,
5.627000E2,,
5.628000E2,,
5.629000E2,,
5.630000E2,-3.959020E-2,-6.112148E-2
5.631000E2,,
5.632000E2,,
5.633000E2,,
5.634000E2,,
5.635000E2,,
5.636000E2,,
5.637000E2,,
5.638000E2,,
5.639000E2,,
5.640000E2,-3.959020E-2,-5.868925E-2
5.641000E2,,
5.642000E2,,
5.643000E2,,
5.644000E2,,
5.645000E2,,
5.646000E2,,
5.647000E2,,
5.648000E2,,
5.649000E2,,
5.650000E2,-3.959020E-2,-5.871667E-2
5.651000E2,,
5.652000E2,,
5.653000E2,,
5.654000E2,,
5.655000E2,,
5.656000E2,,
5.657000E2,,
5.658000E2,,
5.659000E2,,
5.660000E2,-3.959020E-2,-5.864594E-2
5.661000E2,,
5.662000E2,,
5.663000E2,,
5.664000E2,,
5.665000E2,,
5.666000E2,,
5.667000E2,,
5.668000E2,,
5.669000E2,,
5.670000E2,-3.959020E-2,-5.866825E-2
5.671000E2,,
5.672000E2,,
5.673000E2,,
5.674000E2,,
5.675000E2,,
5.676000E2,,
5.677000E2,,
5.678000E2,,
5.679000E2,,
5.680000E2,-3.959020E-2,-5.866652E-2
5.681000E2,,
5.682000E2,,
5.683000E2,,
5.684000E2,,
5.685000E2,,
5.686000E2,,
5.687000E2,,
5.688000E2,,
5.689000E2,,
5.690000E2,-3.959020E-2,-5.852505E-2
5.691000E2,,
5.692000E2,,
5.693000E2,,
5.694000E2,,
5.695000E2,,
5.696000E2,,
5.697000E2,,
5.698000E2,,
5.699000E2,,
5.700000E2,-3.959020E-2,-5.865219E-2
5.701000E2,,
5.702000E2,,
5.703000E2,,
5.704000E2,,
5.705000E2,,
5.706000E2,,
5.707000E2,,
5.708000E2,,
5.709000E2,,
5.710000E2,-3.959020E-2,-5.837630E-2
5.711000E2,,
5.712000E2,,
5.713000E2,,
5.714000E2,,
5.715000E2,,
5.716000E2,,
5.717000E2,,
5.718000E2,,
5.719000E2,,
5.720000E2,-3.959020E-2,-5.860213E-2
5.721000E2,,
5.722000E2,,
5.723000E2,,
5.724000E2,,
5.725000E2,,
5.726000E2,,
5.727000E2,,
5.728000E2,,
5.729000E2,,
5.730000E2,-3.959020E-2,-5.842802E-2
5.731000E2,,
5.732000E2,,
5.733000E2,,
5.734000E2,,
5.735000E2,,
5.736000E2,,
5.737000E2,,
5.738000E2,,
5.739000E2,,
5.740000E2,-3.959020E-2,-5.832288E-2
5.741000E2,,
5.742000E2,,
5.743000E2,,
5.744000E2,,
5.745000E2,,
5.746000E2,,
5.747000E2,,
5.748000E2,,
5.749000E2,,
5.750000E2,-3.959020E-2,-5.834826E-2
5.751000E2,,
5.752000E2,,
5.753000E2,,
5.754000E2,,
5.755000E2,,
5.756000E2,,
5.757000E2,,
5.758000E2,,
5.759000E2,,
5.760000E2,-3.959020E-2,-5.829569E-2
5.761000E2,,
5.762000E2,,
5.763000E2,,
5.764000E2,,
5.765000E2,,
5.766000E2,,
5.767000E2,,
5.768000E2,,
5.769000E2,,
5.770000E2,-3.959020E-2,-5.836716E-2
5.771000E2,,
5.772000E2,,
5.773000E2,,
5.774000E2,,
5.775000E2,,
5.776000E2,,
5.777000E2,,
5.778000E2,,
5.779000E2,,
5.780000E2,-3.959020E-2,-5.824701E-2
5.781000E2,,
5.782000E2,,
5.783000E2,,
5.784000E2,,
5.785000E2,,
5.786000E2,,
5.787000E2,,
5.788000E2,,
5.789000E2,,
5.790000E2,-3.959020E-2,-5.812357E-2
5.791000E2,,
5.792000E2,,
5.793000E2,,
5.794000E2,,
5.795000E2,,
5.796000E2,,
5.797000E2,,
5.798000E2,,
5.799000E2,,
5.800000E2,-3.959020E-2,-5.815024E-2
5.801000E2,,
5.802000E2,,
5.803000E2,,
5.804000E2,,
5.805000E2,,
5.806000E2,,
5.807000E2,,
5.808000E2,,
5.809000E2,,
5.810000E2,-3.959020E-2,-5.800143E-2
5.811000E2,,
5.812000E2,,
5.813000E2,,
5.814000E2,,
5.815000E2,,
5.816000E2,,
5.817000E2,,
5.818000E2,,
5.819000E2,,
5.820000E2,-3.959020E-2,-6.409357E-2
5.821000E2,,
5.822000E2,,
5.823000E2,,
5.824000E2,,
5.825000E2,,
5.826000E2,,
5.827000E2,,
5.828000E2,,
5.829000E2,,
5.830000E2,-3.959020E-2,-6.411182E-2
5.831000E2,,
5.832000E2,,
5.833000E2,,
5.834000E2,,
5.835000E2,,
5.836000E2,,
5.837000E2,,
5.838000E2,,
5.839000E2,,
5.840000E2,-3.959020E-2,-6.408888E-2
5.841000E2,,
5.842000E2,,
5.843000E2,,
5.844000E2,,
5.845000E2,,
5.846000E2,,
5.847000E2,,
5.848000E2,,
5.849000E2,,
5.850000E2,-3.959020E-2,-6.409817E-2
5.851000E2,,
5.852000E2,,
5.853000E2,,
5.854000E2,,
5.855000E2,,
5.856000E2,,
5.857000E2,,
5.858000E2,,
5.859000E2,,
5.860000E2,-3.959020E-2,-6.404760E-2
5.861000E2,,
5.862000E2,,
5.863000E2,,
5.864000E2,,
5.865000E2,,
5.866000E2,,
5.867000E2,,
5.868000E2,,
5.869000E2,,
5.870000E2,-3.959020E-2,-6.408625E-2
5.871000E2,,
5.872000E2,,
5.873000E2,,
5.874000E2,,
5.875000E2,,
5.876000E2,,
5.877000E2,,
5.878000E2,,
5.879000E2,,
5.880000E2,-3.959020E-2,-6.410118E-2
5.881000E2,,
5.882000E2,,
5.883000E2,,
5.884000E2,,
5.885000E2,,
5.886000E2,,
5.887000E2,,
5.888000E2,,
5.889000E2,,
5.890000E2,-3.959020E-2,-6.406378E-2
5.891000E2,,
5.892000E2,,
5.893000E2,,
5.894000E2,,
5.895000E2,,
5.896000E2,,
5.897000E2,,
5.898000E2,,
5.899000E2,,
5.900000E2,-3.959020E-2,-6.403170E-2
5.901000E2,,
5.902000E2,,
5.903000E2,,
5.904000E2,,
5.905000E2,,
5.906000E2,,
5.907000E2,,
5.908000E2,,
5.909000E2,,
5.910000E2,-3.959020E-2,-6.408246E-2
5.911000E2,,
5.912000E2,,
5.913000E2,,
5.914000E2,,
5.915000E2,,
5.916000E2,,
5.917000E2,,
5.918000E2,,
5.919000E2,,
5.920000E2,-3.959020E-2,-6.406306E-2
5.921000E2,,
5.922000E2,,
5.923000E2,,
5.924000E2,,
5.925000E2,,
5.926000E2,,
5.927000E2,,
5.928000E2,,
5.929000E2,,
5.930000E2,-3.959020E-2,-6.403182E-2
5.931000E2,,
5.932000E2,,
5.933000E2,,
5.934000E2,,
5.935000E2,,
5.936000E2,,
5.937000E2,,
5.938000E2,,
5.939000E2,,
5.940000E2,-3.959020E-2,-6.400799E-2
5.941000E2,,
5.942000E2,,
5.943000E2,,
5.944000E2,,
5.945000E2,,
5.946000E2,,
5.947000E2,,
5.948000E2,,
5.949000E2,,
5.950000E2,-3.959020E-2,-6.400816E-2
5.951000E2,,
5.952000E2,,
5.953000E2,,
5.954000E2,,
5.955000E2,,
5.956000E2,,
5.957000E2,,
5.958000E2,,
5.959000E2,,
5.960000E2,-3.959020E-2,-6.393877E-2
5.961000E2,,
5.962000E2,,
5.963000E2,,
5.964000E2,,
5.965000E2,,
5.966000E2,,
5.967000E2,,
5.968000E2,,
5.969000E2,,
5.970000E2,-3.959020E-2,-6.399885E-2
5.971000E2,,
5.972000E2,,
5.973000E2,,
5.974000E2,,
5.975000E2,,
5.976000E2,,
5.977000E2,,
5.978000E2,,
5.979000E2,,
5.980000E2,-3.959020E-2,-6.404186E-2
5.981000E2,,
5.982000E2,,
5.983000E2,,
5.984000E2,,
5.985000E2,,
5.986000E2,,
5.987000E2,,
5.988000E2,,
5.989000E2,,
5.990000E2,-3.959020E-2,-6.404111E-2
5.991000E2,,
5.992000E2,,
5.993000E2,,
5.994000E2,,
5.995000E2,,
5.996000E2,,
5.997000E2,,
5.998000E2,,
5.999000E2,,
6.000000E2,-3.959020E-2,-6.399639E-2
6.001000E2,,
6.002000E2,,
6.003000E2,,
6.004000E2,,
6.005000E2,,
6.006000E2,,
6.007000E2,,
6.008000E2,,
6.009000E2,,
6.010000E2,-3.959020E-2,-6.399906E-2
6.011000E2,,
6.012000E2,,
6.013000E2,,
6.014000E2,,
6.015000E2,,
6.016000E2,,
6.017000E2,,
6.018000E2,,
6.019000E2,,
6.020000E2,-3.959020E-2,-6.402255E-2
6.021000E2,,
6.022000E2,,
6.023000E2,,
6.024000E2,,
6.025000E2,,
6.026000E2,,
6.027000E2,,
6.028000E2,,
6.029000E2,,
6.030000E2,-3.959020E-2,-6.405021E-2
6.031000E2,,
6.032000E2,,
6.033000E2,,
6.034000E2,,
6.035000E2,,
6.036000E2,,
6.037000E2,,
6.038000E2,,
6.039000E2,,
6.040000E2,-3.959020E-2,-6.402932E-2
6.041000E2,,
6.042000E2,,
6.043000E2,,
6.044000E2,,
6.045000E2,,
6.046000E2,,
6.047000E2,,
6.048000E2,,
6.049000E2,,
6.050000E2,-3.959020E-2,-6.403452E-2
6.051000E2,,
6.052000E2,,
6.053000E2,,
6.054000E2,,
6.055000E2,,
6.056000E2,,
6.057000E2,,
6.058000E2,,
6.059000E2,,
6.060000E2,-3.959020E-2,-6.397366E-2
6.061000E2,,
6.062000E2,,
6.063000E2,,
6.064000E2,,
6.065000E2,,
6.066000E2,,
6.067000E2,,
6.068000E2,,
6.069000E2,,
6.070000E2,-3.959020E-2,-6.407881E-2
6.071000E2,,
6.072000E2,,
6.073000E2,,
6.074000E2,,
6.075000E2,,
6.076000E2,,
6.077000E2,,
6.078000E2,,
6.079000E2,,
6.080000E2,-3.959020E-2,-6.407003E-2
6.081000E2,,
6.082000E2,,
6.083000E2,,
6.084000E2,,
6.085000E2,,
6.086000E2,,
6.087000E2,,
6.088000E2,,
6.089000E2,,
6.090000E2,-3.959020E-2,-6.398232E-2
6.091000E2,,
6.092000E2,,
6.093000E2,,
6.094000E2,,
6.095000E2,,
6.096000E2,,
6.097000E2,,
6.098000E2,,
6.099000E2,,
6.100000E2,-3.959020E-2,-6.403703E-2
6.101000E2,,
6.102000E2,,
6.103000E2,,
6.104000E2,,
6.105000E2,,
6.106000E2,,
6.107000E2,,
6.108000E2,,
6.109000E2,,
6.110000E2,-3.959020E-2,-6.406320E-2
6.111000E2,,
6.112000E2,,
6.113000E2,,
6.114000E2,,
6.115000E2,,
6.116000E2,,
6.117000E2,,
6.118000E2,,
6.119000E2,,
6.120000E2,-3.959020E-2,-6.400568E-2
6.121000E2,,
6.122000E2,,
6.123000E2,,
6.124000E2,,
6.125000E2,,
6.126000E2,,
6.127000E2,,
6.128000E2,,
6.129000E2,,
6.130000E2,-3.959020E-2,-6.403434E-2
6.131000E2,,
6.132000E2,,
6.133000E2,,
6.134000E2,,
6.135000E2,,
6.136000E2,,
6.137000E2,,
6.138000E2,,
6.139000E2,,
6.140000E2,-3.959020E-2,-6.401106E-2
6.141000E2,,
6.142000E2,,
6.143000E2,,
6.144000E2,,
6.145000E2,,
6.146000E2,,
6.147000E2,,
6.148000E2,,
6.149000E2,,
6.150000E2,-3.959020E-2,-6.401485E-2
6.151000E2,,
6.152000E2,,
6.153000E2,,
6.154000E2,,
6.155000E2,,
6.156000E2,,
6.157000E2,,
6.158000E2,,
6.159000E2,,
6.160000E2,-3.959020E-2,-6.402355E-2
6.161000E2,,
6.162000E2,,
6.163000E2,,
6.164000E2,,
6.165000E2,,
6.166000E2,,
6.167000E2,,
6.168000E2,,
6.169000E2,,
6.170000E2,-3.959020E-2,-6.403990E-2
6.171000E2,,
6.172000E2,,
6.173000E2,,
6.174000E2,,
6.175000E2,,
6.176000E2,,
6.177000E2,,
6.178000E2,,
6.179000E2,,
6.180000E2,-3.959020E-2,-6.400965E-2
6.181000E2,,
6.182000E2,,
6.183000E2,,
6.184000E2,,
6.185000E2,,
6.186000E2,,
6.187000E2,,
6.188000E2,,
6.189000E2,,
6.190000E2,-3.959020E-2,-6.400060E-2
6.191000E2,,
6.192000E2,,
6.193000E2,,
6.194000E2,,
6.195000E2,,
6.196000E2,,
6.197000E2,,
6.198000E2,,
6.199000E2,,
6.200000E2,-3.959020E-2,-6.402915E-2
6.201000E2,,
6.202000E2,,
6.203000E2,,
6.204000E2,,
6.205000E2,,
6.206000E2,,
6.207000E2,,
6.208000E2,,
6.209000E2,,
6.210000E2,-3.959020E-2,-6.401049E-2
6.211000E2,,
6.212000E2,,
6.213000E2,,
6.214000E2,,
6.215000E2,,
6.216000E2,,
6.217000E2,,
6.218000E2,,
6.219000E2,,
6.220000E2,-3.959020E-2,-6.404069E-2
6.221000E2,,
6.222000E2,,
6.223000E2,,
6.224000E2,,
6.225000E2,,
6.226000E2,,
6.227000E2,,
6.228000E2,,
6.229000E2,,
6.230000E2,-3.959020E-2,-6.407381E-2
6.231000E2,,
6.232000E2,,
6.233000E2,,
6.234000E2,,
6.235000E2,,
6.236000E2,,
6.237000E2,,
6.238000E2,,
6.239000E2,,
6.240000E2,-3.959020E-2,-6.403778E-2
6.241000E2,,
6.242000E2,,
6.243000E2,,
6.244000E2,,
6.245000E2,,
6.246000E2,,
6.247000E2,,
6.248000E2,,
6.249000E2,,
6.250000E2,-3.959020E-2,-6.397564E-2
6.251000E2,,
6.252000E2,,
6.253000E2,,
6.254000E2,,
6.255000E2,,
6.256000E2,,
6.257000E2,,
6.258000E2,,
6.259000E2,,
6.260000E2,-3.959020E-2,-6.402093E-2
6.261000E2,,
6.262000E2,,
6.263000E2,,
6.264000E2,,
6.265000E2,,
6.266000E2,,
6.267000E2,,
6.268000E2,,
6.269000E2,,
6.270000E2,-3.959020E-2,-6.407028E-2
6.271000E2,,
6.272000E2,,
6.273000E2,,
6.274000E2,,
6.275000E2,,
6.276000E2,,
6.277000E2,,
6.278000E2,,
6.279000E2,,
6.280000E2,-3.959020E-2,-6.404890E-2
6.281000E2,,
6.282000E2,,
6.283000E2,,
6.284000E2,,
6.285000E2,,
6.286000E2,,
6.287000E2,,
6.288000E2,,
6.289000E2,,
6.290000E2,,-6.403260E-2
6.291000E2,,
6.292000E2,,
6.293000E2,,
6.294000E2,,
6.295000E2,,
6.296000E2,,
6.297000E2,,
6.298000E2,,
6.299000E2,,
6.300000E2,,-6.407762E-2
6.301000E2,,
6.302000E2,,
6.303000E2,,
6.304000E2,,
6.305000E2,,
6.306000E2,,
6.307000E2,,
6.308000E2,,
6.309000E2,,
6.310000E2,-3.958921E-2,-6.399118E-2
6.311000E2,,
6.312000E2,,
6.313000E2,,
6.314000E2,,
6.315000E2,,
6.316000E2,,
6.317000E2,,
6.318000E2,,
6.319000E2,,
6.320000E2,-3.958939E-2,-6.408921E-2
6.321000E2,,
6.322000E2,,
6.323000E2,,
6.324000E2,,
6.325000E2,,
6.326000E2,,
6.327000E2,,
6.328000E2,,
6.329000E2,,
6.330000E2,-3.958957E-2,-6.402215E-2
6.331000E2,,
6.332000E2,,
6.333000E2,,
6.334000E2,,
6.335000E2,,
6.336000E2,,
6.337000E2,,
6.338000E2,,
6.339000E2,,
6.340000E2,-3.958975E-2,-6.399455E-2
6.341000E2,,
6.342000E2,,
6.343000E2,,
6.344000E2,,
6.345000E2,,
6.346000E2,,
6.347000E2,,
6.348000E2,,
6.349000E2,,
6.350000E2,-3.958988E-2,-6.405341E-2
6.351000E2,,
6.352000E2,,
6.353000E2,,
6.354000E2,,
6.355000E2,,
6.356000E2,,
6.357000E2,,
6.358000E2,,
6.359000E2,,
6.360000E2,-3.959002E-2,-6.403151E-2
6.361000E2,,
6.362000E2,,
6.363000E2,,
6.364000E2,,
6.365000E2,,
6.366000E2,,
6.367000E2,,
6.368000E2,,
6.369000E2,,
6.370000E2,-3.959007E-2,-6.405214E-2
6.371000E2,,
6.372000E2,,
6.373000E2,,
6.374000E2,,
6.375000E2,,
6.376000E2,,
6.377000E2,,
6.378000E2,,
6.379000E2,,
6.380000E2,-3.959012E-2,-6.407800E-2
6.381000E2,,
6.382000E2,,
6.383000E2,,
6.384000E2,,
6.385000E2,,
6.386000E2,,
6.387000E2,,
6.388000E2,,
6.389000E2,,
6.390000E2,-3.959012E-2,-6.397374E-2
6.391000E2,,
6.392000E2,,
6.393000E2,,
6.394000E2,,
6.395000E2,,
6.396000E2,,
6.397000E2,,
6.398000E2,,
6.399000E2,,
6.400000E2,-3.959012E-2,-6.414067E-2
6.401000E2,,
6.402000E2,,
6.403000E2,,
6.404000E2,,
6.405000E2,,
6.406000E2,,
6.407000E2,,
6.408000E2,,
6.409000E2,,
6.410000E2,-3.959012E-2,-6.398546E-2
6.411000E2,,
6.412000E2,,
6.413000E2,,
6.414000E2,,
6.415000E2,,
6.416000E2,,
6.417000E2,,
6.418000E2,,
6.419000E2,,
6.420000E2,-3.959012E-2,-6.408781E-2
6.421000E2,,
6.422000E2,,
6.423000E2,,
6.424000E2,,
6.425000E2,,
6.426000E2,,
6.427000E2,,
6.428000E2,,
6.429000E2,,
6.430000E2,-3.959012E-2,-6.404207E-2
6.431000E2,,
6.432000E2,,
6.433000E2,,
6.434000E2,,
6.435000E2,,
6.436000E2,,
6.437000E2,,
6.438000E2,,
6.439000E2,,
6.440000E2,-3.959012E-2,-6.405052E-2
6.441000E2,,
6.442000E2,,
6.443000E2,,
6.444000E2,,
6.445000E2,,
6.446000E2,,
6.447000E2,,
6.448000E2,,
6.449000E2,,
6.450000E2,-3.959012E-2,-6.406845E-2
6.451000E2,,
6.452000E2,,
6.453000E2,,
6.454000E2,,
6.455000E2,,
6.456000E2,,
6.457000E2,,
6.458000E2,,
6.459000E2,,
6.460000E2,-3.959012E-2,-6.407404E-2
6.461000E2,,
6.462000E2,,
6.463000E2,,
6.464000E2,,
6.465000E2,,
6.466000E2,,
6.467000E2,,
6.468000E2,,
6.469000E2,,
6.470000E2,-3.959012E-2,-6.405629E-2
6.471000E2,,
6.472000E2,,
6.473000E2,,
6.474000E2,,
6.475000E2,,
6.476000E2,,
6.477000E2,,
6.478000E2,,
6.479000E2,,
6.480000E2,-3.959012E-2,-6.403899E-2
6.481000E2,,
6.482000E2,,
6.483000E2,,
6.484000E2,,
6.485000E2,,
6.486000E2,,
6.487000E2,,
6.488000E2,,
6.489000E2,,
6.490000E2,-3.959012E-2,-6.406029E-2
6.491000E2,,
6.492000E2,,
6.493000E2,,
6.494000E2,,
6.495000E2,,
6.496000E2,,
6.497000E2,,
6.498000E2,,
6.499000E2,,
6.500000E2,-3.959012E-2,-6.404362E-2
6.501000E2,,
6.502000E2,,
6.503000E2,,
6.504000E2,,
6.505000E2,,
6.506000E2,,
6.507000E2,,
6.508000E2,,
6.509000E2,,
6.510000E2,-3.959012E-2,-6.404826E-2
6.511000E2,,
6.512000E2,,
6.513000E2,,
6.514000E2,,
6.515000E2,,
6.516000E2,,
6.517000E2,,
6.518000E2,,
6.519000E2,,
6.520000E2,-3.959012E-2,-6.408758E-2
6.521000E2,,
6.522000E2,,
6.523000E2,,
6.524000E2,,
6.525000E2,,
6.526000E2,,
6.527000E2,,
6.528000E2,,
6.529000E2,,
6.530000E2,-3.959012E-2,-6.245614E-2
6.531000E2,,
6.532000E2,,
6.533000E2,,
6.534000E2,,
6.535000E2,,
6.536000E2,,
6.537000E2,,
6.538000E2,,
6.539000E2,,
6.540000E2,-3.959012E-2,-6.239161E-2
6.541000E2,,
6.542000E2,,
6.543000E2,,
6.544000E2,,
6.545000E2,,
6.546000E2,,
6.547000E2,,
6.548000E2,,
6.549000E2,,
6.550000E2,-3.959012E-2,-6.239735E-2
6.551000E2,,
6.552000E2,,
6.553000E2,,
6.554000E2,,
6.555000E2,,
6.556000E2,,
6.557000E2,,
6.558000E2,,
6.559000E2,,
6.560000E2,-3.959012E-2,-6.238592E-2
6.561000E2,,
6.562000E2,,
6.563000E2,,
6.564000E2,,
6.565000E2,,
6.566000E2,,
6.567000E2,,
6.568000E2,,
6.569000E2,,
6.570000E2,-3.959012E-2,-6.242756E-2
6.571000E2,,
6.572000E2,,
6.573000E2,,
6.574000E2,,
6.575000E2,,
6.576000E2,,
6.577000E2,,
6.578000E2,,
6.579000E2,,
6.580000E2,-3.959012E-2,-6.251005E-2
6.581000E2,,
6.582000E2,,
6.583000E2,,
6.584000E2,,
6.585000E2,,
6.586000E2,,
6.587000E2,,
6.588000E2,,
6.589000E2,,
6.590000E2,-3.959012E-2,-6.243544E-2
6.591000E2,,
6.592000E2,,
6.593000E2,,
6.594000E2,,
6.595000E2,,
6.596000E2,,
6.597000E2,,
6.598000E2,,
6.599000E2,,
6.600000E2,-3.959012E-2,-6.243500E-2
6.601000E2,,
6.602000E2,,
6.603000E2,,
6.604000E2,,
6.605000E2,,
6.606000E2,,
6.607000E2,,
6.608000E2,,
6.609000E2,,
6.610000E2,-3.959012E-2,-6.246140E-2
6.611000E2,,
6.612000E2,,
6.613000E2,,
6.614000E2,,
6.615000E2,,
6.616000E2,,
6.617000E2,,
6.618000E2,,
6.619000E2,,
6.620000E2,-3.959012E-2,-6.245185E-2
6.621000E2,,
6.622000E2,,
6.623000E2,,
6.624000E2,,
6.625000E2,,
6.626000E2,,
6.627000E2,,
6.628000E2,,
6.629000E2,,
6.630000E2,-3.959012E-2,-6.243010E-2
6.631000E2,,
6.632000E2,,
6.633000E2,,
6.634000E2,,
6.635000E2,,
6.636000E2,,
6.637000E2,,
6.638000E2,,
6.639000E2,,
6.640000E2,-3.959012E-2,-6.244311E-2
6.641000E2,,
6.642000E2,,
6.643000E2,,
6.644000E2,,
6.645000E2,,
6.646000E2,,
6.647000E2,,
6.648000E2,,
6.649000E2,,
6.650000E2,-3.959012E-2,-6.245549E-2
6.651000E2,,
6.652000E2,,
6.653000E2,,
6.654000E2,,
6.655000E2,,
6.656000E2,,
6.657000E2,,
6.658000E2,,
6.659000E2,,
6.660000E2,-3.959012E-2,-6.236618E-2
6.661000E2,,
6.662000E2,,
6.663000E2,,
6.664000E2,,
6.665000E2,,
6.666000E2,,
6.667000E2,,
6.668000E2,,
6.669000E2,,
6.670000E2,-3.959012E-2,-6.244835E-2
6.671000E2,,
6.672000E2,,
6.673000E2,,
6.674000E2,,
6.675000E2,,
6.676000E2,,
6.677000E2,,
6.678000E2,,
6.679000E2,,
6.680000E2,-3.959012E-2,-6.245232E-2
6.681000E2,,
6.682000E2,,
6.683000E2,,
6.684000E2,,
6.685000E2,,
6.686000E2,,
6.687000E2,,
6.688000E2,,
6.689000E2,,
6.690000E2,-3.959012E-2,-6.248187E-2
6.691000E2,,
6.692000E2,,
6.693000E2,,
6.694000E2,,
6.695000E2,,
6.696000E2,,
6.697000E2,,
6.698000E2,,
6.699000E2,,
6.700000E2,-3.959012E-2,-6.245716E-2
6.701000E2,,
6.702000E2,,
6.703000E2,,
6.704000E2,,
6.705000E2,,
6.706000E2,,
6.707000E2,,
6.708000E2,,
6.709000E2,,
6.710000E2,-3.959012E-2,-6.241211E-2
6.711000E2,,
6.712000E2,,
6.713000E2,,
6.714000E2,,
6.715000E2,,
6.716000E2,,
6.717000E2,,
6.718000E2,,
6.719000E2,,
6.720000E2,-3.959012E-2,-6.244189E-2
6.721000E2,,
6.722000E2,,
6.723000E2,,
6.724000E2,,
6.725000E2,,
6.726000E2,,
6.727000E2,,
6.728000E2,,
6.729000E2,,
6.730000E2,-3.959012E-2,-6.243139E-2
6.731000E2,,
6.732000E2,,
6.733000E2,,
6.734000E2,,
6.735000E2,,
6.736000E2,,
6.737000E2,,
6.738000E2,,
6.739000E2,,
6.740000E2,-3.959012E-2,-6.240717E-2
6.741000E2,,
6.742000E2,,
6.743000E2,,
6.744000E2,,
6.745000E2,,
6.746000E2,,
6.747000E2,,
6.748000E2,,
6.749000E2,,
6.750000E2,-3.959012E-2,-6.237373E-2
6.751000E2,,
6.752000E2,,
6.753000E2,,
6.754000E2,,
6.755000E2,,
6.756000E2,,
6.757000E2,,
6.758000E2,,
6.759000E2,,
6.760000E2,-3.959012E-2,-6.246227E-2
6.761000E2,,
6.762000E2,,
6.763000E2,,
6.764000E2,,
6.765000E2,,
6.766000E2,,
6.767000E2,,
6.768000E2,,
6.769000E2,,
6.770000E2,-3.959012E-2,-6.238141E-2
6.771000E2,,
6.772000E2,,
6.773000E2,,
6.774000E2,,
6.775000E2,,
6.776000E2,,
6.777000E2,,
6.778000E2,,
6.779000E2,,
6.780000E2,-3.959012E-2,-6.241854E-2
6.781000E2,,
6.782000E2,,
6.783000E2,,
6.784000E2,,
6.785000E2,,
6.786000E2,,
6.787000E2,,
6.788000E2,,
6.789000E2,,
6.790000E2,-3.959012E-2,-6.241202E-2
6.791000E2,,
6.792000E2,,
6.793000E2,,
6.794000E2,,
6.795000E2,,
6.796000E2,,
6.797000E2,,
6.798000E2,,
6.799000E2,,
6.800000E2,-3.959012E-2,-6.240186E-2
6.801000E2,,
6.802000E2,,
6.803000E2,,
6.804000E2,,
6.805000E2,,
6.806000E2,,
6.807000E2,,
6.808000E2,,
6.809000E2,,
6.810000E2,-3.959012E-2,-6.236966E-2
6.811000E2,,
6.812000E2,,
6.813000E2,,
6.814000E2,,
6.815000E2,,
6.816000E2,,
6.817000E2,,
6.818000E2,,
6.819000E2,,
6.820000E2,-3.959012E-2,-6.247048E-2
6.821000E2,,
6.822000E2,,
6.823000E2,,
6.824000E2,,
6.825000E2,,
6.826000E2,,
6.827000E2,,
6.828000E2,,
6.829000E2,,
6.830000E2,-3.959012E-2,-6.242309E-2
6.831000E2,,
6.832000E2,,
6.833000E2,,
6.834000E2,,
6.835000E2,,
6.836000E2,,
6.837000E2,,
6.838000E2,,
6.839000E2,,
6.840000E2,-3.959012E-2,-6.242209E-2
6.841000E2,,
6.842000E2,,
6.843000E2,,
6.844000E2,,
6.845000E2,,
6.846000E2,,
6.847000E2,,
6.848000E2,,
6.849000E2,,
6.850000E2,-3.959012E-2,-6.243148E-2
6.851000E2,,
6.852000E2,,
6.853000E2,,
6.854000E2,,
6.855000E2,,
6.856000E2,,
6.857000E2,,
6.858000E2,,
6.859000E2,,
6.860000E2,-3.959012E-2,-6.243653E-2
6.861000E2,,
6.862000E2,,
6.863000E2,,
6.864000E2,,
6.865000E2,,
6.866000E2,,
6.867000E2,,
6.868000E2,,
6.869000E2,,
6.870000E2,-3.959012E-2,-6.239444E-2
6.871000E2,,
6.872000E2,,
6.873000E2,,
6.874000E2,,
6.875000E2,,
6.876000E2,,
6.877000E2,,
6.878000E2,,
6.879000E2,,
6.880000E2,-3.959012E-2,-6.242366E-2
6.881000E2,,
6.882000E2,,
6.883000E2,,
6.884000E2,,
6.885000E2,,
6.886000E2,,
6.887000E2,,
6.888000E2,,
6.889000E2,,
6.890000E2,-3.959012E-2,-6.242546E-2
6.891000E2,,
6.892000E2,,
6.893000E2,,
6.894000E2,,
6.895000E2,,
6.896000E2,,
6.897000E2,,
6.898000E2,,
6.899000E2,,
6.900000E2,-3.959012E-2,-6.243670E-2
6.901000E2,,
6.902000E2,,
6.903000E2,,
6.904000E2,,
6.905000E2,,
6.906000E2,,
6.907000E2,,
6.908000E2,,
6.909000E2,,
6.910000E2,-3.959012E-2,-6.244190E-2
6.911000E2,,
6.912000E2,,
6.913000E2,,
6.914000E2,,
6.915000E2,,
6.916000E2,,
6.917000E2,,
6.918000E2,,
6.919000E2,,
6.920000E2,-3.959012E-2,-6.240907E-2
6.921000E2,,
6.922000E2,,
6.923000E2,,
6.924000E2,,
6.925000E2,,
6.926000E2,,
6.927000E2,,
6.928000E2,,
6.929000E2,,
6.930000E2,-3.959012E-2,-6.247324E-2
6.931000E2,,
6.932000E2,,
6.933000E2,,
6.934000E2,,
6.935000E2,,
6.936000E2,,
6.937000E2,,
6.938000E2,,
6.939000E2,,
6.940000E2,-3.959012E-2,-6.240894E-2
6.941000E2,,
6.942000E2,,
6.943000E2,,
6.944000E2,,
6.945000E2,,
6.946000E2,,
6.947000E2,,
6.948000E2,,
6.949000E2,,
6.950000E2,-3.959012E-2,-6.244257E-2
6.951000E2,,
6.952000E2,,
6.953000E2,,
6.954000E2,,
6.955000E2,,
6.956000E2,,
6.957000E2,,
6.958000E2,,
6.959000E2,,
6.960000E2,-3.959012E-2,-6.240518E-2
6.961000E2,,
6.962000E2,,
6.963000E2,,
6.964000E2,,
6.965000E2,,
6.966000E2,,
6.967000E2,,
6.968000E2,,
6.969000E2,,
6.970000E2,-3.959012E-2,-6.237197E-2
6.971000E2,,
6.972000E2,,
6.973000E2,,
6.974000E2,,
6.975000E2,,
6.976000E2,,
6.977000E2,,
6.978000E2,,
6.979000E2,,
6.980000E2,-3.959012E-2,-6.226692E-2
6.981000E2,,
6.982000E2,,
6.983000E2,,
6.984000E2,,
6.985000E2,,
6.986000E2,,
6.987000E2,,
6.988000E2,,
6.989000E2,,
6.990000E2,-3.959012E-2,-6.233959E-2
6.991000E2,,
6.992000E2,,
6.993000E2,,
6.994000E2,,
6.995000E2,,
6.996000E2,,
6.997000E2,,
6.998000E2,,
6.999000E2,,
7.000000E2,-3.959012E-2,-6.239290E-2
7.001000E2,,
7.002000E2,,
7.003000E2,,
7.004000E2,,
7.005000E2,,
7.006000E2,,
7.007000E2,,
7.008000E2,,
7.009000E2,,
7.010000E2,-3.959012E-2,-6.234928E-2
7.011000E2,,
7.012000E2,,
7.013000E2,,
7.014000E2,,
7.015000E2,,
7.016000E2,,
7.017000E2,,
7.018000E2,,
7.019000E2,,
7.020000E2,-3.959012E-2,-6.235440E-2
7.021000E2,,
7.022000E2,,
7.023000E2,,
7.024000E2,,
7.025000E2,,
7.026000E2,,
7.027000E2,,
7.028000E2,,
7.029000E2,,
7.030000E2,-3.959012E-2,-6.240233E-2
7.031000E2,,
7.032000E2,,
7.033000E2,,
7.034000E2,,
7.035000E2,,
7.036000E2,,
7.037000E2,,
7.038000E2,,
7.039000E2,,
7.040000E2,-3.959012E-2,-6.239671E-2
7.041000E2,,
7.042000E2,,
7.043000E2,,
7.044000E2,,
7.045000E2,,
7.046000E2,,
7.047000E2,,
7.048000E2,,
7.049000E2,,
7.050000E2,-3.959012E-2,-6.240809E-2
7.051000E2,,
7.052000E2,,
7.053000E2,,
7.054000E2,,
7.055000E2,,
7.056000E2,,
7.057000E2,,
7.058000E2,,
7.059000E2,,
7.060000E2,-3.959012E-2,-6.247759E-2
7.061000E2,,
7.062000E2,,
7.063000E2,,
7.064000E2,,
7.065000E2,,
7.066000E2,,
7.067000E2,,
7.068000E2,,
7.069000E2,,
7.070000E2,-3.959012E-2,-6.234534E-2
7.071000E2,,
7.072000E2,,
7.073000E2,,
7.074000E2,,
7.075000E2,,
7.076000E2,,
7.077000E2,,
7.078000E2,,
7.079000E2,,
7.080000E2,-3.959012E-2,-6.238906E-2
7.081000E2,,
7.082000E2,,
7.083000E2,,
7.084000E2,,
7.085000E2,,
7.086000E2,,
7.087000E2,,
7.088000E2,,
7.089000E2,,
7.090000E2,-3.959012E-2,-6.237440E-2
7.091000E2,,
7.092000E2,,
7.093000E2,,
7.094000E2,,
7.095000E2,,
7.096000E2,,
7.097000E2,,
7.098000E2,,
7.099000E2,,
7.100000E2,-3.959012E-2,-6.238406E-2
7.101000E2,,
7.102000E2,,
7.103000E2,,
7.104000E2,,
7.105000E2,,
7.106000E2,,
7.107000E2,,
7.108000E2,,
7.109000E2,,
7.110000E2,-3.959012E-2,-6.241807E-2
7.111000E2,,
7.112000E2,,
7.113000E2,,
7.114000E2,,
7.115000E2,,
7.116000E2,,
7.117000E2,,
7.118000E2,,
7.119000E2,,
7.120000E2,-3.959012E-2,-6.245821E-2
7.121000E2,,
7.122000E2,,
7.123000E2,,
7.124000E2,,
7.125000E2,,
7.126000E2,,
7.127000E2,,
7.128000E2,,
7.129000E2,,
7.130000E2,-3.959012E-2,-6.242498E-2
7.131000E2,,
7.132000E2,,
7.133000E2,,
7.134000E2,,
7.135000E2,,
7.136000E2,,
7.137000E2,,
7.138000E2,,
7.139000E2,,
7.140000E2,-3.959012E-2,-6.241444E-2
7.141000E2,,
7.142000E2,,
7.143000E2,,
7.144000E2,,
7.145000E2,,
7.146000E2,,
7.147000E2,,
7.148000E2,,
7.149000E2,,
7.150000E2,-3.959012E-2,-6.246859E-2
7.151000E2,,
7.152000E2,,
7.153000E2,,
7.154000E2,,
7.155000E2,,
7.156000E2,,
7.157000E2,,
7.158000E2,,
7.159000E2,,
7.160000E2,-3.959012E-2,-6.239688E-2
7.161000E2,,
7.162000E2,,
7.163000E2,,
7.164000E2,,
7.165000E2,,
7.166000E2,,
7.167000E2,,
7.168000E2,,
7.169000E2,,
7.170000E2,-3.959012E-2,-6.241993E-2
7.171000E2,,
7.172000E2,,
7.173000E2,,
7.174000E2,,
7.175000E2,,
7.176000E2,,
7.177000E2,,
7.178000E2,,
7.179000E2,,
7.180000E2,-3.959012E-2,-6.237938E-2
7.181000E2,,
7.182000E2,,
7.183000E2,,
7.184000E2,,
7.185000E2,,
7.186000E2,,
7.187000E2,,
7.188000E2,,
7.189000E2,,
7.190000E2,-3.959012E-2,-6.243279E-2
7.191000E2,,
7.192000E2,,
7.193000E2,,
7.194000E2,,
7.195000E2,,
7.196000E2,,
7.197000E2,,
7.198000E2,,
7.199000E2,,
7.200000E2,-3.959012E-2,-6.241050E-2
7.201000E2,,
7.202000E2,,
7.203000E2,,
7.204000E2,,
7.205000E2,,
7.206000E2,,
7.207000E2,,
7.208000E2,,
7.209000E2,,
7.210000E2,-3.959037E-2,-6.240496E-2
7.211000E2,,
7.212000E2,,
7.213000E2,,
7.214000E2,,
7.215000E2,,
7.216000E2,,
7.217000E2,,
7.218000E2,,
7.219000E2,,
7.220000E2,-3.959037E-2,-6.239303E-2
7.221000E2,,
7.222000E2,,
7.223000E2,,
7.224000E2,,
7.225000E2,,
7.226000E2,,
7.227000E2,,
7.228000E2,,
7.229000E2,,
7.230000E2,-3.959037E-2,-6.244474E-2
7.231000E2,,
7.232000E2,,
7.233000E2,,
7.234000E2,,
7.235000E2,,
7.236000E2,,
7.237000E2,,
7.238000E2,,
7.239000E2,,
7.240000E2,-3.959037E-2,-6.241415E-2
7.241000E2,,
7.242000E2,,
7.243000E2,,
7.244000E2,,
7.245000E2,,
7.246000E2,,
7.247000E2,,
7.248000E2,,
7.249000E2,,
7.250000E2,-3.959037E-2,-6.245152E-2
7.251000E2,,
7.252000E2,,
7.253000E2,,
7.254000E2,,
7.255000E2,,
7.256000E2,,
7.257000E2,,
7.258000E2,,
7.259000E2,,
7.260000E2,-3.959037E-2,-6.237600E-2
7.261000E2,,
7.262000E2,,
7.263000E2,,
7.264000E2,,
7.265000E2,,
7.266000E2,,
7.267000E2,,
7.268000E2,,
7.269000E2,,
7.270000E2,-3.959037E-2,-6.238770E-2
7.271000E2,,
7.272000E2,,
7.273000E2,,
7.274000E2,,
7.275000E2,,
7.276000E2,,
7.277000E2,,
7.278000E2,,
7.279000E2,,
7.280000E2,-3.959037E-2,-6.245444E-2
7.281000E2,,
7.282000E2,,
7.283000E2,,
7.284000E2,,
7.285000E2,,
7.286000E2,,
7.287000E2,,
7.288000E2,,
7.289000E2,,
7.290000E2,-3.959037E-2,-6.249146E-2
7.291000E2,,
7.292000E2,,
7.293000E2,,
7.294000E2,,
7.295000E2,,
7.296000E2,,
7.297000E2,,
7.298000E2,,
7.299000E2,,
7.300000E2,-3.959037E-2,-6.238836E-2
7.301000E2,,
7.302000E2,,
7.303000E2,,
7.304000E2,,
7.305000E2,,
7.306000E2,,
7.307000E2,,
7.308000E2,,
7.309000E2,,
7.310000E2,-3.959037E-2,-6.236029E-2
7.311000E2,,
7.312000E2,,
7.313000E2,,
7.314000E2,,
7.315000E2,,
7.316000E2,,
7.317000E2,,
7.318000E2,,
7.319000E2,,
7.320000E2,-3.959037E-2,-6.246213E-2
7.321000E2,,
7.322000E2,,
7.323000E2,,
7.324000E2,,
7.325000E2,,
7.326000E2,,
7.327000E2,,
7.328000E2,,
7.329000E2,,
7.330000E2,-3.959037E-2,-6.236474E-2
7.331000E2,,
7.332000E2,,
7.333000E2,,
7.334000E2,,
7.335000E2,,
7.336000E2,,
7.337000E2,,
7.338000E2,,
7.339000E2,,
7.340000E2,-3.959037E-2,-6.247112E-2
7.341000E2,,
7.342000E2,,
7.343000E2,,
7.344000E2,,
7.345000E2,,
7.346000E2,,
7.347000E2,,
7.348000E2,,
7.349000E2,,
7.350000E2,-3.959037E-2,-6.241249E-2
7.351000E2,,
7.352000E2,,
7.353000E2,,
7.354000E2,,
7.355000E2,,
7.356000E2,,
7.357000E2,,
7.358000E2,,
7.359000E2,,
7.360000E2,-3.959037E-2,-6.240244E-2
7.361000E2,,
7.362000E2,,
7.363000E2,,
7.364000E2,,
7.365000E2,,
7.366000E2,,
7.367000E2,,
7.368000E2,,
7.369000E2,,
7.370000E2,-3.959037E-2,-6.238354E-2
7.371000E2,,
7.372000E2,,
7.373000E2,,
7.374000E2,,
7.375000E2,,
7.376000E2,,
7.377000E2,,
7.378000E2,,
7.379000E2,,
7.380000E2,-3.959037E-2,-6.241683E-2
7.381000E2,,
7.382000E2,,
7.383000E2,,
7.384000E2,,
7.385000E2,,
7.386000E2,,
7.387000E2,,
7.388000E2,,
7.389000E2,,
7.390000E2,-3.959037E-2,-6.243497E-2
7.391000E2,,
7.392000E2,,
7.393000E2,,
7.394000E2,,
7.395000E2,,
7.396000E2,,
7.397000E2,,
7.398000E2,,
7.399000E2,,
7.400000E2,-3.959037E-2,-6.240018E-2
7.401000E2,,
7.402000E2,,
7.403000E2,,
7.404000E2,,
7.405000E2,,
7.406000E2,,
7.407000E2,,
7.408000E2,,
7.409000E2,,
7.410000E2,-3.959037E-2,-6.242642E-2
7.411000E2,,
7.412000E2,,
7.413000E2,,
7.414000E2,,
7.415000E2,,
7.416000E2,,
7.417000E2,,
7.418000E2,,
7.419000E2,,
7.420000E2,-3.959037E-2,-6.243735E-2
7.421000E2,,
7.422000E2,,
7.423000E2,,
7.424000E2,,
7.425000E2,,
7.426000E2,,
7.427000E2,,
7.428000E2,,
7.429000E2,,
7.430000E2,-3.959037E-2,-6.240073E-2
7.431000E2,,
7.432000E2,,
7.433000E2,,
7.434000E2,,
7.435000E2,,
7.436000E2,,
7.437000E2,,
7.438000E2,,
7.439000E2,,
7.440000E2,-3.959037E-2,-6.244620E-2
7.441000E2,,
7.442000E2,,
7.443000E2,,
7.444000E2,,
7.445000E2,,
7.446000E2,,
7.447000E2,,
7.448000E2,,
7.449000E2,,
7.450000E2,-3.959037E-2,-6.241723E-2
7.451000E2,,
7.452000E2,,
7.453000E2,,
7.454000E2,,
7.455000E2,,
7.456000E2,,
7.457000E2,,
7.458000E2,,
7.459000E2,,
7.460000E2,-3.959037E-2,-6.245376E-2
7.461000E2,,
7.462000E2,,
7.463000E2,,
7.464000E2,,
7.465000E2,,
7.466000E2,,
7.467000E2,,
7.468000E2,,
7.469000E2,,
7.470000E2,-3.959037E-2,-6.240339E-2
7.471000E2,,
7.472000E2,,
7.473000E2,,
7.474000E2,,
7.475000E2,,
7.476000E2,,
7.477000E2,,
7.478000E2,,
7.479000E2,,
7.480000E2,-3.959037E-2,-6.244316E-2
7.481000E2,,
7.482000E2,,
7.483000E2,,
7.484000E2,,
7.485000E2,,
7.486000E2,,
7.487000E2,,
7.488000E2,,
7.489000E2,,
7.490000E2,-3.959037E-2,-6.245104E-2
7.491000E2,,
7.492000E2,,
7.493000E2,,
7.494000E2,,
7.495000E2,,
7.496000E2,,
7.497000E2,,
7.498000E2,,
7.499000E2,,
7.500000E2,-3.959037E-2,-6.243688E-2
7.501000E2,,
7.502000E2,,
7.503000E2,,
7.504000E2,,
7.505000E2,,
7.506000E2,,
7.507000E2,,
7.508000E2,,
7.509000E2,,
7.510000E2,-3.959037E-2,-6.243477E-2
7.511000E2,,
7.512000E2,,
7.513000E2,,
7.514000E2,,
7.515000E2,,
7.516000E2,,
7.517000E2,,
7.518000E2,,
7.519000E2,,
7.520000E2,-3.959037E-2,-6.240012E-2
7.521000E2,,
7.522000E2,,
7.523000E2,,
7.524000E2,,
7.525000E2,,
7.526000E2,,
7.527000E2,,
7.528000E2,,
7.529000E2,,
7.530000E2,-3.959037E-2,-6.242522E-2
7.531000E2,,
7.532000E2,,
7.533000E2,,
7.534000E2,,
7.535000E2,,
7.536000E2,,
7.537000E2,,
7.538000E2,,
7.539000E2,,
7.540000E2,-3.959037E-2,-6.244308E-2
7.541000E2,,
7.542000E2,,
7.543000E2,,
7.544000E2,,
7.545000E2,,
7.546000E2,,
7.547000E2,,
7.548000E2,,
7.549000E2,,
7.550000E2,-3.959037E-2,-6.244685E-2
7.551000E2,,
7.552000E2,,
7.553000E2,,
7.554000E2,,
7.555000E2,,
7.556000E2,,
7.557000E2,,
7.558000E2,,
7.559000E2,,
7.560000E2,-3.959037E-2,-6.240875E-2
7.561000E2,,
7.562000E2,,
7.563000E2,,
7.564000E2,,
7.565000E2,,
7.566000E2,,
7.567000E2,,
7.568000E2,,
7.569000E2,,
7.570000E2,-3.959037E-2,-6.241654E-2
7.571000E2,,
7.572000E2,,
7.573000E2,,
7.574000E2,,
7.575000E2,,
7.576000E2,,
7.577000E2,,
7.578000E2,,
7.579000E2,,
7.580000E2,-3.959037E-2,-6.246070E-2
7.581000E2,,
7.582000E2,,
7.583000E2,,
7.584000E2,,
7.585000E2,,
7.586000E2,,
7.587000E2,,
7.588000E2,,
7.589000E2,,
7.590000E2,-3.959037E-2,-6.238065E-2
7.591000E2,,
7.592000E2,,
7.593000E2,,
7.594000E2,,
7.595000E2,,
7.596000E2,,
7.597000E2,,
7.598000E2,,
7.599000E2,,
7.600000E2,-3.959037E-2,-6.243171E-2
7.601000E2,,
7.602000E2,,
7.603000E2,,
7.604000E2,,
7.605000E2,,
7.606000E2,,
7.607000E2,,
7.608000E2,,
7.609000E2,,
7.610000E2,-3.959037E-2,-6.237809E-2
7.611000E2,,
7.612000E2,,
7.613000E2,,
7.614000E2,,
7.615000E2,,
7.616000E2,,
7.617000E2,,
7.618000E2,,
7.619000E2,,
7.620000E2,-3.959037E-2,-6.240368E-2
7.621000E2,,
7.622000E2,,
7.623000E2,,
7.624000E2,,
7.625000E2,,
7.626000E2,,
7.627000E2,,
7.628000E2,,
7.629000E2,,
7.630000E2,-3.959037E-2,-6.247206E-2
7.631000E2,,
7.632000E2,,
7.633000E2,,
7.634000E2,,
7.635000E2,,
7.636000E2,,
7.637000E2,,
7.638000E2,,
7.639000E2,,
7.640000E2,-3.959037E-2,-6.240804E-2
7.641000E2,,
7.642000E2,,
7.643000E2,,
7.644000E2,,
7.645000E2,,
7.646000E2,,
7.647000E2,,
7.648000E2,,
7.649000E2,,
7.650000E2,-3.959037E-2,-6.243775E-2
7.651000E2,,
7.652000E2,,
7.653000E2,,
7.654000E2,,
7.655000E2,,
7.656000E2,,
7.657000E2,,
7.658000E2,,
7.659000E2,,
7.660000E2,-3.959037E-2,-6.244844E-2
7.661000E2,,
7.662000E2,,
7.663000E2,,
7.664000E2,,
7.665000E2,,
7.666000E2,,
7.667000E2,,
7.668000E2,,
7.669000E2,,
7.670000E2,-3.959037E-2,-6.238646E-2
7.671000E2,,
7.672000E2,,
7.673000E2,,
7.674000E2,,
7.675000E2,,
7.676000E2,,
7.677000E2,,
7.678000E2,,
7.679000E2,,
7.680000E2,-3.959037E-2,-6.241622E-2
7.681000E2,,
7.682000E2,,
7.683000E2,,
7.684000E2,,
7.685000E2,,
7.686000E2,,
7.687000E2,,
7.688000E2,,
7.689000E2,,
7.690000E2,-3.959037E-2,-6.245946E-2
7.691000E2,,
7.692000E2,,
7.693000E2,,
7.694000E2,,
7.695000E2,,
7.696000E2,,
7.697000E2,,
7.698000E2,,
7.699000E2,,
7.700000E2,-3.959037E-2,-6.243121E-2
7.701000E2,,
7.702000E2,,
7.703000E2,,
7.704000E2,,
7.705000E2,,
7.706000E2,,
7.707000E2,,
7.708000E2,,
7.709000E2,,
7.710000E2,-3.959037E-2,-6.245506E-2
7.711000E2,,
7.712000E2,,
7.713000E2,,
7.714000E2,,
7.715000E2,,
7.716000E2,,
7.717000E2,,
7.718000E2,,
7.719000E2,,
7.720000E2,-3.959037E-2,-6.238737E-2
7.721000E2,,
7.722000E2,,
7.723000E2,,
7.724000E2,,
7.725000E2,,
7.726000E2,,
7.727000E2,,
7.728000E2,,
7.729000E2,,
7.730000E2,-3.959037E-2,-6.241691E-2
7.731000E2,,
7.732000E2,,
7.733000E2,,
7.734000E2,,
7.735000E2,,
7.736000E2,,
7.737000E2,,
7.738000E2,,
7.739000E2,,
7.740000E2,-3.959037E-2,-6.244773E-2
7.741000E2,,
7.742000E2,,
7.743000E2,,
7.744000E2,,
7.745000E2,,
7.746000E2,,
7.747000E2,,
7.748000E2,,
7.749000E2,,
7.750000E2,-3.959037E-2,-6.246982E-2
7.751000E2,,
7.752000E2,,
7.753000E2,,
7.754000E2,,
7.755000E2,,
7.756000E2,,
7.757000E2,,
7.758000E2,,
7.759000E2,,
7.760000E2,-3.959037E-2,-6.236628E-2
7.761000E2,,
7.762000E2,,
7.763000E2,,
7.764000E2,,
7.765000E2,,
7.766000E2,,
7.767000E2,,
7.768000E2,,
7.769000E2,,
7.770000E2,-3.959037E-2,-6.239309E-2
7.771000E2,,
7.772000E2,,
7.773000E2,,
7.774000E2,,
7.775000E2,,
7.776000E2,,
7.777000E2,,
7.778000E2,,
7.779000E2,,
7.780000E2,-3.959037E-2,-6.240529E-2
7.781000E2,,
7.782000E2,,
7.783000E2,,
7.784000E2,,
7.785000E2,,
7.786000E2,,
7.787000E2,,
7.788000E2,,
7.789000E2,,
7.790000E2,-3.959037E-2,-6.239957E-2
7.791000E2,,
7.792000E2,,
7.793000E2,,
7.794000E2,,
7.795000E2,,
7.796000E2,,
7.797000E2,,
7.798000E2,,
7.799000E2,,
7.800000E2,-3.959037E-2,-6.241313E-2
7.801000E2,,
7.802000E2,,
7.803000E2,,
7.804000E2,,
7.805000E2,,
7.806000E2,,
7.807000E2,,
7.808000E2,,
7.809000E2,,
7.810000E2,-3.959037E-2,-6.245312E-2
7.811000E2,,
7.812000E2,,
7.813000E2,,
7.814000E2,,
7.815000E2,,
7.816000E2,,
7.817000E2,,
7.818000E2,,
7.819000E2,,
7.820000E2,-3.959037E-2,-6.244393E-2
7.821000E2,,
7.822000E2,,
7.823000E2,,
7.824000E2,,
7.825000E2,,
7.826000E2,,
7.827000E2,,
7.828000E2,,
7.829000E2,,
7.830000E2,-3.959037E-2,-6.243402E-2
7.831000E2,,
7.832000E2,,
7.833000E2,,
7.834000E2,,
7.835000E2,,
7.836000E2,,
7.837000E2,,
7.838000E2,,
7.839000E2,,
7.840000E2,-3.959037E-2,-6.241363E-2
7.841000E2,,
7.842000E2,,
7.843000E2,,
7.844000E2,,
7.845000E2,,
7.846000E2,,
7.847000E2,,
7.848000E2,,
7.849000E2,,
7.850000E2,-3.959037E-2,-6.251891E-2
7.851000E2,,
7.852000E2,,
7.853000E2,,
7.854000E2,,
7.855000E2,,
7.856000E2,,
7.857000E2,,
7.858000E2,,
7.859000E2,,
7.860000E2,-3.959037E-2,-6.239435E-2
7.861000E2,,
7.862000E2,,
7.863000E2,,
7.864000E2,,
7.865000E2,,
7.866000E2,,
7.867000E2,,
7.868000E2,,
7.869000E2,,
7.870000E2,-3.959037E-2,-6.243896E-2
7.871000E2,,
7.872000E2,,
7.873000E2,,
7.874000E2,,
7.875000E2,,
7.876000E2,,
7.877000E2,,
7.878000E2,,
7.879000E2,,
7.880000E2,-3.959037E-2,-6.247859E-2
7.881000E2,,
7.882000E2,,
7.883000E2,,
7.884000E2,,
7.885000E2,,
7.886000E2,,
7.887000E2,,
7.888000E2,,
7.889000E2,,
7.890000E2,-3.959037E-2,-6.245112E-2
7.891000E2,,
7.892000E2,,
7.893000E2,,
7.894000E2,,
7.895000E2,,
7.896000E2,,
7.897000E2,,
7.898000E2,,
7.899000E2,,
7.900000E2,-3.959037E-2,-6.242036E-2
7.901000E2,,
7.902000E2,,
7.903000E2,,
7.904000E2,,
7.905000E2,,
7.906000E2,,
7.907000E2,,
7.908000E2,,
7.909000E2,,
7.910000E2,-3.959037E-2,-6.238375E-2
7.911000E2,,
7.912000E2,,
7.913000E2,,
7.914000E2,,
7.915000E2,,
7.916000E2,,
7.917000E2,,
7.918000E2,,
7.919000E2,,
7.920000E2,-3.959037E-2,-6.242558E-2
7.921000E2,,
7.922000E2,,
7.923000E2,,
7.924000E2,,
7.925000E2,,
7.926000E2,,
7.927000E2,,
7.928000E2,,
7.929000E2,,
7.930000E2,-3.959037E-2,-6.241323E-2
7.931000E2,,
7.932000E2,,
7.933000E2,,
7.934000E2,,
7.935000E2,,
7.936000E2,,
7.937000E2,,
7.938000E2,,
7.939000E2,,
7.940000E2,-3.959037E-2,-6.240048E-2
7.941000E2,,
7.942000E2,,
7.943000E2,,
7.944000E2,,
7.945000E2,,
7.946000E2,,
7.947000E2,,
7.948000E2,,
7.949000E2,,
7.950000E2,-3.959037E-2,-6.244117E-2
7.951000E2,,
7.952000E2,,
7.953000E2,,
7.954000E2,,
7.955000E2,,
7.956000E2,,
7.957000E2,,
7.958000E2,,
7.959000E2,,
7.960000E2,-3.959037E-2,-6.246894E-2
7.961000E2,,
7.962000E2,,
7.963000E2,,
7.964000E2,,
7.965000E2,,
7.966000E2,,
7.967000E2,,
7.968000E2,,
7.969000E2,,
7.970000E2,-3.959037E-2,-6.247082E-2
7.971000E2,,
7.972000E2,,
7.973000E2,,
7.974000E2,,
7.975000E2,,
7.976000E2,,
7.977000E2,,
7.978000E2,,
7.979000E2,,
7.980000E2,-3.959037E-2,-6.245474E-2
7.981000E2,,
7.982000E2,,
7.983000E2,,
7.984000E2,,
7.985000E2,,
7.986000E2,,
7.987000E2,,
7.988000E2,,
7.989000E2,,
7.990000E2,-3.959037E-2,-6.240443E-2
7.991000E2,,
7.992000E2,,
7.993000E2,,
7.994000E2,,
7.995000E2,,
7.996000E2,,
7.997000E2,,
7.998000E2,,
7.999000E2,,
8.000000E2,-3.959037E-2,-6.242637E-2
8.001000E2,,
8.002000E2,,
8.003000E2,,
8.004000E2,,
8.005000E2,,
8.006000E2,,
8.007000E2,,
8.008000E2,,
8.009000E2,,
8.010000E2,-3.959037E-2,-6.241496E-2
8.011000E2,,
8.012000E2,,
8.013000E2,,
8.014000E2,,
8.015000E2,,
8.016000E2,,
8.017000E2,,
8.018000E2,,
8.019000E2,,
8.020000E2,-3.959037E-2,-6.242133E-2
8.021000E2,,
8.022000E2,,
8.023000E2,,
8.024000E2,,
8.025000E2,,
8.026000E2,,
8.027000E2,,
8.028000E2,,
8.029000E2,,
8.030000E2,-3.959037E-2,-6.246397E-2
8.031000E2,,
8.032000E2,,
8.033000E2,,
8.034000E2,,
8.035000E2,,
8.036000E2,,
8.037000E2,,
8.038000E2,,
8.039000E2,,
8.040000E2,-3.959037E-2,-6.244422E-2
8.041000E2,,
8.042000E2,,
8.043000E2,,
8.044000E2,,
8.045000E2,,
8.046000E2,,
8.047000E2,,
8.048000E2,,
8.049000E2,,
8.050000E2,-3.959037E-2,-6.247652E-2
8.051000E2,,
8.052000E2,,
8.053000E2,,
8.054000E2,,
8.055000E2,,
8.056000E2,,
8.057000E2,,
8.058000E2,,
8.059000E2,,
8.060000E2,-3.959037E-2,-6.245762E-2
8.061000E2,,
8.062000E2,,
8.063000E2,,
8.064000E2,,
8.065000E2,,
8.066000E2,,
8.067000E2,,
8.068000E2,,
8.069000E2,,
8.070000E2,-3.959037E-2,-6.242792E-2
8.071000E2,,
8.072000E2,,
8.073000E2,,
8.074000E2,,
8.075000E2,,
8.076000E2,,
8.077000E2,,
8.078000E2,,
8.079000E2,,
8.080000E2,-3.959037E-2,-6.246147E-2
8.081000E2,,
8.082000E2,,
8.083000E2,,
8.084000E2,,
8.085000E2,,
8.086000E2,,
8.087000E2,,
8.088000E2,,
8.089000E2,,
8.090000E2,-3.959037E-2,-6.242211E-2
8.091000E2,,
8.092000E2,,
8.093000E2,,
8.094000E2,,
8.095000E2,,
8.096000E2,,
8.097000E2,,
8.098000E2,,
8.099000E2,,
8.100000E2,-3.959037E-2,-6.242642E-2
8.101000E2,,
8.102000E2,,
8.103000E2,,
8.104000E2,,
8.105000E2,,
8.106000E2,,
8.107000E2,,
8.108000E2,,
8.109000E2,,
8.110000E2,-3.959037E-2,-6.243524E-2
8.111000E2,,
8.112000E2,,
8.113000E2,,
8.114000E2,,
8.115000E2,,
8.116000E2,,
8.117000E2,,
8.118000E2,,
8.119000E2,,
8.120000E2,-3.959037E-2,-6.245550E-2
8.121000E2,,
8.122000E2,,
8.123000E2,,
8.124000E2,,
8.125000E2,,
8.126000E2,,
8.127000E2,,
8.128000E2,,
8.129000E2,,
8.130000E2,-3.959037E-2,-6.246462E-2
8.131000E2,,
8.132000E2,,
8.133000E2,,
8.134000E2,,
8.135000E2,,
8.136000E2,,
8.137000E2,,
8.138000E2,,
8.139000E2,,
8.140000E2,-3.959037E-2,-6.273544E-2
8.141000E2,,
8.142000E2,,
8.143000E2,,
8.144000E2,,
8.145000E2,,
8.146000E2,,
8.147000E2,,
8.148000E2,,
8.149000E2,,
8.150000E2,-3.959037E-2,-6.245614E-2
8.151000E2,,
8.152000E2,,
8.153000E2,,
8.154000E2,,
8.155000E2,,
8.156000E2,,
8.157000E2,,
8.158000E2,,
8.159000E2,,
8.160000E2,-3.959037E-2,-6.198830E-2
8.161000E2,,
8.162000E2,,
8.163000E2,,
8.164000E2,,
8.165000E2,,
8.166000E2,,
8.167000E2,,
8.168000E2,,
8.169000E2,,
8.170000E2,-3.959037E-2,-6.203183E-2
8.171000E2,,
8.172000E2,,
8.173000E2,,
8.174000E2,,
8.175000E2,,
8.176000E2,,
8.177000E2,,
8.178000E2,,
8.179000E2,,
8.180000E2,-3.959037E-2,-6.201419E-2
8.181000E2,,
8.182000E2,,
8.183000E2,,
8.184000E2,,
8.185000E2,,
8.186000E2,,
8.187000E2,,
8.188000E2,,
8.189000E2,,
8.190000E2,-3.959037E-2,-6.199974E-2
8.191000E2,,
8.192000E2,,
8.193000E2,,
8.194000E2,,
8.195000E2,,
8.196000E2,,
8.197000E2,,
8.198000E2,,
8.199000E2,,
8.200000E2,-3.959037E-2,-6.201443E-2
8.201000E2,,
8.202000E2,,
8.203000E2,,
8.204000E2,,
8.205000E2,,
8.206000E2,,
8.207000E2,,
8.208000E2,,
8.209000E2,,
8.210000E2,-3.959037E-2,-6.198537E-2
8.211000E2,,
8.212000E2,,
8.213000E2,,
8.214000E2,,
8.215000E2,,
8.216000E2,,
8.217000E2,,
8.218000E2,,
8.219000E2,,
8.220000E2,-3.959037E-2,-6.196173E-2
8.221000E2,,
8.222000E2,,
8.223000E2,,
8.224000E2,,
8.225000E2,,
8.226000E2,,
8.227000E2,,
8.228000E2,,
8.229000E2,,
8.230000E2,-3.959037E-2,-6.198596E-2
8.231000E2,,
8.232000E2,,
8.233000E2,,
8.234000E2,,
8.235000E2,,
8.236000E2,,
8.237000E2,,
8.238000E2,,
8.239000E2,,
8.240000E2,-3.959037E-2,-6.194599E-2
8.241000E2,,
8.242000E2,,
8.243000E2,,
8.244000E2,,
8.245000E2,,
8.246000E2,,
8.247000E2,,
8.248000E2,,
8.249000E2,,
8.250000E2,-3.959037E-2,-6.200145E-2
8.251000E2,,
8.252000E2,,
8.253000E2,,
8.254000E2,,
8.255000E2,,
8.256000E2,,
8.257000E2,,
8.258000E2,,
8.259000E2,,
8.260000E2,-3.959037E-2,-6.201694E-2
8.261000E2,,
8.262000E2,,
8.263000E2,,
8.264000E2,,
8.265000E2,,
8.266000E2,,
8.267000E2,,
8.268000E2,,
8.269000E2,,
8.270000E2,-3.959037E-2,-6.196427E-2
8.271000E2,,
8.272000E2,,
8.273000E2,,
8.274000E2,,
8.275000E2,,
8.276000E2,,
8.277000E2,,
8.278000E2,,
8.279000E2,,
8.280000E2,-3.959037E-2,-6.198176E-2
8.281000E2,,
8.282000E2,,
8.283000E2,,
8.284000E2,,
8.285000E2,,
8.286000E2,,
8.287000E2,,
8.288000E2,,
8.289000E2,,
8.290000E2,-3.959037E-2,-6.199662E-2
8.291000E2,,
8.292000E2,,
8.293000E2,,
8.294000E2,,
8.295000E2,,
8.296000E2,,
8.297000E2,,
8.298000E2,,
8.299000E2,,
8.300000E2,-3.959037E-2,-6.197013E-2
8.301000E2,,
8.302000E2,,
8.303000E2,,
8.304000E2,,
8.305000E2,,
8.306000E2,,
8.307000E2,,
8.308000E2,,
8.309000E2,,
8.310000E2,-3.959037E-2,-6.196306E-2
8.311000E2,,
8.312000E2,,
8.313000E2,,
8.314000E2,,
8.315000E2,,
8.316000E2,,
8.317000E2,,
8.318000E2,,
8.319000E2,,
8.320000E2,-3.959037E-2,-6.199968E-2
8.321000E2,,
8.322000E2,,
8.323000E2,,
8.324000E2,,
8.325000E2,,
8.326000E2,,
8.327000E2,,
8.328000E2,,
8.329000E2,,
8.330000E2,-3.959037E-2,-6.199817E-2
8.331000E2,,
8.332000E2,,
8.333000E2,,
8.334000E2,,
8.335000E2,,
8.336000E2,,
8.337000E2,,
8.338000E2,,
8.339000E2,,
8.340000E2,-3.959037E-2,-6.200422E-2
8.341000E2,,
8.342000E2,,
8.343000E2,,
8.344000E2,,
8.345000E2,,
8.346000E2,,
8.347000E2,,
8.348000E2,,
8.349000E2,,
8.350000E2,-3.959037E-2,-6.199719E-2
8.351000E2,,
8.352000E2,,
8.353000E2,,
8.354000E2,,
8.355000E2,,
8.356000E2,,
8.357000E2,,
8.358000E2,,
8.359000E2,,
8.360000E2,-3.959037E-2,-6.196444E-2
8.361000E2,,
8.362000E2,,
8.363000E2,,
8.364000E2,,
8.365000E2,,
8.366000E2,,
8.367000E2,,
8.368000E2,,
8.369000E2,,
8.370000E2,-3.959037E-2,-6.198846E-2
8.371000E2,,
8.372000E2,,
8.373000E2,,
8.374000E2,,
8.375000E2,,
8.376000E2,,
8.377000E2,,
8.378000E2,,
8.379000E2,,
8.380000E2,-3.959037E-2,-6.196756E-2
8.381000E2,,
8.382000E2,,
8.383000E2,,
8.384000E2,,
8.385000E2,,
8.386000E2,,
8.387000E2,,
8.388000E2,,
8.389000E2,,
8.390000E2,-3.959037E-2,-6.199001E-2
8.391000E2,,
8.392000E2,,
8.393000E2,,
8.394000E2,,
8.395000E2,,
8.396000E2,,
8.397000E2,,
8.398000E2,,
8.399000E2,,
8.400000E2,-3.959037E-2,-6.204604E-2
8.401000E2,,
8.402000E2,,
8.403000E2,,
8.404000E2,,
8.405000E2,,
8.406000E2,,
8.407000E2,,
8.408000E2,,
8.409000E2,,
8.410000E2,-3.959037E-2,-6.201598E-2
8.411000E2,,
8.412000E2,,
8.413000E2,,
8.414000E2,,
8.415000E2,,
8.416000E2,,
8.417000E2,,
8.418000E2,,
8.419000E2,,
8.420000E2,-3.959037E-2,-6.196706E-2
8.421000E2,,
8.422000E2,,
8.423000E2,,
8.424000E2,,
8.425000E2,,
8.426000E2,,
8.427000E2,,
8.428000E2,,
8.429000E2,,
8.430000E2,-3.959037E-2,-6.199117E-2
8.431000E2,,
8.432000E2,,
8.433000E2,,
8.434000E2,,
8.435000E2,,
8.436000E2,,
8.437000E2,,
8.438000E2,,
8.439000E2,,
8.440000E2,-3.959037E-2,-6.200868E-2
8.441000E2,,
8.442000E2,,
8.443000E2,,
8.444000E2,,
8.445000E2,,
8.446000E2,,
8.447000E2,,
8.448000E2,,
8.449000E2,,
8.450000E2,-3.959037E-2,-6.197511E-2
8.451000E2,,
8.452000E2,,
8.453000E2,,
8.454000E2,,
8.455000E2,,
8.456000E2,,
8.457000E2,,
8.458000E2,,
8.459000E2,,
8.460000E2,-3.959037E-2,-6.196308E-2
8.461000E2,,
8.462000E2,,
8.463000E2,,
8.464000E2,,
8.465000E2,,
8.466000E2,,
8.467000E2,,
8.468000E2,,
8.469000E2,,
8.470000E2,-3.959037E-2,-6.197433E-2
8.471000E2,,
8.472000E2,,
8.473000E2,,
8.474000E2,,
8.475000E2,,
8.476000E2,,
8.477000E2,,
8.478000E2,,
8.479000E2,,
8.480000E2,-3.959037E-2,-6.200897E-2
8.481000E2,,
8.482000E2,,
8.483000E2,,
8.484000E2,,
8.485000E2,,
8.486000E2,,
8.487000E2,,
8.488000E2,,
8.489000E2,,
8.490000E2,-3.959037E-2,-6.194605E-2
8.491000E2,,
8.492000E2,,
8.493000E2,,
8.494000E2,,
8.495000E2,,
8.496000E2,,
8.497000E2,,
8.498000E2,,
8.499000E2,,
8.500000E2,-3.959037E-2,-6.202873E-2
8.501000E2,,
8.502000E2,,
8.503000E2,,
8.504000E2,,
8.505000E2,,
8.506000E2,,
8.507000E2,,
8.508000E2,,
8.509000E2,,
8.510000E2,-3.959037E-2,-6.197408E-2
8.511000E2,,
8.512000E2,,
8.513000E2,,
8.514000E2,,
8.515000E2,,
8.516000E2,,
8.517000E2,,
8.518000E2,,
8.519000E2,,
8.520000E2,-3.959037E-2,-6.199506E-2
8.521000E2,,
8.522000E2,,
8.523000E2,,
8.524000E2,,
8.525000E2,,
8.526000E2,,
8.527000E2,,
8.528000E2,,
8.529000E2,,
8.530000E2,-3.959037E-2,-6.201099E-2
8.531000E2,,
8.532000E2,,
8.533000E2,,
8.534000E2,,
8.535000E2,,
8.536000E2,,
8.537000E2,,
8.538000E2,,
8.539000E2,,
8.540000E2,-3.959037E-2,-6.200203E-2
8.541000E2,,
8.542000E2,,
8.543000E2,,
8.544000E2,,
8.545000E2,,
8.546000E2,,
8.547000E2,,
8.548000E2,,
8.549000E2,,
8.550000E2,-3.959037E-2,-6.200502E-2
8.551000E2,,
8.552000E2,,
8.553000E2,,
8.554000E2,,
8.555000E2,,
8.556000E2,,
8.557000E2,,
8.558000E2,,
8.559000E2,,
8.560000E2,-3.959037E-2,-6.195029E-2
8.561000E2,,
8.562000E2,,
8.563000E2,,
8.564000E2,,
8.565000E2,,
8.566000E2,,
8.567000E2,,
8.568000E2,,
8.569000E2,,
8.570000E2,-3.959037E-2,-6.204124E-2
8.571000E2,,
8.572000E2,,
8.573000E2,,
8.574000E2,,
8.575000E2,,
8.576000E2,,
8.577000E2,,
8.578000E2,,
8.579000E2,,
8.580000E2,-3.959037E-2,-6.193806E-2
8.581000E2,,
8.582000E2,,
8.583000E2,,
8.584000E2,,
8.585000E2,,
8.586000E2,,
8.587000E2,,
8.588000E2,,
8.589000E2,,
8.590000E2,-3.959037E-2,-6.197631E-2
8.591000E2,,
8.592000E2,,
8.593000E2,,
8.594000E2,,
8.595000E2,,
8.596000E2,,
8.597000E2,,
8.598000E2,,
8.599000E2,,
8.600000E2,-3.959037E-2,-6.196495E-2
8.601000E2,,
8.602000E2,,
8.603000E2,,
8.604000E2,,
8.605000E2,,
8.606000E2,,
8.607000E2,,
8.608000E2,,
8.609000E2,,
8.610000E2,-3.959037E-2,-6.198291E-2
8.611000E2,,
8.612000E2,,
8.613000E2,,
8.614000E2,,
8.615000E2,,
8.616000E2,,
8.617000E2,,
8.618000E2,,
8.619000E2,,
8.620000E2,-3.959037E-2,-6.199529E-2
8.621000E2,,
8.622000E2,,
8.623000E2,,
8.624000E2,,
8.625000E2,,
8.626000E2,,
8.627000E2,,
8.628000E2,,
8.629000E2,,
8.630000E2,-3.959037E-2,-6.201693E-2
8.631000E2,,
8.632000E2,,
8.633000E2,,
8.634000E2,,
8.635000E2,,
8.636000E2,,
8.637000E2,,
8.638000E2,,
8.639000E2,,
8.640000E2,-3.959037E-2,-6.199503E-2
8.641000E2,,
8.642000E2,,
8.643000E2,,
8.644000E2,,
8.645000E2,,
8.646000E2,,
8.647000E2,,
8.648000E2,,
8.649000E2,,
8.650000E2,-3.959037E-2,-6.192970E-2
8.651000E2,,
8.652000E2,,
8.653000E2,,
8.654000E2,,
8.655000E2,,
8.656000E2,,
8.657000E2,,
8.658000E2,,
8.659000E2,,
8.660000E2,-3.959037E-2,-6.198810E-2
8.661000E2,,
8.662000E2,,
8.663000E2,,
8.664000E2,,
8.665000E2,,
8.666000E2,,
8.667000E2,,
8.668000E2,,
8.669000E2,,
8.670000E2,-3.959037E-2,-6.197278E-2
8.671000E2,,
8.672000E2,,
8.673000E2,,
8.674000E2,,
8.675000E2,,
8.676000E2,,
8.677000E2,,
8.678000E2,,
8.679000E2,,
8.680000E2,-3.959037E-2,-6.200447E-2
8.681000E2,,
8.682000E2,,
8.683000E2,,
8.684000E2,,
8.685000E2,,
8.686000E2,,
8.687000E2,,
8.688000E2,,
8.689000E2,,
8.690000E2,-3.959037E-2,-6.201994E-2
8.691000E2,,
8.692000E2,,
8.693000E2,,
8.694000E2,,
8.695000E2,,
8.696000E2,,
8.697000E2,,
8.698000E2,,
8.699000E2,,
8.700000E2,-3.959037E-2,-6.195118E-2
8.701000E2,,
8.702000E2,,
8.703000E2,,
8.704000E2,,
8.705000E2,,
8.706000E2,,
8.707000E2,,
8.708000E2,,
8.709000E2,,
8.710000E2,-3.959037E-2,-6.194091E-2
8.711000E2,,
8.712000E2,,
8.713000E2,,
8.714000E2,,
8.715000E2,,
8.716000E2,,
8.717000E2,,
8.718000E2,,
8.719000E2,,
8.720000E2,-3.959037E-2,-6.203001E-2
8.721000E2,,
8.722000E2,,
8.723000E2,,
8.724000E2,,
8.725000E2,,
8.726000E2,,
8.727000E2,,
8.728000E2,,
8.729000E2,,
8.730000E2,-3.959037E-2,-6.197127E-2
8.731000E2,,
8.732000E2,,
8.733000E2,,
8.734000E2,,
8.735000E2,,
8.736000E2,,
8.737000E2,,
8.738000E2,,
8.739000E2,,
8.740000E2,-3.959037E-2,-6.192645E-2
8.741000E2,,
8.742000E2,,
8.743000E2,,
8.744000E2,,
8.745000E2,,
8.746000E2,,
8.747000E2,,
8.748000E2,,
8.749000E2,,
8.750000E2,-3.959037E-2,-6.200520E-2
8.751000E2,,
8.752000E2,,
8.753000E2,,
8.754000E2,,
8.755000E2,,
8.756000E2,,
8.757000E2,,
8.758000E2,,
8.759000E2,,
8.760000E2,-3.959037E-2,-6.191344E-2
8.761000E2,,
8.762000E2,,
8.763000E2,,
8.764000E2,,
8.765000E2,,
8.766000E2,,
8.767000E2,,
8.768000E2,,
8.769000E2,,
8.770000E2,-3.959037E-2,-6.194487E-2
8.771000E2,,
8.772000E2,,
8.773000E2,,
8.774000E2,,
8.775000E2,,
8.776000E2,,
8.777000E2,,
8.778000E2,,
8.779000E2,,
8.780000E2,-3.959037E-2,-6.195978E-2
8.781000E2,,
8.782000E2,,
8.783000E2,,
8.784000E2,,
8.785000E2,,
8.786000E2,,
8.787000E2,,
8.788000E2,,
8.789000E2,,
8.790000E2,-3.959037E-2,-6.196747E-2
8.791000E2,,
8.792000E2,,
8.793000E2,,
8.794000E2,,
8.795000E2,,
8.796000E2,,
8.797000E2,,
8.798000E2,,
8.799000E2,,
8.800000E2,-3.959037E-2,-6.188624E-2
8.801000E2,,
8.802000E2,,
8.803000E2,,
8.804000E2,,
8.805000E2,,
8.806000E2,,
8.807000E2,,
8.808000E2,,
8.809000E2,,
8.810000E2,-3.959037E-2,-6.193445E-2
8.811000E2,,
8.812000E2,,
8.813000E2,,
8.814000E2,,
8.815000E2,,
8.816000E2,,
8.817000E2,,
8.818000E2,,
8.819000E2,,
8.820000E2,-3.959037E-2,-6.081871E-2
8.821000E2,,
8.822000E2,,
8.823000E2,,
8.824000E2,,
8.825000E2,,
8.826000E2,,
8.827000E2,,
8.828000E2,,
8.829000E2,,
8.830000E2,-3.959037E-2,-6.084168E-2
8.831000E2,,
8.832000E2,,
8.833000E2,,
8.834000E2,,
8.835000E2,,
8.836000E2,,
8.837000E2,,
8.838000E2,,
8.839000E2,,
8.840000E2,-3.959037E-2,-6.082038E-2
8.841000E2,,
8.842000E2,,
8.843000E2,,
8.844000E2,,
8.845000E2,,
8.846000E2,,
8.847000E2,,
8.848000E2,,
8.849000E2,,
8.850000E2,-3.959037E-2,-6.082321E-2
8.851000E2,,
8.852000E2,,
8.853000E2,,
8.854000E2,,
8.855000E2,,
8.856000E2,,
8.857000E2,,
8.858000E2,,
8.859000E2,,
8.860000E2,-3.959037E-2,-6.077206E-2
8.861000E2,,
8.862000E2,,
8.863000E2,,
8.864000E2,,
8.865000E2,,
8.866000E2,,
8.867000E2,,
8.868000E2,,
8.869000E2,,
8.870000E2,-3.959037E-2,-6.081871E-2
8.871000E2,,
8.872000E2,,
8.873000E2,,
8.874000E2,,
8.875000E2,,
8.876000E2,,
8.877000E2,,
8.878000E2,,
8.879000E2,,
8.880000E2,-3.959037E-2,-6.073735E-2
8.881000E2,,
8.882000E2,,
8.883000E2,,
8.884000E2,,
8.885000E2,,
8.886000E2,,
8.887000E2,,
8.888000E2,,
8.889000E2,,
8.890000E2,-3.959037E-2,-6.082001E-2
8.891000E2,,
8.892000E2,,
8.893000E2,,
8.894000E2,,
8.895000E2,,
8.896000E2,,
8.897000E2,,
8.898000E2,,
8.899000E2,,
8.900000E2,-3.959037E-2,-6.075810E-2
8.901000E2,,
8.902000E2,,
8.903000E2,,
8.904000E2,,
8.905000E2,,
8.906000E2,,
8.907000E2,,
8.908000E2,,
8.909000E2,,
8.910000E2,-3.959037E-2,-6.075492E-2
8.911000E2,,
8.912000E2,,
8.913000E2,,
8.914000E2,,
8.915000E2,,
8.916000E2,,
8.917000E2,,
8.918000E2,,
8.919000E2,,
8.920000E2,-3.959037E-2,-6.094069E-2
8.921000E2,,
8.922000E2,,
8.923000E2,,
8.924000E2,,
8.925000E2,,
8.926000E2,,
8.927000E2,,
8.928000E2,,
8.929000E2,,
8.930000E2,-3.959037E-2,-6.105263E-2
8.931000E2,,
8.932000E2,,
8.933000E2,,
8.934000E2,,
8.935000E2,,
8.936000E2,,
8.937000E2,,
8.938000E2,,
8.939000E2,,
8.940000E2,-3.959037E-2,-6.101134E-2
8.941000E2,,
8.942000E2,,
8.943000E2,,
8.944000E2,,
8.945000E2,,
8.946000E2,,
8.947000E2,,
8.948000E2,,
8.949000E2,,
8.950000E2,-3.959037E-2,-6.101837E-2
8.951000E2,,
8.952000E2,,
8.953000E2,,
8.954000E2,,
8.955000E2,,
8.956000E2,,
8.957000E2,,
8.958000E2,,
8.959000E2,,
8.960000E2,-3.959037E-2,-6.099559E-2
8.961000E2,,
8.962000E2,,
8.963000E2,,
8.964000E2,,
8.965000E2,,
8.966000E2,,
8.967000E2,,
8.968000E2,,
8.969000E2,,
8.970000E2,-3.959037E-2,-6.107947E-2
8.971000E2,,
8.972000E2,,
8.973000E2,,
8.974000E2,,
8.975000E2,,
8.976000E2,,
8.977000E2,,
8.978000E2,,
8.979000E2,,
8.980000E2,-3.959037E-2,-6.105263E-2
8.981000E2,,
8.982000E2,,
8.983000E2,,
8.984000E2,,
8.985000E2,,
8.986000E2,,
8.987000E2,,
8.988000E2,,
8.989000E2,,
8.990000E2,-3.959037E-2,-6.116394E-2
8.991000E2,,
8.992000E2,,
8.993000E2,,
8.994000E2,,
8.995000E2,,
8.996000E2,,
8.997000E2,,
8.998000E2,,
8.999000E2,,
9.000000E2,-3.959037E-2,-6.156090E-2
9.001000E2,,
9.002000E2,,
9.003000E2,,
9.004000E2,,
9.005000E2,,
9.006000E2,,
9.007000E2,,
9.008000E2,,
9.009000E2,,
9.010000E2,-3.959037E-2,-6.090575E-2
9.011000E2,,
9.012000E2,,
9.013000E2,,
9.014000E2,,
9.015000E2,,
9.016000E2,,
9.017000E2,,
9.018000E2,,
9.019000E2,,
9.020000E2,-3.959037E-2,-6.096660E-2
9.021000E2,,
9.022000E2,,
9.023000E2,,
9.024000E2,,
9.025000E2,,
9.026000E2,,
9.027000E2,,
9.028000E2,,
9.029000E2,,
9.030000E2,-3.959037E-2,-6.108210E-2
9.031000E2,,
9.032000E2,,
9.033000E2,,
9.034000E2,,
9.035000E2,,
9.036000E2,,
9.037000E2,,
9.038000E2,,
9.039000E2,,
9.040000E2,-3.959037E-2,-6.101573E-2
9.041000E2,,
9.042000E2,,
9.043000E2,,
9.044000E2,,
9.045000E2,,
9.046000E2,,
9.047000E2,,
9.048000E2,,
9.049000E2,,
9.050000E2,-3.959037E-2,-6.106258E-2
9.051000E2,,
9.052000E2,,
9.053000E2,,
9.054000E2,,
9.055000E2,,
9.056000E2,,
9.057000E2,,
9.058000E2,,
9.059000E2,,
9.060000E2,-3.959089E-2,-6.096769E-2
9.061000E2,,
9.062000E2,,
9.063000E2,,
9.064000E2,,
9.065000E2,,
9.066000E2,,
9.067000E2,,
9.068000E2,,
9.069000E2,,
9.070000E2,-3.959067E-2,-6.103133E-2
9.071000E2,,
9.072000E2,,
9.073000E2,,
9.074000E2,,
9.075000E2,,
9.076000E2,,
9.077000E2,,
9.078000E2,,
9.079000E2,,
9.080000E2,-3.959264E-2,-6.103435E-2
9.081000E2,,
9.082000E2,,
9.083000E2,,
9.084000E2,,
9.085000E2,,
9.086000E2,,
9.087000E2,,
9.088000E2,,
9.089000E2,,
9.090000E2,-3.959272E-2,-6.100464E-2
9.091000E2,,
9.092000E2,,
9.093000E2,,
9.094000E2,,
9.095000E2,,
9.096000E2,,
9.097000E2,,
9.098000E2,,
9.099000E2,,
9.100000E2,-3.959832E-2,-6.104419E-2
9.101000E2,,
9.102000E2,,
9.103000E2,,
9.104000E2,,
9.105000E2,,
9.106000E2,,
9.107000E2,,
9.108000E2,,
9.109000E2,,
9.110000E2,-3.959697E-2,-6.103671E-2
9.111000E2,,
9.112000E2,,
9.113000E2,,
9.114000E2,,
9.115000E2,,
9.116000E2,,
9.117000E2,,
9.118000E2,,
9.119000E2,,
9.120000E2,-3.959641E-2,-6.101614E-2
9.121000E2,,
9.122000E2,,
9.123000E2,,
9.124000E2,,
9.125000E2,,
9.126000E2,,
9.127000E2,,
9.128000E2,,
9.129000E2,,
9.130000E2,-3.959595E-2,-6.108039E-2
9.131000E2,,
9.132000E2,,
9.133000E2,,
9.134000E2,,
9.135000E2,,
9.136000E2,,
9.137000E2,,
9.138000E2,,
9.139000E2,,
9.140000E2,-3.959561E-2,-6.102462E-2
9.141000E2,,
9.142000E2,,
9.143000E2,,
9.144000E2,,
9.145000E2,,
9.146000E2,,
9.147000E2,,
9.148000E2,,
9.149000E2,,
9.150000E2,-3.959549E-2,-6.106909E-2
9.151000E2,,
9.152000E2,,
9.153000E2,,
9.154000E2,,
9.155000E2,,
9.156000E2,,
9.157000E2,,
9.158000E2,,
9.159000E2,,
9.160000E2,-3.959549E-2,-6.107276E-2
9.161000E2,,
9.162000E2,,
9.163000E2,,
9.164000E2,,
9.165000E2,,
9.166000E2,,
9.167000E2,,
9.168000E2,,
9.169000E2,,
9.170000E2,-3.959549E-2,-6.101964E-2
9.171000E2,,
9.172000E2,,
9.173000E2,,
9.174000E2,,
9.175000E2,,
9.176000E2,,
9.177000E2,,
9.178000E2,,
9.179000E2,,
9.180000E2,-3.959549E-2,-6.104888E-2
9.181000E2,,
9.182000E2,,
9.183000E2,,
9.184000E2,,
9.185000E2,,
9.186000E2,,
9.187000E2,,
9.188000E2,,
9.189000E2,,
9.190000E2,-3.959549E-2,-6.105909E-2
9.191000E2,,
9.192000E2,,
9.193000E2,,
9.194000E2,,
9.195000E2,,
9.196000E2,,
9.197000E2,,
9.198000E2,,
9.199000E2,,
9.200000E2,-3.959549E-2,-6.101386E-2
9.201000E2,,
9.202000E2,,
9.203000E2,,
9.204000E2,,
9.205000E2,,
9.206000E2,,
9.207000E2,,
9.208000E2,,
9.209000E2,,
9.210000E2,-3.959549E-2,-6.104163E-2
9.211000E2,,
9.212000E2,,
9.213000E2,,
9.214000E2,,
9.215000E2,,
9.216000E2,,
9.217000E2,,
9.218000E2,,
9.219000E2,,
9.220000E2,-3.959549E-2,-6.103257E-2
9.221000E2,,
9.222000E2,,
9.223000E2,,
9.224000E2,,
9.225000E2,,
9.226000E2,,
9.227000E2,,
9.228000E2,,
9.229000E2,,
9.230000E2,-3.959549E-2,-6.103876E-2
9.231000E2,,
9.232000E2,,
9.233000E2,,
9.234000E2,,
9.235000E2,,
9.236000E2,,
9.237000E2,,
9.238000E2,,
9.239000E2,,
9.240000E2,-3.959549E-2,-6.107866E-2
9.241000E2,,
9.242000E2,,
9.243000E2,,
9.244000E2,,
9.245000E2,,
9.246000E2,,
9.247000E2,,
9.248000E2,,
9.249000E2,,
9.250000E2,-3.959549E-2,-6.103383E-2
9.251000E2,,
9.252000E2,,
9.253000E2,,
9.254000E2,,
9.255000E2,,
9.256000E2,,
9.257000E2,,
9.258000E2,,
9.259000E2,,
9.260000E2,-3.959549E-2,-6.106766E-2
9.261000E2,,
9.262000E2,,
9.263000E2,,
9.264000E2,,
9.265000E2,,
9.266000E2,,
9.267000E2,,
9.268000E2,,
9.269000E2,,
9.270000E2,-3.959549E-2,-6.104654E-2
9.271000E2,,
9.272000E2,,
9.273000E2,,
9.274000E2,,
9.275000E2,,
9.276000E2,,
9.277000E2,,
9.278000E2,,
9.279000E2,,
9.280000E2,-3.959549E-2,-6.091719E-2
9.281000E2,,
9.282000E2,,
9.283000E2,,
9.284000E2,,
9.285000E2,,
9.286000E2,,
9.287000E2,,
9.288000E2,,
9.289000E2,,
9.290000E2,-3.959549E-2,-6.094201E-2
9.291000E2,,
9.292000E2,,
9.293000E2,,
9.294000E2,,
9.295000E2,,
9.296000E2,,
9.297000E2,,
9.298000E2,,
9.299000E2,,
9.300000E2,-3.959549E-2,-6.099610E-2
9.301000E2,,
9.302000E2,,
9.303000E2,,
9.304000E2,,
9.305000E2,,
9.306000E2,,
9.307000E2,,
9.308000E2,,
9.309000E2,,
9.310000E2,-3.959549E-2,-6.105210E-2
9.311000E2,,
9.312000E2,,
9.313000E2,,
9.314000E2,,
9.315000E2,,
9.316000E2,,
9.317000E2,,
9.318000E2,,
9.319000E2,,
9.320000E2,-3.959549E-2,-6.108033E-2
9.321000E2,,
9.322000E2,,
9.323000E2,,
9.324000E2,,
9.325000E2,,
9.326000E2,,
9.327000E2,,
9.328000E2,,
9.329000E2,,
9.330000E2,-3.959549E-2,-6.123601E-2
9.331000E2,,
9.332000E2,,
9.333000E2,,
9.334000E2,,
9.335000E2,,
9.336000E2,,
9.337000E2,,
9.338000E2,,
9.339000E2,,
9.340000E2,-3.959549E-2,-6.106502E-2
9.341000E2,,
9.342000E2,,
9.343000E2,,
9.344000E2,,
9.345000E2,,
9.346000E2,,
9.347000E2,,
9.348000E2,,
9.349000E2,,
9.350000E2,-3.959549E-2,-6.105415E-2
9.351000E2,,
9.352000E2,,
9.353000E2,,
9.354000E2,,
9.355000E2,,
9.356000E2,,
9.357000E2,,
9.358000E2,,
9.359000E2,,
9.360000E2,-3.959549E-2,-6.099207E-2
9.361000E2,,
9.362000E2,,
9.363000E2,,
9.364000E2,,
9.365000E2,,
9.366000E2,,
9.367000E2,,
9.368000E2,,
9.369000E2,,
9.370000E2,-3.959549E-2,-6.102735E-2
9.371000E2,,
9.372000E2,,
9.373000E2,,
9.374000E2,,
9.375000E2,,
9.376000E2,,
9.377000E2,,
9.378000E2,,
9.379000E2,,
9.380000E2,-3.959549E-2,-6.105746E-2
9.381000E2,,
9.382000E2,,
9.383000E2,,
9.384000E2,,
9.385000E2,,
9.386000E2,,
9.387000E2,,
9.388000E2,,
9.389000E2,,
9.390000E2,-3.959549E-2,-6.106151E-2
9.391000E2,,
9.392000E2,,
9.393000E2,,
9.394000E2,,
9.395000E2,,
9.396000E2,,
9.397000E2,,
9.398000E2,,
9.399000E2,,
9.400000E2,-3.959549E-2,-6.128655E-2
9.401000E2,,
9.402000E2,,
9.403000E2,,
9.404000E2,,
9.405000E2,,
9.406000E2,,
9.407000E2,,
9.408000E2,,
9.409000E2,,
9.410000E2,-3.959549E-2,-6.129792E-2
9.411000E2,,
9.412000E2,,
9.413000E2,,
9.414000E2,,
9.415000E2,,
9.416000E2,,
9.417000E2,,
9.418000E2,,
9.419000E2,,
9.420000E2,-3.959549E-2,-6.123881E-2
9.421000E2,,
9.422000E2,,
9.423000E2,,
9.424000E2,,
9.425000E2,,
9.426000E2,,
9.427000E2,,
9.428000E2,,
9.429000E2,,
9.430000E2,-3.959549E-2,-6.130433E-2
9.431000E2,,
9.432000E2,,
9.433000E2,,
9.434000E2,,
9.435000E2,,
9.436000E2,,
9.437000E2,,
9.438000E2,,
9.439000E2,,
9.440000E2,-3.959549E-2,-6.128590E-2
9.441000E2,,
9.442000E2,,
9.443000E2,,
9.444000E2,,
9.445000E2,,
9.446000E2,,
9.447000E2,,
9.448000E2,,
9.449000E2,,
9.450000E2,-3.959549E-2,-6.129006E-2
9.451000E2,,
9.452000E2,,
9.453000E2,,
9.454000E2,,
9.455000E2,,
9.456000E2,,
9.457000E2,,
9.458000E2,,
9.459000E2,,
9.460000E2,-3.959549E-2,-6.126912E-2
9.461000E2,,
9.462000E2,,
9.463000E2,,
9.464000E2,,
9.465000E2,,
9.466000E2,,
9.467000E2,,
9.468000E2,,
9.469000E2,,
9.470000E2,-3.959549E-2,-6.133369E-2
9.471000E2,,
9.472000E2,,
9.473000E2,,
9.474000E2,,
9.475000E2,,
9.476000E2,,
9.477000E2,,
9.478000E2,,
9.479000E2,,
9.480000E2,-3.959549E-2,-6.129215E-2
9.481000E2,,
9.482000E2,,
9.483000E2,,
9.484000E2,,
9.485000E2,,
9.486000E2,,
9.487000E2,,
9.488000E2,,
9.489000E2,,
9.490000E2,-3.959549E-2,-6.129332E-2
9.491000E2,,
9.492000E2,,
9.493000E2,,
9.494000E2,,
9.495000E2,,
9.496000E2,,
9.497000E2,,
9.498000E2,,
9.499000E2,,
9.500000E2,-3.959549E-2,-6.125411E-2
9.501000E2,,
9.502000E2,,
9.503000E2,,
9.504000E2,,
9.505000E2,,
9.506000E2,,
9.507000E2,,
9.508000E2,,
9.509000E2,,
9.510000E2,-3.959549E-2,-6.128312E-2
9.511000E2,,
9.512000E2,,
9.513000E2,,
9.514000E2,,
9.515000E2,,
9.516000E2,,
9.517000E2,,
9.518000E2,,
9.519000E2,,
9.520000E2,-3.959549E-2,-6.133082E-2
9.521000E2,,
9.522000E2,,
9.523000E2,,
9.524000E2,,
9.525000E2,,
9.526000E2,,
9.527000E2,,
9.528000E2,,
9.529000E2,,
9.530000E2,-3.959549E-2,-6.122891E-2
9.531000E2,,
9.532000E2,,
9.533000E2,,
9.534000E2,,
9.535000E2,,
9.536000E2,,
9.537000E2,,
9.538000E2,,
9.539000E2,,
9.540000E2,-3.959549E-2,-6.128956E-2
9.541000E2,,
9.542000E2,,
9.543000E2,,
9.544000E2,,
9.545000E2,,
9.546000E2,,
9.547000E2,,
9.548000E2,,
9.549000E2,,
9.550000E2,-3.959549E-2,-6.132477E-2
9.551000E2,,
9.552000E2,,
9.553000E2,,
9.554000E2,,
9.555000E2,,
9.556000E2,,
9.557000E2,,
9.558000E2,,
9.559000E2,,
9.560000E2,-3.959549E-2,-6.129033E-2
9.561000E2,,
9.562000E2,,
9.563000E2,,
9.564000E2,,
9.565000E2,,
9.566000E2,,
9.567000E2,,
9.568000E2,,
9.569000E2,,
9.570000E2,-3.959549E-2,-6.127880E-2
9.571000E2,,
9.572000E2,,
9.573000E2,,
9.574000E2,,
9.575000E2,,
9.576000E2,,
9.577000E2,,
9.578000E2,,
9.579000E2,,
9.580000E2,-3.959549E-2,-6.127919E-2
9.581000E2,,
9.582000E2,,
9.583000E2,,
9.584000E2,,
9.585000E2,,
9.586000E2,,
9.587000E2,,
9.588000E2,,
9.589000E2,,
9.590000E2,-3.959549E-2,-6.130949E-2
9.591000E2,,
9.592000E2,,
9.593000E2,,
9.594000E2,,
9.595000E2,,
9.596000E2,,
9.597000E2,,
9.598000E2,,
9.599000E2,,
9.600000E2,-3.959549E-2,-6.125915E-2
9.601000E2,,
9.602000E2,,
9.603000E2,,
9.604000E2,,
9.605000E2,,
9.606000E2,,
9.607000E2,,
9.608000E2,,
9.609000E2,,
9.610000E2,-3.959549E-2,-6.126823E-2
9.611000E2,,
9.612000E2,,
9.613000E2,,
9.614000E2,,
9.615000E2,,
9.616000E2,,
9.617000E2,,
9.618000E2,,
9.619000E2,,
9.620000E2,-3.959549E-2,-6.128605E-2
9.621000E2,,
9.622000E2,,
9.623000E2,,
9.624000E2,,
9.625000E2,,
9.626000E2,,
9.627000E2,,
9.628000E2,,
9.629000E2,,
9.630000E2,-3.959549E-2,-6.125780E-2
9.631000E2,,
9.632000E2,,
9.633000E2,,
9.634000E2,,
9.635000E2,,
9.636000E2,,
9.637000E2,,
9.638000E2,,
9.639000E2,,
9.640000E2,-3.959549E-2,-6.127113E-2
9.641000E2,,
9.642000E2,,
9.643000E2,,
9.644000E2,,
9.645000E2,,
9.646000E2,,
9.647000E2,,
9.648000E2,,
9.649000E2,,
9.650000E2,-3.959549E-2,-6.128383E-2
9.651000E2,,
9.652000E2,,
9.653000E2,,
9.654000E2,,
9.655000E2,,
9.656000E2,,
9.657000E2,,
9.658000E2,,
9.659000E2,,
9.660000E2,-3.959549E-2,-6.128055E-2
9.661000E2,,
9.662000E2,,
9.663000E2,,
9.664000E2,,
9.665000E2,,
9.666000E2,,
9.667000E2,,
9.668000E2,,
9.669000E2,,
9.670000E2,-3.959549E-2,-6.133207E-2
9.671000E2,,
9.672000E2,,
9.673000E2,,
9.674000E2,,
9.675000E2,,
9.676000E2,,
9.677000E2,,
9.678000E2,,
9.679000E2,,
9.680000E2,-3.959549E-2,-6.134415E-2
9.681000E2,,
9.682000E2,,
9.683000E2,,
9.684000E2,,
9.685000E2,,
9.686000E2,,
9.687000E2,,
9.688000E2,,
9.689000E2,,
9.690000E2,-3.959549E-2,-6.125876E-2
9.691000E2,,
9.692000E2,,
9.693000E2,,
9.694000E2,,
9.695000E2,,
9.696000E2,,
9.697000E2,,
9.698000E2,,
9.699000E2,,
9.700000E2,-3.959549E-2,-6.127705E-2
9.701000E2,,
9.702000E2,,
9.703000E2,,
9.704000E2,,
9.705000E2,,
9.706000E2,,
9.707000E2,,
9.708000E2,,
9.709000E2,,
9.710000E2,-3.959549E-2,-6.125690E-2
9.711000E2,,
9.712000E2,,
9.713000E2,,
9.714000E2,,
9.715000E2,,
9.716000E2,,
9.717000E2,,
9.718000E2,,
9.719000E2,,
9.720000E2,-3.959549E-2,-6.131367E-2
9.721000E2,,
9.722000E2,,
9.723000E2,,
9.724000E2,,
9.725000E2,,
9.726000E2,,
9.727000E2,,
9.728000E2,,
9.729000E2,,
9.730000E2,-3.959549E-2,-6.126497E-2
9.731000E2,,
9.732000E2,,
9.733000E2,,
9.734000E2,,
9.735000E2,,
9.736000E2,,
9.737000E2,,
9.738000E2,,
9.739000E2,,
9.740000E2,-3.959549E-2,-6.127868E-2
9.741000E2,,
9.742000E2,,
9.743000E2,,
9.744000E2,,
9.745000E2,,
9.746000E2,,
9.747000E2,,
9.748000E2,,
9.749000E2,,
9.750000E2,-3.959549E-2,-6.127327E-2
9.751000E2,,
9.752000E2,,
9.753000E2,,
9.754000E2,,
9.755000E2,,
9.756000E2,,
9.757000E2,,
9.758000E2,,
9.759000E2,,
9.760000E2,-3.959549E-2,-6.123688E-2
9.761000E2,,
9.762000E2,,
9.763000E2,,
9.764000E2,,
9.765000E2,,
9.766000E2,,
9.767000E2,,
9.768000E2,,
9.769000E2,,
9.770000E2,-3.959549E-2,-6.133484E-2
9.771000E2,,
9.772000E2,,
9.773000E2,,
9.774000E2,,
9.775000E2,,
9.776000E2,,
9.777000E2,,
9.778000E2,,
9.779000E2,,
9.780000E2,-3.959549E-2,-6.124988E-2
9.781000E2,,
9.782000E2,,
9.783000E2,,
9.784000E2,,
9.785000E2,,
9.786000E2,,
9.787000E2,,
9.788000E2,,
9.789000E2,,
9.790000E2,-3.959549E-2,-6.129262E-2
9.791000E2,,
9.792000E2,,
9.793000E2,,
9.794000E2,,
9.795000E2,,
9.796000E2,,
9.797000E2,,
9.798000E2,,
9.799000E2,,
9.800000E2,-3.959549E-2,-6.125878E-2
9.801000E2,,
9.802000E2,,
9.803000E2,,
9.804000E2,,
9.805000E2,,
9.806000E2,,
9.807000E2,,
9.808000E2,,
9.809000E2,,
9.810000E2,-3.959549E-2,-6.134200E-2
9.811000E2,,
9.812000E2,,
9.813000E2,,
9.814000E2,,
9.815000E2,,
9.816000E2,,
9.817000E2,,
9.818000E2,,
9.819000E2,,
9.820000E2,-3.959549E-2,-6.121390E-2
9.821000E2,,
9.822000E2,,
9.823000E2,,
9.824000E2,,
9.825000E2,,
9.826000E2,,
9.827000E2,,
9.828000E2,,
9.829000E2,,
9.830000E2,-3.959549E-2,-6.131330E-2
9.831000E2,,
9.832000E2,,
9.833000E2,,
9.834000E2,,
9.835000E2,,
9.836000E2,,
9.837000E2,,
9.838000E2,,
9.839000E2,,
9.840000E2,-3.959549E-2,-6.125981E-2
9.841000E2,,
9.842000E2,,
9.843000E2,,
9.844000E2,,
9.845000E2,,
9.846000E2,,
9.847000E2,,
9.848000E2,,
9.849000E2,,
9.850000E2,-3.959549E-2,-6.125150E-2
9.851000E2,,
9.852000E2,,
9.853000E2,,
9.854000E2,,
9.855000E2,,
9.856000E2,,
9.857000E2,,
9.858000E2,,
9.859000E2,,
9.860000E2,-3.959549E-2,-6.124973E-2
9.861000E2,,
9.862000E2,,
9.863000E2,,
9.864000E2,,
9.865000E2,,
9.866000E2,,
9.867000E2,,
9.868000E2,,
9.869000E2,,
9.870000E2,-3.959549E-2,-6.128004E-2
9.871000E2,,
9.872000E2,,
9.873000E2,,
9.874000E2,,
9.875000E2,,
9.876000E2,,
9.877000E2,,
9.878000E2,,
9.879000E2,,
9.880000E2,-3.959549E-2,-6.131202E-2
9.881000E2,,
9.882000E2,,
9.883000E2,,
9.884000E2,,
9.885000E2,,
9.886000E2,,
9.887000E2,,
9.888000E2,,
9.889000E2,,
9.890000E2,-3.959549E-2,-6.129202E-2
9.891000E2,,
9.892000E2,,
9.893000E2,,
9.894000E2,,
9.895000E2,,
9.896000E2,,
9.897000E2,,
9.898000E2,,
9.899000E2,,
9.900000E2,-3.959549E-2,-6.129473E-2
9.901000E2,,
9.902000E2,,
9.903000E2,,
9.904000E2,,
9.905000E2,,
9.906000E2,,
9.907000E2,,
9.908000E2,,
9.909000E2,,
9.910000E2,-3.959549E-2,-6.121908E-2
9.911000E2,,
9.912000E2,,
9.913000E2,,
9.914000E2,,
9.915000E2,,
9.916000E2,,
9.917000E2,,
9.918000E2,,
9.919000E2,,
9.920000E2,-3.959549E-2,-6.133746E-2
9.921000E2,,
9.922000E2,,
9.923000E2,,
9.924000E2,,
9.925000E2,,
9.926000E2,,
9.927000E2,,
9.928000E2,,
9.929000E2,,
9.930000E2,-3.959549E-2,-6.126223E-2
9.931000E2,,
9.932000E2,,
9.933000E2,,
9.934000E2,,
9.935000E2,,
9.936000E2,,
9.937000E2,,
9.938000E2,,
9.939000E2,,
9.940000E2,-3.959687E-2,-6.128672E-2
9.941000E2,,
9.942000E2,,
9.943000E2,,
9.944000E2,,
9.945000E2,,
9.946000E2,,
9.947000E2,,
9.948000E2,,
9.949000E2,,
9.950000E2,-3.959664E-2,-6.126967E-2
9.951000E2,,
9.952000E2,,
9.953000E2,,
9.954000E2,,
9.955000E2,,
9.956000E2,,
9.957000E2,,
9.958000E2,,
9.959000E2,,
9.960000E2,-3.959664E-2,-6.127682E-2
9.961000E2,,
9.962000E2,,
9.963000E2,,
9.964000E2,,
9.965000E2,,
9.966000E2,,
9.967000E2,,
9.968000E2,,
9.969000E2,,
9.970000E2,-3.959664E-2,-6.129232E-2
9.971000E2,,
9.972000E2,,
9.973000E2,,
9.974000E2,,
9.975000E2,,
9.976000E2,,
9.977000E2,,
9.978000E2,,
9.979000E2,,
9.980000E2,-3.959664E-2,-6.124375E-2
9.981000E2,,
9.982000E2,,
9.983000E2,,
9.984000E2,,
9.985000E2,,
9.986000E2,,
9.987000E2,,
9.988000E2,,
9.989000E2,,
9.990000E2,-3.959664E-2,-6.128775E-2
9.991000E2,,
9.992000E2,,
9.993000E2,,
9.994000E2,,
9.995000E2,,
9.996000E2,,
9.997000E2,,
9.998000E2,,
9.999000E2,,
1.000000E3,-3.959664E-2,-6.131102E-2
1.000100E3,,
1.000200E3,,
1.000300E3,,
1.000400E3,,
1.000500E3,,
1.000600E3,,
1.000700E3,,
1.000800E3,,
1.000900E3,,
1.001000E3,-3.959664E-2,-6.128129E-2
1.001100E3,,
1.001200E3,,
1.001300E3,,
1.001400E3,,
1.001500E3,,
1.001600E3,,
1.001700E3,,
1.001800E3,,
1.001900E3,,
1.002000E3,-3.959664E-2,-6.129468E-2
1.002100E3,,
1.002200E3,,
1.002300E3,,
1.002400E3,,
1.002500E3,,
1.002600E3,,
1.002700E3,,
1.002800E3,,
1.002900E3,,
1.003000E3,-3.959664E-2,-6.127913E-2
1.003100E3,,
1.003200E3,,
1.003300E3,,
1.003400E3,,
1.003500E3,,
1.003600E3,,
1.003700E3,,
1.003800E3,,
1.003900E3,,
1.004000E3,-3.959664E-2,-6.136488E-2
1.004100E3,,
1.004200E3,,
1.004300E3,,
1.004400E3,,
1.004500E3,,
1.004600E3,,
1.004700E3,,
1.004800E3,,
1.004900E3,,
1.005000E3,-3.959664E-2,-6.124014E-2
1.005100E3,,
1.005200E3,,
1.005300E3,,
1.005400E3,,
1.005500E3,,
1.005600E3,,
1.005700E3,,
1.005800E3,,
1.005900E3,,
1.006000E3,-3.959664E-2,-6.122159E-2
1.006100E3,,
1.006200E3,,
1.006300E3,,
1.006400E3,,
1.006500E3,,
1.006600E3,,
1.006700E3,,
1.006800E3,,
1.006900E3,,
1.007000E3,-3.959664E-2,-6.129537E-2
1.007100E3,,
1.007200E3,,
1.007300E3,,
1.007400E3,,
1.007500E3,,
1.007600E3,,
1.007700E3,,
1.007800E3,,
1.007900E3,,
1.008000E3,-3.959664E-2,-6.126682E-2
1.008100E3,,
1.008200E3,,
1.008300E3,,
1.008400E3,,
1.008500E3,,
1.008600E3,,
1.008700E3,,
1.008800E3,,
1.008900E3,,
1.009000E3,-3.959664E-2,-6.128443E-2
1.009100E3,,
1.009200E3,,
1.009300E3,,
1.009400E3,,
1.009500E3,,
1.009600E3,,
1.009700E3,,
1.009800E3,,
1.009900E3,,
1.010000E3,-3.959664E-2,-6.126108E-2
1.010100E3,,
1.010200E3,,
1.010300E3,,
1.010400E3,,
1.010500E3,,
1.010600E3,,
1.010700E3,,
1.010800E3,,
1.010900E3,,
1.011000E3,-3.959664E-2,-6.129679E-2
1.011100E3,,
1.011200E3,,
1.011300E3,,
1.011400E3,,
1.011500E3,,
1.011600E3,,
1.011700E3,,
1.011800E3,,
1.011900E3,,
1.012000E3,-3.959664E-2,-6.128530E-2
1.012100E3,,
1.012200E3,,
1.012300E3,,
1.012400E3,,
1.012500E3,,
1.012600E3,,
1.012700E3,,
1.012800E3,,
1.012900E3,,
1.013000E3,-3.959664E-2,-6.129139E-2
1.013100E3,,
1.013200E3,,
1.013300E3,,
1.013400E3,,
1.013500E3,,
1.013600E3,,
1.013700E3,,
1.013800E3,,
1.013900E3,,
1.014000E3,-3.959664E-2,-6.126424E-2
1.014100E3,,
1.014200E3,,
1.014300E3,,
1.014400E3,,
1.014500E3,,
1.014600E3,,
1.014700E3,,
1.014800E3,,
1.014900E3,,
1.015000E3,-3.959664E-2,-6.125599E-2
1.015100E3,,
1.015200E3,,
1.015300E3,,
1.015400E3,,
1.015500E3,,
1.015600E3,,
1.015700E3,,
1.015800E3,,
1.015900E3,,
1.016000E3,-3.959664E-2,-6.122755E-2
1.016100E3,,
1.016200E3,,
1.016300E3,,
1.016400E3,,
1.016500E3,,
1.016600E3,,
1.016700E3,,
1.016800E3,,
1.016900E3,,
1.017000E3,-3.959664E-2,-6.125421E-2
1.017100E3,,
1.017200E3,,
1.017300E3,,
1.017400E3,,
1.017500E3,,
1.017600E3,,
1.017700E3,,
1.017800E3,,
1.017900E3,,
1.018000E3,-3.959664E-2,-6.125927E-2
1.018100E3,,
1.018200E3,,
1.018300E3,,
1.018400E3,,
1.018500E3,,
1.018600E3,,
1.018700E3,,
1.018800E3,,
1.018900E3,,
1.019000E3,-3.959664E-2,-6.132710E-2
1.019100E3,,
1.019200E3,,
1.019300E3,,
1.019400E3,,
1.019500E3,,
1.019600E3,,
1.019700E3,,
1.019800E3,,
1.019900E3,,
1.020000E3,-3.959664E-2,-6.128181E-2
1.020100E3,,
1.020200E3,,
1.020300E3,,
1.020400E3,,
1.020500E3,,
1.020600E3,,
1.020700E3,,
1.020800E3,,
1.020900E3,,
1.021000E3,-3.959664E-2,-6.126354E-2
1.021100E3,,
1.021200E3,,
1.021300E3,,
1.021400E3,,
1.021500E3,,
1.021600E3,,
1.021700E3,,
1.021800E3,,
1.021900E3,,
1.022000E3,-3.959664E-2,-6.126865E-2
1.022100E3,,
1.022200E3,,
1.022300E3,,
1.022400E3,,
1.022500E3,,
1.022600E3,,
1.022700E3,,
1.022800E3,,
1.022900E3,,
1.023000E3,-3.959664E-2,-6.123326E-2
1.023100E3,,
1.023200E3,,
1.023300E3,,
1.023400E3,,
1.023500E3,,
1.023600E3,,
1.023700E3,,
1.023800E3,,
1.023900E3,,
1.024000E3,-3.959664E-2,-6.123042E-2
1.024100E3,,
1.024200E3,,
1.024300E3,,
1.024400E3,,
1.024500E3,,
1.024600E3,,
1.024700E3,,
1.024800E3,,
1.024900E3,,
1.025000E3,-3.959664E-2,-6.122987E-2
1.025100E3,,
1.025200E3,,
1.025300E3,,
1.025400E3,,
1.025500E3,,
1.025600E3,,
1.025700E3,,
1.025800E3,,
1.025900E3,,
1.026000E3,-3.959664E-2,-6.129289E-2
1.026100E3,,
1.026200E3,,
1.026300E3,,
1.026400E3,,
1.026500E3,,
1.026600E3,,
1.026700E3,,
1.026800E3,,
1.026900E3,,
1.027000E3,-3.959664E-2,-6.130360E-2
1.027100E3,,
1.027200E3,,
1.027300E3,,
1.027400E3,,
1.027500E3,,
1.027600E3,,
1.027700E3,,
1.027800E3,,
1.027900E3,,
1.028000E3,-3.959664E-2,-6.124875E-2
1.028100E3,,
1.028200E3,,
1.028300E3,,
1.028400E3,,
1.028500E3,,
1.028600E3,,
1.028700E3,,
1.028800E3,,
1.028900E3,,
1.029000E3,-3.959664E-2,-6.127878E-2
1.029100E3,,
1.029200E3,,
1.029300E3,,
1.029400E3,,
1.029500E3,,
1.029600E3,,
1.029700E3,,
1.029800E3,,
1.029900E3,,
1.030000E3,-3.959664E-2,-6.126299E-2
1.030100E3,,
1.030200E3,,
1.030300E3,,
1.030400E3,,
1.030500E3,,
1.030600E3,,
1.030700E3,,
1.030800E3,,
1.030900E3,,
1.031000E3,-3.959664E-2,-6.127961E-2
1.031100E3,,
1.031200E3,,
1.031300E3,,
1.031400E3,,
1.031500E3,,
1.031600E3,,
1.031700E3,,
1.031800E3,,
1.031900E3,,
1.032000E3,-3.959664E-2,-6.126808E-2
1.032100E3,,
1.032200E3,,
1.032300E3,,
1.032400E3,,
1.032500E3,,
1.032600E3,,
1.032700E3,,
1.032800E3,,
1.032900E3,,
1.033000E3,-3.959664E-2,-6.123849E-2
1.033100E3,,
1.033200E3,,
1.033300E3,,
1.033400E3,,
1.033500E3,,
1.033600E3,,
1.033700E3,,
1.033800E3,,
1.033900E3,,
1.034000E3,-3.959664E-2,-6.129139E-2
1.034100E3,,
1.034200E3,,
1.034300E3,,
1.034400E3,,
1.034500E3,,
1.034600E3,,
1.034700E3,,
1.034800E3,,
1.034900E3,,
1.035000E3,-3.959664E-2,-6.124906E-2
1.035100E3,,
1.035200E3,,
1.035300E3,,
1.035400E3,,
1.035500E3,,
1.035600E3,,
1.035700E3,,
1.035800E3,,
1.035900E3,,
1.036000E3,-3.959664E-2,-6.130032E-2
1.036100E3,,
1.036200E3,,
1.036300E3,,
1.036400E3,,
1.036500E3,,
1.036600E3,,
1.036700E3,,
1.036800E3,,
1.036900E3,,
1.037000E3,-3.959664E-2,-6.124881E-2
1.037100E3,,
1.037200E3,,
1.037300E3,,
1.037400E3,,
1.037500E3,,
1.037600E3,,
1.037700E3,,
1.037800E3,,
1.037900E3,,
1.038000E3,-3.959664E-2,-6.127488E-2
1.038100E3,,
1.038200E3,,
1.038300E3,,
1.038400E3,,
1.038500E3,,
1.038600E3,,
1.038700E3,,
1.038800E3,,
1.038900E3,,
1.039000E3,-3.959664E-2,-6.125504E-2
1.039100E3,,
1.039200E3,,
1.039300E3,,
1.039400E3,,
1.039500E3,,
1.039600E3,,
1.039700E3,,
1.039800E3,,
1.039900E3,,
1.040000E3,-3.959664E-2,-6.128511E-2
1.040100E3,,
1.040200E3,,
1.040300E3,,
1.040400E3,,
1.040500E3,,
1.040600E3,,
1.040700E3,,
1.040800E3,,
1.040900E3,,
1.041000E3,-3.959664E-2,-6.126767E-2
1.041100E3,,
1.041200E3,,
1.041300E3,,
1.041400E3,,
1.041500E3,,
1.041600E3,,
1.041700E3,,
1.041800E3,,
1.041900E3,,
1.042000E3,-3.959664E-2,-6.128044E-2
1.042100E3,,
1.042200E3,,
1.042300E3,,
1.042400E3,,
1.042500E3,,
1.042600E3,,
1.042700E3,,
1.042800E3,,
1.042900E3,,
1.043000E3,-3.959664E-2,-6.130179E-2
1.043100E3,,
1.043200E3,,
1.043300E3,,
1.043400E3,,
1.043500E3,,
1.043600E3,,
1.043700E3,,
1.043800E3,,
1.043900E3,,
1.044000E3,-3.959664E-2,-6.124386E-2
1.044100E3,,
1.044200E3,,
1.044300E3,,
1.044400E3,,
1.044500E3,,
1.044600E3,,
1.044700E3,,
1.044800E3,,
1.044900E3,,
1.045000E3,-3.959664E-2,-6.134356E-2
1.045100E3,,
1.045200E3,,
1.045300E3,,
1.045400E3,,
1.045500E3,,
1.045600E3,,
1.045700E3,,
1.045800E3,,
1.045900E3,,
1.046000E3,-3.959664E-2,-6.127682E-2
1.046100E3,,
1.046200E3,,
1.046300E3,,
1.046400E3,,
1.046500E3,,
1.046600E3,,
1.046700E3,,
1.046800E3,,
1.046900E3,,
1.047000E3,-3.959664E-2,-6.126520E-2
1.047100E3,,
1.047200E3,,
1.047300E3,,
1.047400E3,,
1.047500E3,,
1.047600E3,,
1.047700E3,,
1.047800E3,,
1.047900E3,,
1.048000E3,-3.959664E-2,-6.125980E-2
1.048100E3,,
1.048200E3,,
1.048300E3,,
1.048400E3,,
1.048500E3,,
1.048600E3,,
1.048700E3,,
1.048800E3,,
1.048900E3,,
1.049000E3,-3.959664E-2,-6.123240E-2
1.049100E3,,
1.049200E3,,
1.049300E3,,
1.049400E3,,
1.049500E3,,
1.049600E3,,
1.049700E3,,
1.049800E3,,
1.049900E3,,
1.050000E3,-3.959664E-2,-6.125114E-2
1.050100E3,,
1.050200E3,,
1.050300E3,,
1.050400E3,,
1.050500E3,,
1.050600E3,,
1.050700E3,,
1.050800E3,,
1.050900E3,,
1.051000E3,-3.959664E-2,-6.126699E-2
1.051100E3,,
1.051200E3,,
1.051300E3,,
1.051400E3,,
1.051500E3,,
1.051600E3,,
1.051700E3,,
1.051800E3,,
1.051900E3,,
1.052000E3,-3.959664E-2,-6.123258E-2
1.052100E3,,
1.052200E3,,
1.052300E3,,
1.052400E3,,
1.052500E3,,
1.052600E3,,
1.052700E3,,
1.052800E3,,
1.052900E3,,
1.053000E3,-3.959664E-2,-6.127262E-2
1.053100E3,,
1.053200E3,,
1.053300E3,,
1.053400E3,,
1.053500E3,,
1.053600E3,,
1.053700E3,,
1.053800E3,,
1.053900E3,,
1.054000E3,-3.959664E-2,-6.125033E-2
1.054100E3,,
1.054200E3,,
1.054300E3,,
1.054400E3,,
1.054500E3,,
1.054600E3,,
1.054700E3,,
1.054800E3,,
1.054900E3,,
1.055000E3,-3.959664E-2,-6.129919E-2
1.055100E3,,
1.055200E3,,
1.055300E3,,
1.055400E3,,
1.055500E3,,
1.055600E3,,
1.055700E3,,
1.055800E3,,
1.055900E3,,
1.056000E3,-3.959664E-2,-6.125286E-2
1.056100E3,,
1.056200E3,,
1.056300E3,,
1.056400E3,,
1.056500E3,,
1.056600E3,,
1.056700E3,,
1.056800E3,,
1.056900E3,,
1.057000E3,-3.959664E-2,-6.126959E-2
1.057100E3,,
1.057200E3,,
1.057300E3,,
1.057400E3,,
1.057500E3,,
1.057600E3,,
1.057700E3,,
1.057800E3,,
1.057900E3,,
1.058000E3,-3.959664E-2,-6.127089E-2
1.058100E3,,
1.058200E3,,
1.058300E3,,
1.058400E3,,
1.058500E3,,
1.058600E3,,
1.058700E3,,
1.058800E3,,
1.058900E3,,
1.059000E3,-3.959664E-2,-6.125910E-2
1.059100E3,,
1.059200E3,,
1.059300E3,,
1.059400E3,,
1.059500E3,,
1.059600E3,,
1.059700E3,,
1.059800E3,,
1.059900E3,,
1.060000E3,-3.959664E-2,-6.129112E-2
1.060100E3,,
1.060200E3,,
1.060300E3,,
1.060400E3,,
1.060500E3,,
1.060600E3,,
1.060700E3,,
1.060800E3,,
1.060900E3,,
1.061000E3,-3.959664E-2,-6.126288E-2
1.061100E3,,
1.061200E3,,
1.061300E3,,
1.061400E3,,
1.061500E3,,
1.061600E3,,
1.061700E3,,
1.061800E3,,
1.061900E3,,
1.062000E3,-3.959664E-2,-6.127680E-2
1.062100E3,,
1.062200E3,,
1.062300E3,,
1.062400E3,,
1.062500E3,,
1.062600E3,,
1.062700E3,,
1.062800E3,,
1.062900E3,,
1.063000E3,-3.959664E-2,-6.132597E-2
1.063100E3,,
1.063200E3,,
1.063300E3,,
1.063400E3,,
1.063500E3,,
1.063600E3,,
1.063700E3,,
1.063800E3,,
1.063900E3,,
1.064000E3,-3.959664E-2,-6.125821E-2
1.064100E3,,
1.064200E3,,
1.064300E3,,
1.064400E3,,
1.064500E3,,
1.064600E3,,
1.064700E3,,
1.064800E3,,
1.064900E3,,
1.065000E3,-3.959664E-2,-6.122044E-2
1.065100E3,,
1.065200E3,,
1.065300E3,,
1.065400E3,,
1.065500E3,,
1.065600E3,,
1.065700E3,,
1.065800E3,,
1.065900E3,,
1.066000E3,-3.959664E-2,-6.129600E-2
1.066100E3,,
1.066200E3,,
1.066300E3,,
1.066400E3,,
1.066500E3,,
1.066600E3,,
1.066700E3,,
1.066800E3,,
1.066900E3,,
1.067000E3,-3.959664E-2,-6.127298E-2
1.067100E3,,
1.067200E3,,
1.067300E3,,
1.067400E3,,
1.067500E3,,
1.067600E3,,
1.067700E3,,
1.067800E3,,
1.067900E3,,
1.068000E3,-3.959664E-2,-6.126163E-2
1.068100E3,,
1.068200E3,,
1.068300E3,,
1.068400E3,,
1.068500E3,,
1.068600E3,,
1.068700E3,,
1.068800E3,,
1.068900E3,,
1.069000E3,-3.959664E-2,-6.126992E-2
1.069100E3,,
1.069200E3,,
1.069300E3,,
1.069400E3,,
1.069500E3,,
1.069600E3,,
1.069700E3,,
1.069800E3,,
1.069900E3,,
1.070000E3,-3.959664E-2,-6.130159E-2
1.070100E3,,
1.070200E3,,
1.070300E3,,
1.070400E3,,
1.070500E3,,
1.070600E3,,
1.070700E3,,
1.070800E3,,
1.070900E3,,
1.071000E3,-3.959664E-2,-6.124963E-2
1.071100E3,,
1.071200E3,,
1.071300E3,,
1.071400E3,,
1.071500E3,,
1.071600E3,,
1.071700E3,,
1.071800E3,,
1.071900E3,,
1.072000E3,-3.959664E-2,-6.124844E-2
1.072100E3,,
1.072200E3,,
1.072300E3,,
1.072400E3,,
1.072500E3,,
1.072600E3,,
1.072700E3,,
1.072800E3,,
1.072900E3,,
1.073000E3,-3.959664E-2,-6.129793E-2
1.073100E3,,
1.073200E3,,
1.073300E3,,
1.073400E3,,
1.073500E3,,
1.073600E3,,
1.073700E3,,
1.073800E3,,
1.073900E3,,
1.074000E3,-3.959664E-2,-6.125504E-2
1.074100E3,,
1.074200E3,,
1.074300E3,,
1.074400E3,,
1.074500E3,,
1.074600E3,,
1.074700E3,,
1.074800E3,,
1.074900E3,,
1.075000E3,-3.959664E-2,-6.127005E-2
1.075100E3,,
1.075200E3,,
1.075300E3,,
1.075400E3,,
1.075500E3,,
1.075600E3,,
1.075700E3,,
1.075800E3,,
1.075900E3,,
1.076000E3,-3.959664E-2,-6.126979E-2
1.076100E3,,
1.076200E3,,
1.076300E3,,
1.076400E3,,
1.076500E3,,
1.076600E3,,
1.076700E3,,
1.076800E3,,
1.076900E3,,
1.077000E3,-3.959664E-2,-6.127992E-2
1.077100E3,,
1.077200E3,,
1.077300E3,,
1.077400E3,,
1.077500E3,,
1.077600E3,,
1.077700E3,,
1.077800E3,,
1.077900E3,,
1.078000E3,-3.959664E-2,-6.126867E-2
1.078100E3,,
1.078200E3,,
1.078300E3,,
1.078400E3,,
1.078500E3,,
1.078600E3,,
1.078700E3,,
1.078800E3,,
1.078900E3,,
1.079000E3,-3.959664E-2,-6.125354E-2
1.079100E3,,
1.079200E3,,
1.079300E3,,
1.079400E3,,
1.079500E3,,
1.079600E3,,
1.079700E3,,
1.079800E3,,
1.079900E3,,
1.080000E3,-3.959664E-2,-6.125066E-2
1.080100E3,,
1.080200E3,,
1.080300E3,,
1.080400E3,,
1.080500E3,,
1.080600E3,,
1.080700E3,,
1.080800E3,,
1.080900E3,,
1.081000E3,-3.959664E-2,-6.128713E-2
1.081100E3,,
1.081200E3,,
1.081300E3,,
1.081400E3,,
1.081500E3,,
1.081600E3,,
1.081700E3,,
1.081800E3,,
1.081900E3,,
1.082000E3,-3.959664E-2,-6.123353E-2
1.082100E3,,
1.082200E3,,
1.082300E3,,
1.082400E3,,
1.082500E3,,
1.082600E3,,
1.082700E3,,
1.082800E3,,
1.082900E3,,
1.083000E3,-3.959664E-2,-6.126693E-2
1.083100E3,,
1.083200E3,,
1.083300E3,,
1.083400E3,,
1.083500E3,,
1.083600E3,,
1.083700E3,,
1.083800E3,,
1.083900E3,,
1.084000E3,-3.959664E-2,-6.129772E-2
1.084100E3,,
1.084200E3,,
1.084300E3,,
1.084400E3,,
1.084500E3,,
1.084600E3,,
1.084700E3,,
1.084800E3,,
1.084900E3,,
1.085000E3,-3.959664E-2,-6.127519E-2
1.085100E3,,
1.085200E3,,
1.085300E3,,
1.085400E3,,
1.085500E3,,
1.085600E3,,
1.085700E3,,
1.085800E3,,
1.085900E3,,
1.086000E3,-3.959664E-2,-6.122834E-2
1.086100E3,,
1.086200E3,,
1.086300E3,,
1.086400E3,,
1.086500E3,,
1.086600E3,,
1.086700E3,,
1.086800E3,,
1.086900E3,,
1.087000E3,-3.959664E-2,-6.126873E-2
1.087100E3,,
1.087200E3,,
1.087300E3,,
1.087400E3,,
1.087500E3,,
1.087600E3,,
1.087700E3,,
1.087800E3,,
1.087900E3,,
1.088000E3,-3.959664E-2,-6.131659E-2
1.088100E3,,
1.088200E3,,
1.088300E3,,
1.088400E3,,
1.088500E3,,
1.088600E3,,
1.088700E3,,
1.088800E3,,
1.088900E3,,
1.089000E3,-3.959664E-2,-6.126567E-2
1.089100E3,,
1.089200E3,,
1.089300E3,,
1.089400E3,,
1.089500E3,,
1.089600E3,,
1.089700E3,,
1.089800E3,,
1.089900E3,,
1.090000E3,-3.959664E-2,-6.124652E-2
1.090100E3,,
1.090200E3,,
1.090300E3,,
1.090400E3,,
1.090500E3,,
1.090600E3,,
1.090700E3,,
1.090800E3,,
1.090900E3,,
1.091000E3,-3.959664E-2,-6.129198E-2
1.091100E3,,
1.091200E3,,
1.091300E3,,
1.091400E3,,
1.091500E3,,
1.091600E3,,
1.091700E3,,
1.091800E3,,
1.091900E3,,
1.092000E3,-3.959664E-2,-6.125058E-2
1.092100E3,,
1.092200E3,,
1.092300E3,,
1.092400E3,,
1.092500E3,,
1.092600E3,,
1.092700E3,,
1.092800E3,,
1.092900E3,,
1.093000E3,-3.959664E-2,-6.131168E-2
1.093100E3,,
1.093200E3,,
1.093300E3,,
1.093400E3,,
1.093500E3,,
1.093600E3,,
1.093700E3,,
1.093800E3,,
1.093900E3,,
1.094000E3,-3.959694E-2,-6.124063E-2
1.094100E3,,
1.094200E3,,
1.094300E3,,
1.094400E3,,
1.094500E3,,
1.094600E3,,
1.094700E3,,
1.094800E3,,
1.094900E3,,
1.095000E3,-3.959721E-2,-6.127403E-2
1.095100E3,,
1.095200E3,,
1.095300E3,,
1.095400E3,,
1.095500E3,,
1.095600E3,,
1.095700E3,,
1.095800E3,,
1.095900E3,,
1.096000E3,-3.959721E-2,-6.128139E-2
1.096100E3,,
1.096200E3,,
1.096300E3,,
1.096400E3,,
1.096500E3,,
1.096600E3,,
1.096700E3,,
1.096800E3,,
1.096900E3,,
1.097000E3,-3.959721E-2,-6.129737E-2
1.097100E3,,
1.097200E3,,
1.097300E3,,
1.097400E3,,
1.097500E3,,
1.097600E3,,
1.097700E3,,
1.097800E3,,
1.097900E3,,
1.098000E3,-3.959721E-2,-6.130614E-2
1.098100E3,,
1.098200E3,,
1.098300E3,,
1.098400E3,,
1.098500E3,,
1.098600E3,,
1.098700E3,,
1.098800E3,,
1.098900E3,,
1.099000E3,-3.959721E-2,-6.133201E-2
1.099100E3,,
1.099200E3,,
1.099300E3,,
1.099400E3,,
1.099500E3,,
1.099600E3,,
1.099700E3,,
1.099800E3,,
1.099900E3,,
1.100000E3,-3.959721E-2,-6.126271E-2
1.100100E3,,
1.100200E3,,
1.100300E3,,
1.100400E3,,
1.100500E3,,
1.100600E3,,
1.100700E3,,
1.100800E3,,
1.100900E3,,
1.101000E3,-3.959721E-2,-6.129825E-2
1.101100E3,,
1.101200E3,,
1.101300E3,,
1.101400E3,,
1.101500E3,,
1.101600E3,,
1.101700E3,,
1.101800E3,,
1.101900E3,,
1.102000E3,-3.959721E-2,-6.126823E-2
1.102100E3,,
1.102200E3,,
1.102300E3,,
1.102400E3,,
1.102500E3,,
1.102600E3,,
1.102700E3,,
1.102800E3,,
1.102900E3,,
1.103000E3,-3.959721E-2,-6.131996E-2
1.103100E3,,
1.103200E3,,
1.103300E3,,
1.103400E3,,
1.103500E3,,
1.103600E3,,
1.103700E3,,
1.103800E3,,
1.103900E3,,
1.104000E3,-3.959721E-2,-6.131560E-2
1.104100E3,,
1.104200E3,,
1.104300E3,,
1.104400E3,,
1.104500E3,,
1.104600E3,,
1.104700E3,,
1.104800E3,,
1.104900E3,,
1.105000E3,-3.959721E-2,-6.129271E-2
1.105100E3,,
1.105200E3,,
1.105300E3,,
1.105400E3,,
1.105500E3,,
1.105600E3,,
1.105700E3,,
1.105800E3,,
1.105900E3,,
1.106000E3,-3.959721E-2,-6.127103E-2
1.106100E3,,
1.106200E3,,
1.106300E3,,
1.106400E3,,
1.106500E3,,
1.106600E3,,
1.106700E3,,
1.106800E3,,
1.106900E3,,
1.107000E3,-3.959721E-2,-6.128032E-2
1.107100E3,,
1.107200E3,,
1.107300E3,,
1.107400E3,,
1.107500E3,,
1.107600E3,,
1.107700E3,,
1.107800E3,,
1.107900E3,,
1.108000E3,-3.959721E-2,-6.127295E-2
1.108100E3,,
1.108200E3,,
1.108300E3,,
1.108400E3,,
1.108500E3,,
1.108600E3,,
1.108700E3,,
1.108800E3,,
1.108900E3,,
1.109000E3,-3.959721E-2,-6.131811E-2
1.109100E3,,
1.109200E3,,
1.109300E3,,
1.109400E3,,
1.109500E3,,
1.109600E3,,
1.109700E3,,
1.109800E3,,
1.109900E3,,
1.110000E3,-3.959721E-2,-6.132496E-2
1.110100E3,,
1.110200E3,,
1.110300E3,,
1.110400E3,,
1.110500E3,,
1.110600E3,,
1.110700E3,,
1.110800E3,,
1.110900E3,,
1.111000E3,-3.959721E-2,-6.129811E-2
1.111100E3,,
1.111200E3,,
1.111300E3,,
1.111400E3,,
1.111500E3,,
1.111600E3,,
1.111700E3,,
1.111800E3,,
1.111900E3,,
1.112000E3,-3.959721E-2,-6.124654E-2
1.112100E3,,
1.112200E3,,
1.112300E3,,
1.112400E3,,
1.112500E3,,
1.112600E3,,
1.112700E3,,
1.112800E3,,
1.112900E3,,
1.113000E3,-3.959721E-2,-6.128191E-2
1.113100E3,,
1.113200E3,,
1.113300E3,,
1.113400E3,,
1.113500E3,,
1.113600E3,,
1.113700E3,,
1.113800E3,,
1.113900E3,,
1.114000E3,-3.959721E-2,-6.129919E-2
1.114100E3,,
1.114200E3,,
1.114300E3,,
1.114400E3,,
1.114500E3,,
1.114600E3,,
1.114700E3,,
1.114800E3,,
1.114900E3,,
1.115000E3,-3.959721E-2,-6.122586E-2
1.115100E3,,
1.115200E3,,
1.115300E3,,
1.115400E3,,
1.115500E3,,
1.115600E3,,
1.115700E3,,
1.115800E3,,
1.115900E3,,
1.116000E3,-3.959721E-2,-6.127404E-2
1.116100E3,,
1.116200E3,,
1.116300E3,,
1.116400E3,,
1.116500E3,,
1.116600E3,,
1.116700E3,,
1.116800E3,,
1.116900E3,,
1.117000E3,-3.959721E-2,-6.127833E-2
1.117100E3,,
1.117200E3,,
1.117300E3,,
1.117400E3,,
1.117500E3,,
1.117600E3,,
1.117700E3,,
1.117800E3,,
1.117900E3,,
1.118000E3,-3.959735E-2,-6.130234E-2
1.118100E3,,
1.118200E3,,
1.118300E3,,
1.118400E3,,
1.118500E3,,
1.118600E3,,
1.118700E3,,
1.118800E3,,
1.118900E3,,
1.119000E3,-3.959724E-2,-6.127416E-2
1.119100E3,,
1.119200E3,,
1.119300E3,,
1.119400E3,,
1.119500E3,,
1.119600E3,,
1.119700E3,,
1.119800E3,,
1.119900E3,,
1.120000E3,-3.959714E-2,-6.125675E-2
1.120100E3,,
1.120200E3,,
1.120300E3,,
1.120400E3,,
1.120500E3,,
1.120600E3,,
1.120700E3,,
1.120800E3,,
1.120900E3,,
1.121000E3,-3.959703E-2,-6.127784E-2
1.121100E3,,
1.121200E3,,
1.121300E3,,
1.121400E3,,
1.121500E3,,
1.121600E3,,
1.121700E3,,
1.121800E3,,
1.121900E3,,
1.122000E3,-3.959692E-2,-6.127083E-2
1.122100E3,,
1.122200E3,,
1.122300E3,,
1.122400E3,,
1.122500E3,,
1.122600E3,,
1.122700E3,,
1.122800E3,,
1.122900E3,,
1.123000E3,-3.959681E-2,-6.125601E-2
1.123100E3,,
1.123200E3,,
1.123300E3,,
1.123400E3,,
1.123500E3,,
1.123600E3,,
1.123700E3,,
1.123800E3,,
1.123900E3,,
1.124000E3,-3.959681E-2,-6.125019E-2
1.124100E3,,
1.124200E3,,
1.124300E3,,
1.124400E3,,
1.124500E3,,
1.124600E3,,
1.124700E3,,
1.124800E3,,
1.124900E3,,
1.125000E3,-3.959681E-2,-6.134663E-2
1.125100E3,,
1.125200E3,,
1.125300E3,,
1.125400E3,,
1.125500E3,,
1.125600E3,,
1.125700E3,,
1.125800E3,,
1.125900E3,,
1.126000E3,-3.959681E-2,-6.124606E-2
1.126100E3,,
1.126200E3,,
1.126300E3,,
1.126400E3,,
1.126500E3,,
1.126600E3,,
1.126700E3,,
1.126800E3,,
1.126900E3,,
1.127000E3,-3.959681E-2,-6.124221E-2
1.127100E3,,
1.127200E3,,
1.127300E3,,
1.127400E3,,
1.127500E3,,
1.127600E3,,
1.127700E3,,
1.127800E3,,
1.127900E3,,
1.128000E3,-3.959681E-2,-6.127150E-2
1.128100E3,,
1.128200E3,,
1.128300E3,,
1.128400E3,,
1.128500E3,,
1.128600E3,,
1.128700E3,,
1.128800E3,,
1.128900E3,,
1.129000E3,-3.959681E-2,-6.126315E-2
1.129100E3,,
1.129200E3,,
1.129300E3,,
1.129400E3,,
1.129500E3,,
1.129600E3,,
1.129700E3,,
1.129800E3,,
1.129900E3,,
1.130000E3,-3.959681E-2,-6.128978E-2
1.130100E3,,
1.130200E3,,
1.130300E3,,
1.130400E3,,
1.130500E3,,
1.130600E3,,
1.130700E3,,
1.130800E3,,
1.130900E3,,
1.131000E3,-3.959681E-2,-6.130032E-2
1.131100E3,,
1.131200E3,,
1.131300E3,,
1.131400E3,,
1.131500E3,,
1.131600E3,,
1.131700E3,,
1.131800E3,,
1.131900E3,,
1.132000E3,-3.959681E-2,-6.130041E-2
1.132100E3,,
1.132200E3,,
1.132300E3,,
1.132400E3,,
1.132500E3,,
1.132600E3,,
1.132700E3,,
1.132800E3,,
1.132900E3,,
1.133000E3,-3.959681E-2,-6.121237E-2
1.133100E3,,
1.133200E3,,
1.133300E3,,
1.133400E3,,
1.133500E3,,
1.133600E3,,
1.133700E3,,
1.133800E3,,
1.133900E3,,
1.134000E3,-3.959681E-2,-6.136979E-2
1.134100E3,,
1.134200E3,,
1.134300E3,,
1.134400E3,,
1.134500E3,,
1.134600E3,,
1.134700E3,,
1.134800E3,,
1.134900E3,,
1.135000E3,-3.959681E-2,-6.124975E-2
1.135100E3,,
1.135200E3,,
1.135300E3,,
1.135400E3,,
1.135500E3,,
1.135600E3,,
1.135700E3,,
1.135800E3,,
1.135900E3,,
1.136000E3,-3.959681E-2,-6.128424E-2
1.136100E3,,
1.136200E3,,
1.136300E3,,
1.136400E3,,
1.136500E3,,
1.136600E3,,
1.136700E3,,
1.136800E3,,
1.136900E3,,
1.137000E3,-3.959681E-2,-6.127623E-2
1.137100E3,,
1.137200E3,,
1.137300E3,,
1.137400E3,,
1.137500E3,,
1.137600E3,,
1.137700E3,,
1.137800E3,,
1.137900E3,,
1.138000E3,-3.959681E-2,-6.123820E-2
1.138100E3,,
1.138200E3,,
1.138300E3,,
1.138400E3,,
1.138500E3,,
1.138600E3,,
1.138700E3,,
1.138800E3,,
1.138900E3,,
1.139000E3,-3.959681E-2,-6.131813E-2
1.139100E3,,
1.139200E3,,
1.139300E3,,
1.139400E3,,
1.139500E3,,
1.139600E3,,
1.139700E3,,
1.139800E3,,
1.139900E3,,
1.140000E3,-3.959681E-2,-6.131854E-2
1.140100E3,,
1.140200E3,,
1.140300E3,,
1.140400E3,,
1.140500E3,,
1.140600E3,,
1.140700E3,,
1.140800E3,,
1.140900E3,,
1.141000E3,-3.959681E-2,-6.130477E-2
1.141100E3,,
1.141200E3,,
1.141300E3,,
1.141400E3,,
1.141500E3,,
1.141600E3,,
1.141700E3,,
1.141800E3,,
1.141900E3,,
1.142000E3,-3.959848E-2,-6.127331E-2
1.142100E3,,
1.142200E3,,
1.142300E3,,
1.142400E3,,
1.142500E3,,
1.142600E3,,
1.142700E3,,
1.142800E3,,
1.142900E3,,
1.143000E3,-3.959825E-2,-6.123707E-2
1.143100E3,,
1.143200E3,,
1.143300E3,,
1.143400E3,,
1.143500E3,,
1.143600E3,,
1.143700E3,,
1.143800E3,,
1.143900E3,,
1.144000E3,-3.959802E-2,-6.118801E-2
1.144100E3,,
1.144200E3,,
1.144300E3,,
1.144400E3,,
1.144500E3,,
1.144600E3,,
1.144700E3,,
1.144800E3,,
1.144900E3,,
1.145000E3,-3.959778E-2,-6.133393E-2
1.145100E3,,
1.145200E3,,
1.145300E3,,
1.145400E3,,
1.145500E3,,
1.145600E3,,
1.145700E3,,
1.145800E3,,
1.145900E3,,
1.146000E3,-3.959755E-2,-6.127972E-2
1.146100E3,,
1.146200E3,,
1.146300E3,,
1.146400E3,,
1.146500E3,,
1.146600E3,,
1.146700E3,,
1.146800E3,,
1.146900E3,,
1.147000E3,-3.959732E-2,-6.132430E-2
1.147100E3,,
1.147200E3,,
1.147300E3,,
1.147400E3,,
1.147500E3,,
1.147600E3,,
1.147700E3,,
1.147800E3,,
1.147900E3,,
1.148000E3,-3.959732E-2,-6.124795E-2
1.148100E3,,
1.148200E3,,
1.148300E3,,
1.148400E3,,
1.148500E3,,
1.148600E3,,
1.148700E3,,
1.148800E3,,
1.148900E3,,
1.149000E3,-3.959732E-2,-6.121749E-2
1.149100E3,,
1.149200E3,,
1.149300E3,,
1.149400E3,,
1.149500E3,,
1.149600E3,,
1.149700E3,,
1.149800E3,,
1.149900E3,,
1.150000E3,-3.959732E-2,-6.129595E-2
1.150100E3,,
1.150200E3,,
1.150300E3,,
1.150400E3,,
1.150500E3,,
1.150600E3,,
1.150700E3,,
1.150800E3,,
1.150900E3,,
1.151000E3,-3.959732E-2,-6.129379E-2
1.151100E3,,
1.151200E3,,
1.151300E3,,
1.151400E3,,
1.151500E3,,
1.151600E3,,
1.151700E3,,
1.151800E3,,
1.151900E3,,
1.152000E3,-3.959732E-2,-6.129682E-2
1.152100E3,,
1.152200E3,,
1.152300E3,,
1.152400E3,,
1.152500E3,,
1.152600E3,,
1.152700E3,,
1.152800E3,,
1.152900E3,,
1.153000E3,-3.959732E-2,-6.129182E-2
1.153100E3,,
1.153200E3,,
1.153300E3,,
1.153400E3,,
1.153500E3,,
1.153600E3,,
1.153700E3,,
1.153800E3,,
1.153900E3,,
1.154000E3,-3.959732E-2,-6.125181E-2
1.154100E3,,
1.154200E3,,
1.154300E3,,
1.154400E3,,
1.154500E3,,
1.154600E3,,
1.154700E3,,
1.154800E3,,
1.154900E3,,
1.155000E3,-3.959732E-2,-6.131320E-2
1.155100E3,,
1.155200E3,,
1.155300E3,,
1.155400E3,,
1.155500E3,,
1.155600E3,,
1.155700E3,,
1.155800E3,,
1.155900E3,,
1.156000E3,-3.959732E-2,-6.129846E-2
1.156100E3,,
1.156200E3,,
1.156300E3,,
1.156400E3,,
1.156500E3,,
1.156600E3,,
1.156700E3,,
1.156800E3,,
1.156900E3,,
1.157000E3,-3.959732E-2,-6.127648E-2
1.157100E3,,
1.157200E3,,
1.157300E3,,
1.157400E3,,
1.157500E3,,
1.157600E3,,
1.157700E3,,
1.157800E3,,
1.157900E3,,
1.158000E3,-3.959732E-2,-6.130424E-2
1.158100E3,,
1.158200E3,,
1.158300E3,,
1.158400E3,,
1.158500E3,,
1.158600E3,,
1.158700E3,,
1.158800E3,,
1.158900E3,,
1.159000E3,-3.959732E-2,-6.128197E-2
1.159100E3,,
1.159200E3,,
1.159300E3,,
1.159400E3,,
1.159500E3,,
1.159600E3,,
1.159700E3,,
1.159800E3,,
1.159900E3,,
1.160000E3,-3.959732E-2,-6.124658E-2
1.160100E3,,
1.160200E3,,
1.160300E3,,
1.160400E3,,
1.160500E3,,
1.160600E3,,
1.160700E3,,
1.160800E3,,
1.160900E3,,
1.161000E3,-3.959732E-2,-6.129585E-2
1.161100E3,,
1.161200E3,,
1.161300E3,,
1.161400E3,,
1.161500E3,,
1.161600E3,,
1.161700E3,,
1.161800E3,,
1.161900E3,,
1.162000E3,-3.959732E-2,-6.130092E-2
1.162100E3,,
1.162200E3,,
1.162300E3,,
1.162400E3,,
1.162500E3,,
1.162600E3,,
1.162700E3,,
1.162800E3,,
1.162900E3,,
1.163000E3,-3.959732E-2,-6.127388E-2
1.163100E3,,
1.163200E3,,
1.163300E3,,
1.163400E3,,
1.163500E3,,
1.163600E3,,
1.163700E3,,
1.163800E3,,
1.163900E3,,
1.164000E3,-3.959732E-2,-6.132239E-2
1.164100E3,,
1.164200E3,,
1.164300E3,,
1.164400E3,,
1.164500E3,,
1.164600E3,,
1.164700E3,,
1.164800E3,,
1.164900E3,,
1.165000E3,-3.959732E-2,-6.124396E-2
1.165100E3,,
1.165200E3,,
1.165300E3,,
1.165400E3,,
1.165500E3,,
1.165600E3,,
1.165700E3,,
1.165800E3,,
1.165900E3,,
1.166000E3,-3.959732E-2,-6.123803E-2
1.166100E3,,
1.166200E3,,
1.166300E3,,
1.166400E3,,
1.166500E3,,
1.166600E3,,
1.166700E3,,
1.166800E3,,
1.166900E3,,
1.167000E3,-3.959732E-2,-6.132982E-2
1.167100E3,,
1.167200E3,,
1.167300E3,,
1.167400E3,,
1.167500E3,,
1.167600E3,,
1.167700E3,,
1.167800E3,,
1.167900E3,,
1.168000E3,-3.959732E-2,-6.123150E-2
1.168100E3,,
1.168200E3,,
1.168300E3,,
1.168400E3,,
1.168500E3,,
1.168600E3,,
1.168700E3,,
1.168800E3,,
1.168900E3,,
1.169000E3,-3.959732E-2,-6.129638E-2
1.169100E3,,
1.169200E3,,
1.169300E3,,
1.169400E3,,
1.169500E3,,
1.169600E3,,
1.169700E3,,
1.169800E3,,
1.169900E3,,
1.170000E3,-3.959732E-2,-6.128412E-2
1.170100E3,,
1.170200E3,,
1.170300E3,,
1.170400E3,,
1.170500E3,,
1.170600E3,,
1.170700E3,,
1.170800E3,,
1.170900E3,,
1.171000E3,-3.960060E-2,-6.134043E-2
1.171100E3,,
1.171200E3,,
1.171300E3,,
1.171400E3,,
1.171500E3,,
1.171600E3,,
1.171700E3,,
1.171800E3,,
1.171900E3,,
1.172000E3,-3.960025E-2,-6.132035E-2
1.172100E3,,
1.172200E3,,
1.172300E3,,
1.172400E3,,
1.172500E3,,
1.172600E3,,
1.172700E3,,
1.172800E3,,
1.172900E3,,
1.173000E3,-3.960002E-2,-6.131269E-2
1.173100E3,,
1.173200E3,,
1.173300E3,,
1.173400E3,,
1.173500E3,,
1.173600E3,,
1.173700E3,,
1.173800E3,,
1.173900E3,,
1.174000E3,-3.959990E-2,-6.133690E-2
1.174100E3,,
1.174200E3,,
1.174300E3,,
1.174400E3,,
1.174500E3,,
1.174600E3,,
1.174700E3,,
1.174800E3,,
1.174900E3,,
1.175000E3,-3.959979E-2,-6.130843E-2
1.175100E3,,
1.175200E3,,
1.175300E3,,
1.175400E3,,
1.175500E3,,
1.175600E3,,
1.175700E3,,
1.175800E3,,
1.175900E3,,
1.176000E3,-3.959979E-2,-6.132077E-2
1.176100E3,,
1.176200E3,,
1.176300E3,,
1.176400E3,,
1.176500E3,,
1.176600E3,,
1.176700E3,,
1.176800E3,,
1.176900E3,,
1.177000E3,-3.959979E-2,-6.131513E-2
1.177100E3,,
1.177200E3,,
1.177300E3,,
1.177400E3,,
1.177500E3,,
1.177600E3,,
1.177700E3,,
1.177800E3,,
1.177900E3,,
1.178000E3,-3.959979E-2,-6.119400E-2
1.178100E3,,
1.178200E3,,
1.178300E3,,
1.178400E3,,
1.178500E3,,
1.178600E3,,
1.178700E3,,
1.178800E3,,
1.178900E3,,
1.179000E3,-3.959979E-2,-6.138542E-2
1.179100E3,,
1.179200E3,,
1.179300E3,,
1.179400E3,,
1.179500E3,,
1.179600E3,,
1.179700E3,,
1.179800E3,,
1.179900E3,,
1.180000E3,-3.959979E-2,-6.121187E-2
1.180100E3,,
1.180200E3,,
1.180300E3,,
1.180400E3,,
1.180500E3,,
1.180600E3,,
1.180700E3,,
1.180800E3,,
1.180900E3,,
1.181000E3,-3.959979E-2,-6.128190E-2
1.181100E3,,
1.181200E3,,
1.181300E3,,
1.181400E3,,
1.181500E3,,
1.181600E3,,
1.181700E3,,
1.181800E3,,
1.181900E3,,
1.182000E3,-3.959979E-2,-6.131294E-2
1.182100E3,,
1.182200E3,,
1.182300E3,,
1.182400E3,,
1.182500E3,,
1.182600E3,,
1.182700E3,,
1.182800E3,,
1.182900E3,,
1.183000E3,-3.959979E-2,-6.134588E-2
1.183100E3,,
1.183200E3,,
1.183300E3,,
1.183400E3,,
1.183500E3,,
1.183600E3,,
1.183700E3,,
1.183800E3,,
1.183900E3,,
1.184000E3,-3.959979E-2,-6.127755E-2
1.184100E3,,
1.184200E3,,
1.184300E3,,
1.184400E3,,
1.184500E3,,
1.184600E3,,
1.184700E3,,
1.184800E3,,
1.184900E3,,
1.185000E3,-3.959979E-2,-6.128160E-2
1.185100E3,,
1.185200E3,,
1.185300E3,,
1.185400E3,,
1.185500E3,,
1.185600E3,,
1.185700E3,,
1.185800E3,,
1.185900E3,,
1.186000E3,-3.959979E-2,-6.130056E-2
1.186100E3,,
1.186200E3,,
1.186300E3,,
1.186400E3,,
1.186500E3,,
1.186600E3,,
1.186700E3,,
1.186800E3,,
1.186900E3,,
1.187000E3,-3.959979E-2,-6.128890E-2
1.187100E3,,
1.187200E3,,
1.187300E3,,
1.187400E3,,
1.187500E3,,
1.187600E3,,
1.187700E3,,
1.187800E3,,
1.187900E3,,
1.188000E3,-3.959979E-2,-6.128293E-2
1.188100E3,,
1.188200E3,,
1.188300E3,,
1.188400E3,,
1.188500E3,,
1.188600E3,,
1.188700E3,,
1.188800E3,,
1.188900E3,,
1.189000E3,-3.959979E-2,-6.130264E-2
1.189100E3,,
1.189200E3,,
1.189300E3,,
1.189400E3,,
1.189500E3,,
1.189600E3,,
1.189700E3,,
1.189800E3,,
1.189900E3,,
1.190000E3,-3.959979E-2,-6.130546E-2
1.190100E3,,
1.190200E3,,
1.190300E3,,
1.190400E3,,
1.190500E3,,
1.190600E3,,
1.190700E3,,
1.190800E3,,
1.190900E3,,
1.191000E3,-3.959979E-2,-6.127729E-2
1.191100E3,,
1.191200E3,,
1.191300E3,,
1.191400E3,,
1.191500E3,,
1.191600E3,,
1.191700E3,,
1.191800E3,,
1.191900E3,,
1.192000E3,-3.959979E-2,-6.128271E-2
1.192100E3,,
1.192200E3,,
1.192300E3,,
1.192400E3,,
1.192500E3,,
1.192600E3,,
1.192700E3,,
1.192800E3,,
1.192900E3,,
1.193000E3,-3.959979E-2,-6.121072E-2
1.193100E3,,
1.193200E3,,
1.193300E3,,
1.193400E3,,
1.193500E3,,
1.193600E3,,
1.193700E3,,
1.193800E3,,
1.193900E3,,
1.194000E3,-3.959979E-2,-6.128024E-2
1.194100E3,,
1.194200E3,,
1.194300E3,,
1.194400E3,,
1.194500E3,,
1.194600E3,,
1.194700E3,,
1.194800E3,,
1.194900E3,,
1.195000E3,-3.959979E-2,-6.126179E-2
1.195100E3,,
1.195200E3,,
1.195300E3,,
1.195400E3,,
1.195500E3,,
1.195600E3,,
1.195700E3,,
1.195800E3,,
1.195900E3,,
1.196000E3,-3.959979E-2,-6.128183E-2
1.196100E3,,
1.196200E3,,
1.196300E3,,
1.196400E3,,
1.196500E3,,
1.196600E3,,
1.196700E3,,
1.196800E3,,
1.196900E3,,
1.197000E3,-3.959979E-2,-6.125768E-2
1.197100E3,,
1.197200E3,,
1.197300E3,,
1.197400E3,,
1.197500E3,,
1.197600E3,,
1.197700E3,,
1.197800E3,,
1.197900E3,,
1.198000E3,-3.959979E-2,-6.124853E-2
1.198100E3,,
1.198200E3,,
1.198300E3,,
1.198400E3,,
1.198500E3,,
1.198600E3,,
1.198700E3,,
1.198800E3,,
1.198900E3,,
1.199000E3,-3.959979E-2,-6.127155E-2
1.199100E3,,
1.199200E3,,
1.199300E3,,
1.199400E3,,
1.199500E3,,
1.199600E3,,
1.199700E3,,
1.199800E3,,
1.199900E3,,
1.200000E3,-3.959979E-2,-6.122711E-2
1.200100E3,,
1.200200E3,,
1.200300E3,,
1.200400E3,,
1.200500E3,,
1.200600E3,,
1.200700E3,,
1.200800E3,,
1.200900E3,,
1.201000E3,-3.959979E-2,-6.130938E-2
1.201100E3,,
1.201200E3,,
1.201300E3,,
1.201400E3,,
1.201500E3,,
1.201600E3,,
1.201700E3,,
1.201800E3,,
1.201900E3,,
1.202000E3,-3.959979E-2,-6.132116E-2
1.202100E3,,
1.202200E3,,
1.202300E3,,
1.202400E3,,
1.202500E3,,
1.202600E3,,
1.202700E3,,
1.202800E3,,
1.202900E3,,
1.203000E3,-3.959979E-2,-6.127290E-2
1.203100E3,,
1.203200E3,,
1.203300E3,,
1.203400E3,,
1.203500E3,,
1.203600E3,,
1.203700E3,,
1.203800E3,,
1.203900E3,,
1.204000E3,-3.959979E-2,-6.130764E-2
1.204100E3,,
1.204200E3,,
1.204300E3,,
1.204400E3,,
1.204500E3,,
1.204600E3,,
1.204700E3,,
1.204800E3,,
1.204900E3,,
1.205000E3,-3.959979E-2,-6.130532E-2
1.205100E3,,
1.205200E3,,
1.205300E3,,
1.205400E3,,
1.205500E3,,
1.205600E3,,
1.205700E3,,
1.205800E3,,
1.205900E3,,
1.206000E3,-3.959979E-2,-6.129504E-2
1.206100E3,,
1.206200E3,,
1.206300E3,,
1.206400E3,,
1.206500E3,,
1.206600E3,,
1.206700E3,,
1.206800E3,,
1.206900E3,,
1.207000E3,-3.959979E-2,-6.128519E-2
1.207100E3,,
1.207200E3,,
1.207300E3,,
1.207400E3,,
1.207500E3,,
1.207600E3,,
1.207700E3,,
1.207800E3,,
1.207900E3,,
1.208000E3,-3.959979E-2,-6.123212E-2
1.208100E3,,
1.208200E3,,
1.208300E3,,
1.208400E3,,
1.208500E3,,
1.208600E3,,
1.208700E3,,
1.208800E3,,
1.208900E3,,
1.209000E3,-3.959979E-2,-6.128183E-2
1.209100E3,,
1.209200E3,,
1.209300E3,,
1.209400E3,,
1.209500E3,,
1.209600E3,,
1.209700E3,,
1.209800E3,,
1.209900E3,,
1.210000E3,-3.959979E-2,-6.135372E-2
1.210100E3,,
1.210200E3,,
1.210300E3,,
1.210400E3,,
1.210500E3,,
1.210600E3,,
1.210700E3,,
1.210800E3,,
1.210900E3,,
1.211000E3,-3.959979E-2,-6.128714E-2
1.211100E3,,
1.211200E3,,
1.211300E3,,
1.211400E3,,
1.211500E3,,
1.211600E3,,
1.211700E3,,
1.211800E3,,
1.211900E3,,
1.212000E3,-3.959979E-2,-6.126444E-2
1.212100E3,,
1.212200E3,,
1.212300E3,,
1.212400E3,,
1.212500E3,,
1.212600E3,,
1.212700E3,,
1.212800E3,,
1.212900E3,,
1.213000E3,-3.959979E-2,-6.127017E-2
1.213100E3,,
1.213200E3,,
1.213300E3,,
1.213400E3,,
1.213500E3,,
1.213600E3,,
1.213700E3,,
1.213800E3,,
1.213900E3,,
1.214000E3,-3.959979E-2,-6.124883E-2
1.214100E3,,
1.214200E3,,
1.214300E3,,
1.214400E3,,
1.214500E3,,
1.214600E3,,
1.214700E3,,
1.214800E3,,
1.214900E3,,
1.215000E3,-3.959979E-2,-6.122010E-2
1.215100E3,,
1.215200E3,,
1.215300E3,,
1.215400E3,,
1.215500E3,,
1.215600E3,,
1.215700E3,,
1.215800E3,,
1.215900E3,,
1.216000E3,-3.959979E-2,-6.151905E-2
1.216100E3,,
1.216200E3,,
1.216300E3,,
1.216400E3,,
1.216500E3,,
1.216600E3,,
1.216700E3,,
1.216800E3,,
1.216900E3,,
1.217000E3,-3.959979E-2,-6.128422E-2
1.217100E3,,
1.217200E3,,
1.217300E3,,
1.217400E3,,
1.217500E3,,
1.217600E3,,
1.217700E3,,
1.217800E3,,
1.217900E3,,
1.218000E3,-3.959979E-2,-6.129331E-2
1.218100E3,,
1.218200E3,,
1.218300E3,,
1.218400E3,,
1.218500E3,,
1.218600E3,,
1.218700E3,,
1.218800E3,,
1.218900E3,,
1.219000E3,-3.959979E-2,-6.124193E-2
1.219100E3,,
1.219200E3,,
1.219300E3,,
1.219400E3,,
1.219500E3,,
1.219600E3,,
1.219700E3,,
1.219800E3,,
1.219900E3,,
1.220000E3,-3.960247E-2,-6.125970E-2
1.220100E3,,
1.220200E3,,
1.220300E3,,
1.220400E3,,
1.220500E3,,
1.220600E3,,
1.220700E3,,
1.220800E3,,
1.220900E3,,
1.221000E3,-3.960198E-2,-6.130604E-2
1.221100E3,,
1.221200E3,,
1.221300E3,,
1.221400E3,,
1.221500E3,,
1.221600E3,,
1.221700E3,,
1.221800E3,,
1.221900E3,,
1.222000E3,-3.960149E-2,-6.129531E-2
1.222100E3,,
1.222200E3,,
1.222300E3,,
1.222400E3,,
1.222500E3,,
1.222600E3,,
1.222700E3,,
1.222800E3,,
1.222900E3,,
1.223000E3,-3.960112E-2,-6.126630E-2
1.223100E3,,
1.223200E3,,
1.223300E3,,
1.223400E3,,
1.223500E3,,
1.223600E3,,
1.223700E3,,
1.223800E3,,
1.223900E3,,
1.224000E3,-3.960075E-2,-6.124630E-2
1.224100E3,,
1.224200E3,,
1.224300E3,,
1.224400E3,,
1.224500E3,,
1.224600E3,,
1.224700E3,,
1.224800E3,,
1.224900E3,,
1.225000E3,-3.960051E-2,-6.132222E-2
1.225100E3,,
1.225200E3,,
1.225300E3,,
1.225400E3,,
1.225500E3,,
1.225600E3,,
1.225700E3,,
1.225800E3,,
1.225900E3,,
1.226000E3,-3.960038E-2,-6.123672E-2
1.226100E3,,
1.226200E3,,
1.226300E3,,
1.226400E3,,
1.226500E3,,
1.226600E3,,
1.226700E3,,
1.226800E3,,
1.226900E3,,
1.227000E3,-3.960038E-2,-6.131500E-2
1.227100E3,,
1.227200E3,,
1.227300E3,,
1.227400E3,,
1.227500E3,,
1.227600E3,,
1.227700E3,,
1.227800E3,,
1.227900E3,,
1.228000E3,-3.960038E-2,-6.123738E-2
1.228100E3,,
1.228200E3,,
1.228300E3,,
1.228400E3,,
1.228500E3,,
1.228600E3,,
1.228700E3,,
1.228800E3,,
1.228900E3,,
1.229000E3,-3.960038E-2,-6.133137E-2
1.229100E3,,
1.229200E3,,
1.229300E3,,
1.229400E3,,
1.229500E3,,
1.229600E3,,
1.229700E3,,
1.229800E3,,
1.229900E3,,
1.230000E3,-3.960038E-2,-6.123567E-2
1.230100E3,,
1.230200E3,,
1.230300E3,,
1.230400E3,,
1.230500E3,,
1.230600E3,,
1.230700E3,,
1.230800E3,,
1.230900E3,,
1.231000E3,-3.960038E-2,-6.126369E-2
1.231100E3,,
1.231200E3,,
1.231300E3,,
1.231400E3,,
1.231500E3,,
1.231600E3,,
1.231700E3,,
1.231800E3,,
1.231900E3,,
1.232000E3,-3.960038E-2,-6.123814E-2
1.232100E3,,
1.232200E3,,
1.232300E3,,
1.232400E3,,
1.232500E3,,
1.232600E3,,
1.232700E3,,
1.232800E3,,
1.232900E3,,
1.233000E3,-3.960038E-2,-6.129800E-2
1.233100E3,,
1.233200E3,,
1.233300E3,,
1.233400E3,,
1.233500E3,,
1.233600E3,,
1.233700E3,,
1.233800E3,,
1.233900E3,,
1.234000E3,-3.960038E-2,-6.128542E-2
1.234100E3,,
1.234200E3,,
1.234300E3,,
1.234400E3,,
1.234500E3,,
1.234600E3,,
1.234700E3,,
1.234800E3,,
1.234900E3,,
1.235000E3,-3.960038E-2,-6.126504E-2
1.235100E3,,
1.235200E3,,
1.235300E3,,
1.235400E3,,
1.235500E3,,
1.235600E3,,
1.235700E3,,
1.235800E3,,
1.235900E3,,
1.236000E3,-3.960038E-2,-6.130863E-2
1.236100E3,,
1.236200E3,,
1.236300E3,,
1.236400E3,,
1.236500E3,,
1.236600E3,,
1.236700E3,,
1.236800E3,,
1.236900E3,,
1.237000E3,-3.960038E-2,-6.132016E-2
1.237100E3,,
1.237200E3,,
1.237300E3,,
1.237400E3,,
1.237500E3,,
1.237600E3,,
1.237700E3,,
1.237800E3,,
1.237900E3,,
1.238000E3,-3.960038E-2,-6.130063E-2
1.238100E3,,
1.238200E3,,
1.238300E3,,
1.238400E3,,
1.238500E3,,
1.238600E3,,
1.238700E3,,
1.238800E3,,
1.238900E3,,
1.239000E3,-3.960038E-2,-6.125640E-2
1.239100E3,,
1.239200E3,,
1.239300E3,,
1.239400E3,,
1.239500E3,,
1.239600E3,,
1.239700E3,,
1.239800E3,,
1.239900E3,,
1.240000E3,-3.960038E-2,-6.123699E-2
1.240100E3,,
1.240200E3,,
1.240300E3,,
1.240400E3,,
1.240500E3,,
1.240600E3,,
1.240700E3,,
1.240800E3,,
1.240900E3,,
1.241000E3,-3.960038E-2,-6.127454E-2
1.241100E3,,
1.241200E3,,
1.241300E3,,
1.241400E3,,
1.241500E3,,
1.241600E3,,
1.241700E3,,
1.241800E3,,
1.241900E3,,
1.242000E3,-3.960038E-2,-6.133062E-2
1.242100E3,,
1.242200E3,,
1.242300E3,,
1.242400E3,,
1.242500E3,,
1.242600E3,,
1.242700E3,,
1.242800E3,,
1.242900E3,,
1.243000E3,-3.960038E-2,-6.128059E-2
1.243100E3,,
1.243200E3,,
1.243300E3,,
1.243400E3,,
1.243500E3,,
1.243600E3,,
1.243700E3,,
1.243800E3,,
1.243900E3,,
1.244000E3,-3.960038E-2,-6.130216E-2
1.244100E3,,
1.244200E3,,
1.244300E3,,
1.244400E3,,
1.244500E3,,
1.244600E3,,
1.244700E3,,
1.244800E3,,
1.244900E3,,
1.245000E3,-3.960038E-2,-6.129861E-2
1.245100E3,,
1.245200E3,,
1.245300E3,,
1.245400E3,,
1.245500E3,,
1.245600E3,,
1.245700E3,,
1.245800E3,,
1.245900E3,,
1.246000E3,-3.960038E-2,-6.126283E-2
1.246100E3,,
1.246200E3,,
1.246300E3,,
1.246400E3,,
1.246500E3,,
1.246600E3,,
1.246700E3,,
1.246800E3,,
1.246900E3,,
1.247000E3,-3.960038E-2,-6.126409E-2
1.247100E3,,
1.247200E3,,
1.247300E3,,
1.247400E3,,
1.247500E3,,
1.247600E3,,
1.247700E3,,
1.247800E3,,
1.247900E3,,
1.248000E3,-3.960038E-2,-6.127145E-2
1.248100E3,,
1.248200E3,,
1.248300E3,,
1.248400E3,,
1.248500E3,,
1.248600E3,,
1.248700E3,,
1.248800E3,,
1.248900E3,,
1.249000E3,-3.960038E-2,-6.124798E-2
1.249100E3,,
1.249200E3,,
1.249300E3,,
1.249400E3,,
1.249500E3,,
1.249600E3,,
1.249700E3,,
1.249800E3,,
1.249900E3,,
1.250000E3,-3.960038E-2,-6.126809E-2
1.250100E3,,
1.250200E3,,
1.250300E3,,
1.250400E3,,
1.250500E3,,
1.250600E3,,
1.250700E3,,
1.250800E3,,
1.250900E3,,
1.251000E3,-3.960038E-2,-6.131114E-2
1.251100E3,,
1.251200E3,,
1.251300E3,,
1.251400E3,,
1.251500E3,,
1.251600E3,,
1.251700E3,,
1.251800E3,,
1.251900E3,,
1.252000E3,-3.960038E-2,-6.129286E-2
1.252100E3,,
1.252200E3,,
1.252300E3,,
1.252400E3,,
1.252500E3,,
1.252600E3,,
1.252700E3,,
1.252800E3,,
1.252900E3,,
1.253000E3,-3.960038E-2,-6.127734E-2
1.253100E3,,
1.253200E3,,
1.253300E3,,
1.253400E3,,
1.253500E3,,
1.253600E3,,
1.253700E3,,
1.253800E3,,
1.253900E3,,
1.254000E3,-3.960038E-2,-6.124731E-2
1.254100E3,,
1.254200E3,,
1.254300E3,,
1.254400E3,,
1.254500E3,,
1.254600E3,,
1.254700E3,,
1.254800E3,,
1.254900E3,,
1.255000E3,-3.960038E-2,-6.130818E-2
1.255100E3,,
1.255200E3,,
1.255300E3,,
1.255400E3,,
1.255500E3,,
1.255600E3,,
1.255700E3,,
1.255800E3,,
1.255900E3,,
1.256000E3,-3.960038E-2,-6.126374E-2
1.256100E3,,
1.256200E3,,
1.256300E3,,
1.256400E3,,
1.256500E3,,
1.256600E3,,
1.256700E3,,
1.256800E3,,
1.256900E3,,
1.257000E3,-3.960038E-2,-6.129357E-2
1.257100E3,,
1.257200E3,,
1.257300E3,,
1.257400E3,,
1.257500E3,,
1.257600E3,,
1.257700E3,,
1.257800E3,,
1.257900E3,,
1.258000E3,-3.960038E-2,-6.131662E-2
1.258100E3,,
1.258200E3,,
1.258300E3,,
1.258400E3,,
1.258500E3,,
1.258600E3,,
1.258700E3,,
1.258800E3,,
1.258900E3,,
1.259000E3,-3.960038E-2,-6.123729E-2
1.259100E3,,
1.259200E3,,
1.259300E3,,
1.259400E3,,
1.259500E3,,
1.259600E3,,
1.259700E3,,
1.259800E3,,
1.259900E3,,
1.260000E3,-3.960038E-2,-6.121861E-2
1.260100E3,,
1.260200E3,,
1.260300E3,,
1.260400E3,,
1.260500E3,,
1.260600E3,,
1.260700E3,,
1.260800E3,,
1.260900E3,,
1.261000E3,-3.960038E-2,-6.133884E-2
1.261100E3,,
1.261200E3,,
1.261300E3,,
1.261400E3,,
1.261500E3,,
1.261600E3,,
1.261700E3,,
1.261800E3,,
1.261900E3,,
1.262000E3,-3.960038E-2,-6.129972E-2
1.262100E3,,
1.262200E3,,
1.262300E3,,
1.262400E3,,
1.262500E3,,
1.262600E3,,
1.262700E3,,
1.262800E3,,
1.262900E3,,
1.263000E3,-3.960038E-2,-6.130410E-2
1.263100E3,,
1.263200E3,,
1.263300E3,,
1.263400E3,,
1.263500E3,,
1.263600E3,,
1.263700E3,,
1.263800E3,,
1.263900E3,,
1.264000E3,-3.960038E-2,-6.127803E-2
1.264100E3,,
1.264200E3,,
1.264300E3,,
1.264400E3,,
1.264500E3,,
1.264600E3,,
1.264700E3,,
1.264800E3,,
1.264900E3,,
1.265000E3,-3.960038E-2,-6.129217E-2
1.265100E3,,
1.265200E3,,
1.265300E3,,
1.265400E3,,
1.265500E3,,
1.265600E3,,
1.265700E3,,
1.265800E3,,
1.265900E3,,
1.266000E3,-3.960038E-2,-6.128634E-2
1.266100E3,,
1.266200E3,,
1.266300E3,,
1.266400E3,,
1.266500E3,,
1.266600E3,,
1.266700E3,,
1.266800E3,,
1.266900E3,,
1.267000E3,-3.960038E-2,-6.127065E-2
1.267100E3,,
1.267200E3,,
1.267300E3,,
1.267400E3,,
1.267500E3,,
1.267600E3,,
1.267700E3,,
1.267800E3,,
1.267900E3,,
1.268000E3,-3.960038E-2,-6.128328E-2
1.268100E3,,
1.268200E3,,
1.268300E3,,
1.268400E3,,
1.268500E3,,
1.268600E3,,
1.268700E3,,
1.268800E3,,
1.268900E3,,
1.269000E3,-3.960038E-2,-6.126451E-2
1.269100E3,,
1.269200E3,,
1.269300E3,,
1.269400E3,,
1.269500E3,,
1.269600E3,,
1.269700E3,,
1.269800E3,,
1.269900E3,,
1.270000E3,-3.960038E-2,-6.128928E-2
1.270100E3,,
1.270200E3,,
1.270300E3,,
1.270400E3,,
1.270500E3,,
1.270600E3,,
1.270700E3,,
1.270800E3,,
1.270900E3,,
1.271000E3,-3.960038E-2,-6.130176E-2
1.271100E3,,
1.271200E3,,
1.271300E3,,
1.271400E3,,
1.271500E3,,
1.271600E3,,
1.271700E3,,
1.271800E3,,
1.271900E3,,
1.272000E3,-3.960038E-2,-6.118918E-2
1.272100E3,,
1.272200E3,,
1.272300E3,,
1.272400E3,,
1.272500E3,,
1.272600E3,,
1.272700E3,,
1.272800E3,,
1.272900E3,,
1.273000E3,-3.960038E-2,-6.128099E-2
1.273100E3,,
1.273200E3,,
1.273300E3,,
1.273400E3,,
1.273500E3,,
1.273600E3,,
1.273700E3,,
1.273800E3,,
1.273900E3,,
1.274000E3,-3.960038E-2,-6.130872E-2
1.274100E3,,
1.274200E3,,
1.274300E3,,
1.274400E3,,
1.274500E3,,
1.274600E3,,
1.274700E3,,
1.274800E3,,
1.274900E3,,
1.275000E3,-3.960038E-2,-6.129879E-2
1.275100E3,,
1.275200E3,,
1.275300E3,,
1.275400E3,,
1.275500E3,,
1.275600E3,,
1.275700E3,,
1.275800E3,,
1.275900E3,,
1.276000E3,-3.960038E-2,-6.126829E-2
1.276100E3,,
1.276200E3,,
1.276300E3,,
1.276400E3,,
1.276500E3,,
1.276600E3,,
1.276700E3,,
1.276800E3,,
1.276900E3,,
1.277000E3,-3.960038E-2,-6.129230E-2
1.277100E3,,
1.277200E3,,
1.277300E3,,
1.277400E3,,
1.277500E3,,
1.277600E3,,
1.277700E3,,
1.277800E3,,
1.277900E3,,
1.278000E3,-3.960038E-2,-6.127517E-2
1.278100E3,,
1.278200E3,,
1.278300E3,,
1.278400E3,,
1.278500E3,,
1.278600E3,,
1.278700E3,,
1.278800E3,,
1.278900E3,,
1.279000E3,-3.960038E-2,-6.131620E-2
1.279100E3,,
1.279200E3,,
1.279300E3,,
1.279400E3,,
1.279500E3,,
1.279600E3,,
1.279700E3,,
1.279800E3,,
1.279900E3,,
1.280000E3,-3.960038E-2,-6.125140E-2
1.280100E3,,
1.280200E3,,
1.280300E3,,
1.280400E3,,
1.280500E3,,
1.280600E3,,
1.280700E3,,
1.280800E3,,
1.280900E3,,
1.281000E3,-3.960038E-2,-6.129110E-2
1.281100E3,,
1.281200E3,,
1.281300E3,,
1.281400E3,,
1.281500E3,,
1.281600E3,,
1.281700E3,,
1.281800E3,,
1.281900E3,,
1.282000E3,-3.960038E-2,-6.126263E-2
1.282100E3,,
1.282200E3,,
1.282300E3,,
1.282400E3,,
1.282500E3,,
1.282600E3,,
1.282700E3,,
1.282800E3,,
1.282900E3,,
1.283000E3,-3.960038E-2,-6.128695E-2
1.283100E3,,
1.283200E3,,
1.283300E3,,
1.283400E3,,
1.283500E3,,
1.283600E3,,
1.283700E3,,
1.283800E3,,
1.283900E3,,
1.284000E3,-3.960038E-2,-6.128232E-2
1.284100E3,,
1.284200E3,,
1.284300E3,,
1.284400E3,,
1.284500E3,,
1.284600E3,,
1.284700E3,,
1.284800E3,,
1.284900E3,,
1.285000E3,-3.960038E-2,-6.123920E-2
1.285100E3,,
1.285200E3,,
1.285300E3,,
1.285400E3,,
1.285500E3,,
1.285600E3,,
1.285700E3,,
1.285800E3,,
1.285900E3,,
1.286000E3,-3.960038E-2,-6.123497E-2
1.286100E3,,
1.286200E3,,
1.286300E3,,
1.286400E3,,
1.286500E3,,
1.286600E3,,
1.286700E3,,
1.286800E3,,
1.286900E3,,
1.287000E3,-3.960038E-2,-6.136902E-2
1.287100E3,,
1.287200E3,,
1.287300E3,,
1.287400E3,,
1.287500E3,,
1.287600E3,,
1.287700E3,,
1.287800E3,,
1.287900E3,,
1.288000E3,-3.960038E-2,-6.122123E-2
1.288100E3,,
1.288200E3,,
1.288300E3,,
1.288400E3,,
1.288500E3,,
1.288600E3,,
1.288700E3,,
1.288800E3,,
1.288900E3,,
1.289000E3,-3.960038E-2,-6.128838E-2
1.289100E3,,
1.289200E3,,
1.289300E3,,
1.289400E3,,
1.289500E3,,
1.289600E3,,
1.289700E3,,
1.289800E3,,
1.289900E3,,
1.290000E3,-3.960038E-2,-6.126735E-2
1.290100E3,,
1.290200E3,,
1.290300E3,,
1.290400E3,,
1.290500E3,,
1.290600E3,,
1.290700E3,,
1.290800E3,,
1.290900E3,,
1.291000E3,-3.960038E-2,-6.128354E-2
1.291100E3,,
1.291200E3,,
1.291300E3,,
1.291400E3,,
1.291500E3,,
1.291600E3,,
1.291700E3,,
1.291800E3,,
1.291900E3,,
1.292000E3,-3.960038E-2,-6.126204E-2
1.292100E3,,
1.292200E3,,
1.292300E3,,
1.292400E3,,
1.292500E3,,
1.292600E3,,
1.292700E3,,
1.292800E3,,
1.292900E3,,
1.293000E3,-3.960038E-2,-6.127948E-2
1.293100E3,,
1.293200E3,,
1.293300E3,,
1.293400E3,,
1.293500E3,,
1.293600E3,,
1.293700E3,,
1.293800E3,,
1.293900E3,,
1.294000E3,-3.960038E-2,-6.130043E-2
1.294100E3,,
1.294200E3,,
1.294300E3,,
1.294400E3,,
1.294500E3,,
1.294600E3,,
1.294700E3,,
1.294800E3,,
1.294900E3,,
1.295000E3,-3.960038E-2,-6.124270E-2
1.295100E3,,
1.295200E3,,
1.295300E3,,
1.295400E3,,
1.295500E3,,
1.295600E3,,
1.295700E3,,
1.295800E3,,
1.295900E3,,
1.296000E3,-3.960038E-2,-6.127344E-2
1.296100E3,,
1.296200E3,,
1.296300E3,,
1.296400E3,,
1.296500E3,,
1.296600E3,,
1.296700E3,,
1.296800E3,,
1.296900E3,,
1.297000E3,-3.960038E-2,-6.131781E-2
1.297100E3,,
1.297200E3,,
1.297300E3,,
1.297400E3,,
1.297500E3,,
1.297600E3,,
1.297700E3,,
1.297800E3,,
1.297900E3,,
1.298000E3,-3.960038E-2,-6.124568E-2
1.298100E3,,
1.298200E3,,
1.298300E3,,
1.298400E3,,
1.298500E3,,
1.298600E3,,
1.298700E3,,
1.298800E3,,
1.298900E3,,
1.299000E3,-3.960038E-2,-6.131733E-2
1.299100E3,,
1.299200E3,,
1.299300E3,,
1.299400E3,,
1.299500E3,,
1.299600E3,,
1.299700E3,,
1.299800E3,,
1.299900E3,,
1.300000E3,-3.960038E-2,-6.123281E-2
1.300100E3,,
1.300200E3,,
1.300300E3,,
1.300400E3,,
1.300500E3,,
1.300600E3,,
1.300700E3,,
1.300800E3,,
1.300900E3,,
1.301000E3,-3.960038E-2,-6.120354E-2
1.301100E3,,
1.301200E3,,
1.301300E3,,
1.301400E3,,
1.301500E3,,
1.301600E3,,
1.301700E3,,
1.301800E3,,
1.301900E3,,
1.302000E3,-3.960038E-2,-6.129164E-2
1.302100E3,,
1.302200E3,,
1.302300E3,,
1.302400E3,,
1.302500E3,,
1.302600E3,,
1.302700E3,,
1.302800E3,,
1.302900E3,,
1.303000E3,-3.960038E-2,-6.127531E-2
1.303100E3,,
1.303200E3,,
1.303300E3,,
1.303400E3,,
1.303500E3,,
1.303600E3,,
1.303700E3,,
1.303800E3,,
1.303900E3,,
1.304000E3,-3.960038E-2,-6.122953E-2
1.304100E3,,
1.304200E3,,
1.304300E3,,
1.304400E3,,
1.304500E3,,
1.304600E3,,
1.304700E3,,
1.304800E3,,
1.304900E3,,
1.305000E3,-3.960038E-2,-6.132710E-2
1.305100E3,,
1.305200E3,,
1.305300E3,,
1.305400E3,,
1.305500E3,,
1.305600E3,,
1.305700E3,,
1.305800E3,,
1.305900E3,,
1.306000E3,-3.960038E-2,-6.131446E-2
1.306100E3,,
1.306200E3,,
1.306300E3,,
1.306400E3,,
1.306500E3,,
1.306600E3,,
1.306700E3,,
1.306800E3,,
1.306900E3,,
1.307000E3,-3.960038E-2,-6.125897E-2
1.307100E3,,
1.307200E3,,
1.307300E3,,
1.307400E3,,
1.307500E3,,
1.307600E3,,
1.307700E3,,
1.307800E3,,
1.307900E3,,
1.308000E3,-3.960038E-2,-6.129533E-2
1.308100E3,,
1.308200E3,,
1.308300E3,,
1.308400E3,,
1.308500E3,,
1.308600E3,,
1.308700E3,,
1.308800E3,,
1.308900E3,,
1.309000E3,-3.960038E-2,-6.130162E-2
1.309100E3,,
1.309200E3,,
1.309300E3,,
1.309400E3,,
1.309500E3,,
1.309600E3,,
1.309700E3,,
1.309800E3,,
1.309900E3,,
1.310000E3,-3.960038E-2,-6.131339E-2
1.310100E3,,
1.310200E3,,
1.310300E3,,
1.310400E3,,
1.310500E3,,
1.310600E3,,
1.310700E3,,
1.310800E3,,
1.310900E3,,
1.311000E3,-3.960038E-2,-6.123367E-2
1.311100E3,,
1.311200E3,,
1.311300E3,,
1.311400E3,,
1.311500E3,,
1.311600E3,,
1.311700E3,,
1.311800E3,,
1.311900E3,,
1.312000E3,-3.960038E-2,-6.125816E-2
1.312100E3,,
1.312200E3,,
1.312300E3,,
1.312400E3,,
1.312500E3,,
1.312600E3,,
1.312700E3,,
1.312800E3,,
1.312900E3,,
1.313000E3,-3.960038E-2,-6.130139E-2
1.313100E3,,
1.313200E3,,
1.313300E3,,
1.313400E3,,
1.313500E3,,
1.313600E3,,
1.313700E3,,
1.313800E3,,
1.313900E3,,
1.314000E3,-3.960038E-2,-6.122254E-2
1.314100E3,,
1.314200E3,,
1.314300E3,,
1.314400E3,,
1.314500E3,,
1.314600E3,,
1.314700E3,,
1.314800E3,,
1.314900E3,,
1.315000E3,-3.960038E-2,-6.133336E-2
1.315100E3,,
1.315200E3,,
1.315300E3,,
1.315400E3,,
1.315500E3,,
1.315600E3,,
1.315700E3,,
1.315800E3,,
1.315900E3,,
1.316000E3,-3.960038E-2,-6.124602E-2
1.316100E3,,
1.316200E3,,
1.316300E3,,
1.316400E3,,
1.316500E3,,
1.316600E3,,
1.316700E3,,
1.316800E3,,
1.316900E3,,
1.317000E3,-3.960038E-2,-6.132163E-2
1.317100E3,,
1.317200E3,,
1.317300E3,,
1.317400E3,,
1.317500E3,,
1.317600E3,,
1.317700E3,,
1.317800E3,,
1.317900E3,,
1.318000E3,-3.960038E-2,-6.125926E-2
1.318100E3,,
1.318200E3,,
1.318300E3,,
1.318400E3,,
1.318500E3,,
1.318600E3,,
1.318700E3,,
1.318800E3,,
1.318900E3,,
1.319000E3,-3.960038E-2,-6.128878E-2
1.319100E3,,
1.319200E3,,
1.319300E3,,
1.319400E3,,
1.319500E3,,
1.319600E3,,
1.319700E3,,
1.319800E3,,
1.319900E3,,
1.320000E3,-3.960038E-2,-6.124302E-2
1.320100E3,,
1.320200E3,,
1.320300E3,,
1.320400E3,,
1.320500E3,,
1.320600E3,,
1.320700E3,,
1.320800E3,,
1.320900E3,,
1.321000E3,-3.960038E-2,-6.125981E-2
1.321100E3,,
1.321200E3,,
1.321300E3,,
1.321400E3,,
1.321500E3,,
1.321600E3,,
1.321700E3,,
1.321800E3,,
1.321900E3,,
1.322000E3,-3.960038E-2,-6.163321E-2
1.322100E3,,
1.322200E3,,
1.322300E3,,
1.322400E3,,
1.322500E3,,
1.322600E3,,
1.322700E3,,
1.322800E3,,
1.322900E3,,
1.323000E3,-3.960038E-2,-6.133387E-2
1.323100E3,,
1.323200E3,,
1.323300E3,,
1.323400E3,,
1.323500E3,,
1.323600E3,,
1.323700E3,,
1.323800E3,,
1.323900E3,,
1.324000E3,-3.960038E-2,-6.129024E-2
1.324100E3,,
1.324200E3,,
1.324300E3,,
1.324400E3,,
1.324500E3,,
1.324600E3,,
1.324700E3,,
1.324800E3,,
1.324900E3,,
1.325000E3,-3.960038E-2,-6.131100E-2
1.325100E3,,
1.325200E3,,
1.325300E3,,
1.325400E3,,
1.325500E3,,
1.325600E3,,
1.325700E3,,
1.325800E3,,
1.325900E3,,
1.326000E3,-3.960080E-2,-6.125857E-2
1.326100E3,,
1.326200E3,,
1.326300E3,,
1.326400E3,,
1.326500E3,,
1.326600E3,,
1.326700E3,,
1.326800E3,,
1.326900E3,,
1.327000E3,-3.960068E-2,-6.130212E-2
1.327100E3,,
1.327200E3,,
1.327300E3,,
1.327400E3,,
1.327500E3,,
1.327600E3,,
1.327700E3,,
1.327800E3,,
1.327900E3,,
1.328000E3,-3.960056E-2,-6.130025E-2
1.328100E3,,
1.328200E3,,
1.328300E3,,
1.328400E3,,
1.328500E3,,
1.328600E3,,
1.328700E3,,
1.328800E3,,
1.328900E3,,
1.329000E3,-3.960044E-2,-6.135297E-2
1.329100E3,,
1.329200E3,,
1.329300E3,,
1.329400E3,,
1.329500E3,,
1.329600E3,,
1.329700E3,,
1.329800E3,,
1.329900E3,,
1.330000E3,-3.960031E-2,-6.127217E-2
1.330100E3,,
1.330200E3,,
1.330300E3,,
1.330400E3,,
1.330500E3,,
1.330600E3,,
1.330700E3,,
1.330800E3,,
1.330900E3,,
1.331000E3,-3.960019E-2,-6.126341E-2
1.331100E3,,
1.331200E3,,
1.331300E3,,
1.331400E3,,
1.331500E3,,
1.331600E3,,
1.331700E3,,
1.331800E3,,
1.331900E3,,
1.332000E3,-3.960019E-2,-6.121612E-2
1.332100E3,,
1.332200E3,,
1.332300E3,,
1.332400E3,,
1.332500E3,,
1.332600E3,,
1.332700E3,,
1.332800E3,,
1.332900E3,,
1.333000E3,-3.960019E-2,-6.132197E-2
1.333100E3,,
1.333200E3,,
1.333300E3,,
1.333400E3,,
1.333500E3,,
1.333600E3,,
1.333700E3,,
1.333800E3,,
1.333900E3,,
1.334000E3,-3.960019E-2,-6.131764E-2
1.334100E3,,
1.334200E3,,
1.334300E3,,
1.334400E3,,
1.334500E3,,
1.334600E3,,
1.334700E3,,
1.334800E3,,
1.334900E3,,
1.335000E3,-3.960019E-2,-6.125963E-2
1.335100E3,,
1.335200E3,,
1.335300E3,,
1.335400E3,,
1.335500E3,,
1.335600E3,,
1.335700E3,,
1.335800E3,,
1.335900E3,,
1.336000E3,-3.960019E-2,-6.130051E-2
1.336100E3,,
1.336200E3,,
1.336300E3,,
1.336400E3,,
1.336500E3,,
1.336600E3,,
1.336700E3,,
1.336800E3,,
1.336900E3,,
1.337000E3,-3.960019E-2,-6.125890E-2
1.337100E3,,
1.337200E3,,
1.337300E3,,
1.337400E3,,
1.337500E3,,
1.337600E3,,
1.337700E3,,
1.337800E3,,
1.337900E3,,
1.338000E3,-3.960019E-2,-6.132878E-2
1.338100E3,,
1.338200E3,,
1.338300E3,,
1.338400E3,,
1.338500E3,,
1.338600E3,,
1.338700E3,,
1.338800E3,,
1.338900E3,,
1.339000E3,-3.960019E-2,-6.130997E-2
1.339100E3,,
1.339200E3,,
1.339300E3,,
1.339400E3,,
1.339500E3,,
1.339600E3,,
1.339700E3,,
1.339800E3,,
1.339900E3,,
1.340000E3,-3.960019E-2,-6.125931E-2
1.340100E3,,
1.340200E3,,
1.340300E3,,
1.340400E3,,
1.340500E3,,
1.340600E3,,
1.340700E3,,
1.340800E3,,
1.340900E3,,
1.341000E3,-3.960019E-2,-6.123095E-2
1.341100E3,,
1.341200E3,,
1.341300E3,,
1.341400E3,,
1.341500E3,,
1.341600E3,,
1.341700E3,,
1.341800E3,,
1.341900E3,,
1.342000E3,-3.960019E-2,-6.127243E-2
1.342100E3,,
1.342200E3,,
1.342300E3,,
1.342400E3,,
1.342500E3,,
1.342600E3,,
1.342700E3,,
1.342800E3,,
1.342900E3,,
1.343000E3,-3.960019E-2,-6.127175E-2
1.343100E3,,
1.343200E3,,
1.343300E3,,
1.343400E3,,
1.343500E3,,
1.343600E3,,
1.343700E3,,
1.343800E3,,
1.343900E3,,
1.344000E3,-3.960107E-2,-6.122913E-2
1.344100E3,,
1.344200E3,,
1.344300E3,,
1.344400E3,,
1.344500E3,,
1.344600E3,,
1.344700E3,,
1.344800E3,,
1.344900E3,,
1.345000E3,-3.960107E-2,-6.128299E-2
1.345100E3,,
1.345200E3,,
1.345300E3,,
1.345400E3,,
1.345500E3,,
1.345600E3,,
1.345700E3,,
1.345800E3,,
1.345900E3,,
1.346000E3,-3.960149E-2,-6.130365E-2
1.346100E3,,
1.346200E3,,
1.346300E3,,
1.346400E3,,
1.346500E3,,
1.346600E3,,
1.346700E3,,
1.346800E3,,
1.346900E3,,
1.347000E3,-3.960149E-2,-6.126874E-2
1.347100E3,,
1.347200E3,,
1.347300E3,,
1.347400E3,,
1.347500E3,,
1.347600E3,,
1.347700E3,,
1.347800E3,,
1.347900E3,,
1.348000E3,-3.960149E-2,-6.125772E-2
1.348100E3,,
1.348200E3,,
1.348300E3,,
1.348400E3,,
1.348500E3,,
1.348600E3,,
1.348700E3,,
1.348800E3,,
1.348900E3,,
1.349000E3,-3.960149E-2,-6.130347E-2
1.349100E3,,
1.349200E3,,
1.349300E3,,
1.349400E3,,
1.349500E3,,
1.349600E3,,
1.349700E3,,
1.349800E3,,
1.349900E3,,
1.350000E3,-3.960149E-2,-6.129912E-2
1.350100E3,,
1.350200E3,,
1.350300E3,,
1.350400E3,,
1.350500E3,,
1.350600E3,,
1.350700E3,,
1.350800E3,,
1.350900E3,,
1.351000E3,-3.960149E-2,-6.129114E-2
1.351100E3,,
1.351200E3,,
1.351300E3,,
1.351400E3,,
1.351500E3,,
1.351600E3,,
1.351700E3,,
1.351800E3,,
1.351900E3,,
1.352000E3,-3.960149E-2,-6.128199E-2
1.352100E3,,
1.352200E3,,
1.352300E3,,
1.352400E3,,
1.352500E3,,
1.352600E3,,
1.352700E3,,
1.352800E3,,
1.352900E3,,
1.353000E3,-3.960149E-2,-6.128199E-2
1.353100E3,,
1.353200E3,,
1.353300E3,,
1.353400E3,,
1.353500E3,,
1.353600E3,,
1.353700E3,,
1.353800E3,,
1.353900E3,,
1.354000E3,-3.960149E-2,-6.124907E-2
1.354100E3,,
1.354200E3,,
1.354300E3,,
1.354400E3,,
1.354500E3,,
1.354600E3,,
1.354700E3,,
1.354800E3,,
1.354900E3,,
1.355000E3,-3.960149E-2,-6.128740E-2
1.355100E3,,
1.355200E3,,
1.355300E3,,
1.355400E3,,
1.355500E3,,
1.355600E3,,
1.355700E3,,
1.355800E3,,
1.355900E3,,
1.356000E3,-3.960149E-2,-6.128789E-2
1.356100E3,,
1.356200E3,,
1.356300E3,,
1.356400E3,,
1.356500E3,,
1.356600E3,,
1.356700E3,,
1.356800E3,,
1.356900E3,,
1.357000E3,-3.960149E-2,-6.123371E-2
1.357100E3,,
1.357200E3,,
1.357300E3,,
1.357400E3,,
1.357500E3,,
1.357600E3,,
1.357700E3,,
1.357800E3,,
1.357900E3,,
1.358000E3,-3.960149E-2,-6.128657E-2
1.358100E3,,
1.358200E3,,
1.358300E3,,
1.358400E3,,
1.358500E3,,
1.358600E3,,
1.358700E3,,
1.358800E3,,
1.358900E3,,
1.359000E3,-3.960329E-2,-6.129598E-2
1.359100E3,,
1.359200E3,,
1.359300E3,,
1.359400E3,,
1.359500E3,,
1.359600E3,,
1.359700E3,,
1.359800E3,,
1.359900E3,,
1.360000E3,-3.960290E-2,-6.124153E-2
1.360100E3,,
1.360200E3,,
1.360300E3,,
1.360400E3,,
1.360500E3,,
1.360600E3,,
1.360700E3,,
1.360800E3,,
1.360900E3,,
1.361000E3,-3.960251E-2,-6.127131E-2
1.361100E3,,
1.361200E3,,
1.361300E3,,
1.361400E3,,
1.361500E3,,
1.361600E3,,
1.361700E3,,
1.361800E3,,
1.361900E3,,
1.362000E3,-3.960238E-2,-6.125074E-2
1.362100E3,,
1.362200E3,,
1.362300E3,,
1.362400E3,,
1.362500E3,,
1.362600E3,,
1.362700E3,,
1.362800E3,,
1.362900E3,,
1.363000E3,-3.960225E-2,-6.126158E-2
1.363100E3,,
1.363200E3,,
1.363300E3,,
1.363400E3,,
1.363500E3,,
1.363600E3,,
1.363700E3,,
1.363800E3,,
1.363900E3,,
1.364000E3,-3.960212E-2,-6.123138E-2
1.364100E3,,
1.364200E3,,
1.364300E3,,
1.364400E3,,
1.364500E3,,
1.364600E3,,
1.364700E3,,
1.364800E3,,
1.364900E3,,
1.365000E3,-3.960199E-2,-6.123926E-2
1.365100E3,,
1.365200E3,,
1.365300E3,,
1.365400E3,,
1.365500E3,,
1.365600E3,,
1.365700E3,,
1.365800E3,,
1.365900E3,,
1.366000E3,-3.960199E-2,-6.126267E-2
1.366100E3,,
1.366200E3,,
1.366300E3,,
1.366400E3,,
1.366500E3,,
1.366600E3,,
1.366700E3,,
1.366800E3,,
1.366900E3,,
1.367000E3,-3.960199E-2,-6.125565E-2
1.367100E3,,
1.367200E3,,
1.367300E3,,
1.367400E3,,
1.367500E3,,
1.367600E3,,
1.367700E3,,
1.367800E3,,
1.367900E3,,
1.368000E3,-3.960199E-2,-6.126404E-2
1.368100E3,,
1.368200E3,,
1.368300E3,,
1.368400E3,,
1.368500E3,,
1.368600E3,,
1.368700E3,,
1.368800E3,,
1.368900E3,,
1.369000E3,-3.960270E-2,-6.130421E-2
1.369100E3,,
1.369200E3,,
1.369300E3,,
1.369400E3,,
1.369500E3,,
1.369600E3,,
1.369700E3,,
1.369800E3,,
1.369900E3,,
1.370000E3,-3.960258E-2,-6.124820E-2
1.370100E3,,
1.370200E3,,
1.370300E3,,
1.370400E3,,
1.370500E3,,
1.370600E3,,
1.370700E3,,
1.370800E3,,
1.370900E3,,
1.371000E3,-3.960246E-2,-6.125984E-2
1.371100E3,,
1.371200E3,,
1.371300E3,,
1.371400E3,,
1.371500E3,,
1.371600E3,,
1.371700E3,,
1.371800E3,,
1.371900E3,,
1.372000E3,-3.960233E-2,-6.130464E-2
1.372100E3,,
1.372200E3,,
1.372300E3,,
1.372400E3,,
1.372500E3,,
1.372600E3,,
1.372700E3,,
1.372800E3,,
1.372900E3,,
1.373000E3,-3.960221E-2,-6.121950E-2
1.373100E3,,
1.373200E3,,
1.373300E3,,
1.373400E3,,
1.373500E3,,
1.373600E3,,
1.373700E3,,
1.373800E3,,
1.373900E3,,
1.374000E3,-3.960209E-2,-6.119828E-2
1.374100E3,,
1.374200E3,,
1.374300E3,,
1.374400E3,,
1.374500E3,,
1.374600E3,,
1.374700E3,,
1.374800E3,,
1.374900E3,,
1.375000E3,-3.960209E-2,-6.127785E-2
1.375100E3,,
1.375200E3,,
1.375300E3,,
1.375400E3,,
1.375500E3,,
1.375600E3,,
1.375700E3,,
1.375800E3,,
1.375900E3,,
1.376000E3,-3.960209E-2,-6.131134E-2
1.376100E3,,
1.376200E3,,
1.376300E3,,
1.376400E3,,
1.376500E3,,
1.376600E3,,
1.376700E3,,
1.376800E3,,
1.376900E3,,
1.377000E3,-3.960209E-2,-6.129306E-2
1.377100E3,,
1.377200E3,,
1.377300E3,,
1.377400E3,,
1.377500E3,,
1.377600E3,,
1.377700E3,,
1.377800E3,,
1.377900E3,,
1.378000E3,-3.960209E-2,-6.126649E-2
1.378100E3,,
1.378200E3,,
1.378300E3,,
1.378400E3,,
1.378500E3,,
1.378600E3,,
1.378700E3,,
1.378800E3,,
1.378900E3,,
1.379000E3,-3.960209E-2,-6.127375E-2
1.379100E3,,
1.379200E3,,
1.379300E3,,
1.379400E3,,
1.379500E3,,
1.379600E3,,
1.379700E3,,
1.379800E3,,
1.379900E3,,
1.380000E3,-3.960209E-2,-6.120434E-2
1.380100E3,,
1.380200E3,,
1.380300E3,,
1.380400E3,,
1.380500E3,,
1.380600E3,,
1.380700E3,,
1.380800E3,,
1.380900E3,,
1.381000E3,-3.960209E-2,-6.125813E-2
1.381100E3,,
1.381200E3,,
1.381300E3,,
1.381400E3,,
1.381500E3,,
1.381600E3,,
1.381700E3,,
1.381800E3,,
1.381900E3,,
1.382000E3,-3.960209E-2,-6.127349E-2
1.382100E3,,
1.382200E3,,
1.382300E3,,
1.382400E3,,
1.382500E3,,
1.382600E3,,
1.382700E3,,
1.382800E3,,
1.382900E3,,
1.383000E3,-3.960209E-2,-6.130298E-2
1.383100E3,,
1.383200E3,,
1.383300E3,,
1.383400E3,,
1.383500E3,,
1.383600E3,,
1.383700E3,,
1.383800E3,,
1.383900E3,,
1.384000E3,-3.960209E-2,-6.129329E-2
1.384100E3,,
1.384200E3,,
1.384300E3,,
1.384400E3,,
1.384500E3,,
1.384600E3,,
1.384700E3,,
1.384800E3,,
1.384900E3,,
1.385000E3,-3.960209E-2,-6.125808E-2
1.385100E3,,
1.385200E3,,
1.385300E3,,
1.385400E3,,
1.385500E3,,
1.385600E3,,
1.385700E3,,
1.385800E3,,
1.385900E3,,
1.386000E3,-3.960209E-2,-6.132625E-2
1.386100E3,,
1.386200E3,,
1.386300E3,,
1.386400E3,,
1.386500E3,,
1.386600E3,,
1.386700E3,,
1.386800E3,,
1.386900E3,,
1.387000E3,-3.960209E-2,-6.121329E-2
1.387100E3,,
1.387200E3,,
1.387300E3,,
1.387400E3,,
1.387500E3,,
1.387600E3,,
1.387700E3,,
1.387800E3,,
1.387900E3,,
1.388000E3,-3.960209E-2,-6.127765E-2
1.388100E3,,
1.388200E3,,
1.388300E3,,
1.388400E3,,
1.388500E3,,
1.388600E3,,
1.388700E3,,
1.388800E3,,
1.388900E3,,
1.389000E3,-3.960209E-2,-6.128857E-2
1.389100E3,,
1.389200E3,,
1.389300E3,,
1.389400E3,,
1.389500E3,,
1.389600E3,,
1.389700E3,,
1.389800E3,,
1.389900E3,,
1.390000E3,-3.960209E-2,-6.122596E-2
1.390100E3,,
1.390200E3,,
1.390300E3,,
1.390400E3,,
1.390500E3,,
1.390600E3,,
1.390700E3,,
1.390800E3,,
1.390900E3,,
1.391000E3,-3.960209E-2,-6.128160E-2
1.391100E3,,
1.391200E3,,
1.391300E3,,
1.391400E3,,
1.391500E3,,
1.391600E3,,
1.391700E3,,
1.391800E3,,
1.391900E3,,
1.392000E3,-3.960209E-2,-6.124471E-2
1.392100E3,,
1.392200E3,,
1.392300E3,,
1.392400E3,,
1.392500E3,,
1.392600E3,,
1.392700E3,,
1.392800E3,,
1.392900E3,,
1.393000E3,-3.960209E-2,-6.129235E-2
1.393100E3,,
1.393200E3,,
1.393300E3,,
1.393400E3,,
1.393500E3,,
1.393600E3,,
1.393700E3,,
1.393800E3,,
1.393900E3,,
1.394000E3,-3.960209E-2,-6.124638E-2
1.394100E3,,
1.394200E3,,
1.394300E3,,
1.394400E3,,
1.394500E3,,
1.394600E3,,
1.394700E3,,
1.394800E3,,
1.394900E3,,
1.395000E3,-3.960209E-2,-6.127661E-2
1.395100E3,,
1.395200E3,,
1.395300E3,,
1.395400E3,,
1.395500E3,,
1.395600E3,,
1.395700E3,,
1.395800E3,,
1.395900E3,,
1.396000E3,-3.960209E-2,-6.130406E-2
1.396100E3,,
1.396200E3,,
1.396300E3,,
1.396400E3,,
1.396500E3,,
1.396600E3,,
1.396700E3,,
1.396800E3,,
1.396900E3,,
1.397000E3,-3.960209E-2,-6.123566E-2
1.397100E3,,
1.397200E3,,
1.397300E3,,
1.397400E3,,
1.397500E3,,
1.397600E3,,
1.397700E3,,
1.397800E3,,
1.397900E3,,
1.398000E3,-3.960209E-2,-6.120887E-2
1.398100E3,,
1.398200E3,,
1.398300E3,,
1.398400E3,,
1.398500E3,,
1.398600E3,,
1.398700E3,,
1.398800E3,,
1.398900E3,,
1.399000E3,-3.960209E-2,-6.125087E-2
1.399100E3,,
1.399200E3,,
1.399300E3,,
1.399400E3,,
1.399500E3,,
1.399600E3,,
1.399700E3,,
1.399800E3,,
1.399900E3,,
1.400000E3,-3.960209E-2,-6.133069E-2
1.400100E3,,
1.400200E3,,
1.400300E3,,
1.400400E3,,
1.400500E3,,
1.400600E3,,
1.400700E3,,
1.400800E3,,
1.400900E3,,
1.401000E3,-3.960209E-2,-6.127152E-2
1.401100E3,,
1.401200E3,,
1.401300E3,,
1.401400E3,,
1.401500E3,,
1.401600E3,,
1.401700E3,,
1.401800E3,,
1.401900E3,,
1.402000E3,-3.960209E-2,-6.125851E-2
1.402100E3,,
1.402200E3,,
1.402300E3,,
1.402400E3,,
1.402500E3,,
1.402600E3,,
1.402700E3,,
1.402800E3,,
1.402900E3,,
1.403000E3,-3.960209E-2,-6.125866E-2
1.403100E3,,
1.403200E3,,
1.403300E3,,
1.403400E3,,
1.403500E3,,
1.403600E3,,
1.403700E3,,
1.403800E3,,
1.403900E3,,
1.404000E3,-3.960209E-2,-6.128473E-2
1.404100E3,,
1.404200E3,,
1.404300E3,,
1.404400E3,,
1.404500E3,,
1.404600E3,,
1.404700E3,,
1.404800E3,,
1.404900E3,,
1.405000E3,-3.960209E-2,-6.125510E-2
1.405100E3,,
1.405200E3,,
1.405300E3,,
1.405400E3,,
1.405500E3,,
1.405600E3,,
1.405700E3,,
1.405800E3,,
1.405900E3,,
1.406000E3,-3.960209E-2,-6.127094E-2
1.406100E3,,
1.406200E3,,
1.406300E3,,
1.406400E3,,
1.406500E3,,
1.406600E3,,
1.406700E3,,
1.406800E3,,
1.406900E3,,
1.407000E3,-3.960209E-2,-6.130602E-2
1.407100E3,,
1.407200E3,,
1.407300E3,,
1.407400E3,,
1.407500E3,,
1.407600E3,,
1.407700E3,,
1.407800E3,,
1.407900E3,,
1.408000E3,-3.960209E-2,-6.122672E-2
1.408100E3,,
1.408200E3,,
1.408300E3,,
1.408400E3,,
1.408500E3,,
1.408600E3,,
1.408700E3,,
1.408800E3,,
1.408900E3,,
1.409000E3,-3.960209E-2,-6.122757E-2
1.409100E3,,
1.409200E3,,
1.409300E3,,
1.409400E3,,
1.409500E3,,
1.409600E3,,
1.409700E3,,
1.409800E3,,
1.409900E3,,
1.410000E3,-3.960209E-2,-6.124209E-2
1.410100E3,,
1.410200E3,,
1.410300E3,,
1.410400E3,,
1.410500E3,,
1.410600E3,,
1.410700E3,,
1.410800E3,,
1.410900E3,,
1.411000E3,-3.960209E-2,-6.128362E-2
1.411100E3,,
1.411200E3,,
1.411300E3,,
1.411400E3,,
1.411500E3,,
1.411600E3,,
1.411700E3,,
1.411800E3,,
1.411900E3,,
1.412000E3,-3.960209E-2,-6.126571E-2
1.412100E3,,
1.412200E3,,
1.412300E3,,
1.412400E3,,
1.412500E3,,
1.412600E3,,
1.412700E3,,
1.412800E3,,
1.412900E3,,
1.413000E3,-3.960209E-2,-6.128877E-2
1.413100E3,,
1.413200E3,,
1.413300E3,,
1.413400E3,,
1.413500E3,,
1.413600E3,,
1.413700E3,,
1.413800E3,,
1.413900E3,,
1.414000E3,-3.960209E-2,-6.124822E-2
1.414100E3,,
1.414200E3,,
1.414300E3,,
1.414400E3,,
1.414500E3,,
1.414600E3,,
1.414700E3,,
1.414800E3,,
1.414900E3,,
1.415000E3,-3.960209E-2,-6.123719E-2
1.415100E3,,
1.415200E3,,
1.415300E3,,
1.415400E3,,
1.415500E3,,
1.415600E3,,
1.415700E3,,
1.415800E3,,
1.415900E3,,
1.416000E3,-3.960209E-2,-6.128486E-2
1.416100E3,,
1.416200E3,,
1.416300E3,,
1.416400E3,,
1.416500E3,,
1.416600E3,,
1.416700E3,,
1.416800E3,,
1.416900E3,,
1.417000E3,-3.960209E-2,-6.123706E-2
1.417100E3,,
1.417200E3,,
1.417300E3,,
1.417400E3,,
1.417500E3,,
1.417600E3,,
1.417700E3,,
1.417800E3,,
1.417900E3,,
1.418000E3,-3.960209E-2,-6.133299E-2
1.418100E3,,
1.418200E3,,
1.418300E3,,
1.418400E3,,
1.418500E3,,
1.418600E3,,
1.418700E3,,
1.418800E3,,
1.418900E3,,
1.419000E3,-3.960209E-2,-6.121823E-2
1.419100E3,,
1.419200E3,,
1.419300E3,,
1.419400E3,,
1.419500E3,,
1.419600E3,,
1.419700E3,,
1.419800E3,,
1.419900E3,,
1.420000E3,-3.960209E-2,-6.124117E-2
1.420100E3,,
1.420200E3,,
1.420300E3,,
1.420400E3,,
1.420500E3,,
1.420600E3,,
1.420700E3,,
1.420800E3,,
1.420900E3,,
1.421000E3,-3.960209E-2,-6.129782E-2
1.421100E3,,
1.421200E3,,
1.421300E3,,
1.421400E3,,
1.421500E3,,
1.421600E3,,
1.421700E3,,
1.421800E3,,
1.421900E3,,
1.422000E3,-3.960209E-2,-6.131011E-2
1.422100E3,,
1.422200E3,,
1.422300E3,,
1.422400E3,,
1.422500E3,,
1.422600E3,,
1.422700E3,,
1.422800E3,,
1.422900E3,,
1.423000E3,-3.960209E-2,-6.128111E-2
1.423100E3,,
1.423200E3,,
1.423300E3,,
1.423400E3,,
1.423500E3,,
1.423600E3,,
1.423700E3,,
1.423800E3,,
1.423900E3,,
1.424000E3,-3.960209E-2,-6.124992E-2
1.424100E3,,
1.424200E3,,
1.424300E3,,
1.424400E3,,
1.424500E3,,
1.424600E3,,
1.424700E3,,
1.424800E3,,
1.424900E3,,
1.425000E3,-3.960209E-2,-6.123023E-2
1.425100E3,,
1.425200E3,,
1.425300E3,,
1.425400E3,,
1.425500E3,,
1.425600E3,,
1.425700E3,,
1.425800E3,,
1.425900E3,,
1.426000E3,-3.960209E-2,-6.128607E-2
1.426100E3,,
1.426200E3,,
1.426300E3,,
1.426400E3,,
1.426500E3,,
1.426600E3,,
1.426700E3,,
1.426800E3,,
1.426900E3,,
1.427000E3,-3.960209E-2,-6.124355E-2
1.427100E3,,
1.427200E3,,
1.427300E3,,
1.427400E3,,
1.427500E3,,
1.427600E3,,
1.427700E3,,
1.427800E3,,
1.427900E3,,
1.428000E3,-3.960209E-2,-6.131745E-2
1.428100E3,,
1.428200E3,,
1.428300E3,,
1.428400E3,,
1.428500E3,,
1.428600E3,,
1.428700E3,,
1.428800E3,,
1.428900E3,,
1.429000E3,-3.960209E-2,-6.123059E-2
1.429100E3,,
1.429200E3,,
1.429300E3,,
1.429400E3,,
1.429500E3,,
1.429600E3,,
1.429700E3,,
1.429800E3,,
1.429900E3,,
1.430000E3,-3.960209E-2,-6.117881E-2
1.430100E3,,
1.430200E3,,
1.430300E3,,
1.430400E3,,
1.430500E3,,
1.430600E3,,
1.430700E3,,
1.430800E3,,
1.430900E3,,
1.431000E3,-3.960209E-2,-6.128601E-2
1.431100E3,,
1.431200E3,,
1.431300E3,,
1.431400E3,,
1.431500E3,,
1.431600E3,,
1.431700E3,,
1.431800E3,,
1.431900E3,,
1.432000E3,-3.960209E-2,-6.128486E-2
1.432100E3,,
1.432200E3,,
1.432300E3,,
1.432400E3,,
1.432500E3,,
1.432600E3,,
1.432700E3,,
1.432800E3,,
1.432900E3,,
1.433000E3,-3.960209E-2,-6.127358E-2
1.433100E3,,
1.433200E3,,
1.433300E3,,
1.433400E3,,
1.433500E3,,
1.433600E3,,
1.433700E3,,
1.433800E3,,
1.433900E3,,
1.434000E3,-3.960209E-2,-6.129405E-2
1.434100E3,,
1.434200E3,,
1.434300E3,,
1.434400E3,,
1.434500E3,,
1.434600E3,,
1.434700E3,,
1.434800E3,,
1.434900E3,,
1.435000E3,-3.960209E-2,-6.128844E-2
1.435100E3,,
1.435200E3,,
1.435300E3,,
1.435400E3,,
1.435500E3,,
1.435600E3,,
1.435700E3,,
1.435800E3,,
1.435900E3,,
1.436000E3,-3.960209E-2,-6.124972E-2
1.436100E3,,
1.436200E3,,
1.436300E3,,
1.436400E3,,
1.436500E3,,
1.436600E3,,
1.436700E3,,
1.436800E3,,
1.436900E3,,
1.437000E3,-3.960209E-2,-6.130190E-2
1.437100E3,,
1.437200E3,,
1.437300E3,,
1.437400E3,,
1.437500E3,,
1.437600E3,,
1.437700E3,,
1.437800E3,,
1.437900E3,,
1.438000E3,-3.960209E-2,-6.120609E-2
1.438100E3,,
1.438200E3,,
1.438300E3,,
1.438400E3,,
1.438500E3,,
1.438600E3,,
1.438700E3,,
1.438800E3,,
1.438900E3,,
1.439000E3,-3.960209E-2,-6.124765E-2
1.439100E3,,
1.439200E3,,
1.439300E3,,
1.439400E3,,
1.439500E3,,
1.439600E3,,
1.439700E3,,
1.439800E3,,
1.439900E3,,
1.440000E3,-3.960209E-2,-6.130498E-2
1.440100E3,,
1.440200E3,,
1.440300E3,,
1.440400E3,,
1.440500E3,,
1.440600E3,,
1.440700E3,,
1.440800E3,,
1.440900E3,,
1.441000E3,-3.960209E-2,-6.121830E-2
1.441100E3,,
1.441200E3,,
1.441300E3,,
1.441400E3,,
1.441500E3,,
1.441600E3,,
1.441700E3,,
1.441800E3,,
1.441900E3,,
1.442000E3,-3.960209E-2,-6.128559E-2
1.442100E3,,
1.442200E3,,
1.442300E3,,
1.442400E3,,
1.442500E3,,
1.442600E3,,
1.442700E3,,
1.442800E3,,
1.442900E3,,
1.443000E3,-3.960209E-2,-6.127650E-2
1.443100E3,,
1.443200E3,,
1.443300E3,,
1.443400E3,,
1.443500E3,,
1.443600E3,,
1.443700E3,,
1.443800E3,,
1.443900E3,,
1.444000E3,-3.960209E-2,-6.129784E-2
1.444100E3,,
1.444200E3,,
1.444300E3,,
1.444400E3,,
1.444500E3,,
1.444600E3,,
1.444700E3,,
1.444800E3,,
1.444900E3,,
1.445000E3,-3.960209E-2,-6.121965E-2
1.445100E3,,
1.445200E3,,
1.445300E3,,
1.445400E3,,
1.445500E3,,
1.445600E3,,
1.445700E3,,
1.445800E3,,
1.445900E3,,
1.446000E3,-3.960209E-2,-6.123995E-2
1.446100E3,,
1.446200E3,,
1.446300E3,,
1.446400E3,,
1.446500E3,,
1.446600E3,,
1.446700E3,,
1.446800E3,,
1.446900E3,,
1.447000E3,-3.960209E-2,-6.128072E-2
1.447100E3,,
1.447200E3,,
1.447300E3,,
1.447400E3,,
1.447500E3,,
1.447600E3,,
1.447700E3,,
1.447800E3,,
1.447900E3,,
1.448000E3,-3.960209E-2,-6.125199E-2
1.448100E3,,
1.448200E3,,
1.448300E3,,
1.448400E3,,
1.448500E3,,
1.448600E3,,
1.448700E3,,
1.448800E3,,
1.448900E3,,
1.449000E3,-3.960209E-2,-6.126880E-2
1.449100E3,,
1.449200E3,,
1.449300E3,,
1.449400E3,,
1.449500E3,,
1.449600E3,,
1.449700E3,,
1.449800E3,,
1.449900E3,,
1.450000E3,-3.960209E-2,-6.119710E-2
1.450100E3,,
1.450200E3,,
1.450300E3,,
1.450400E3,,
1.450500E3,,
1.450600E3,,
1.450700E3,,
1.450800E3,,
1.450900E3,,
1.451000E3,-3.960209E-2,-6.127663E-2
1.451100E3,,
1.451200E3,,
1.451300E3,,
1.451400E3,,
1.451500E3,,
1.451600E3,,
1.451700E3,,
1.451800E3,,
1.451900E3,,
1.452000E3,-3.960209E-2,-6.128433E-2
1.452100E3,,
1.452200E3,,
1.452300E3,,
1.452400E3,,
1.452500E3,,
1.452600E3,,
1.452700E3,,
1.452800E3,,
1.452900E3,,
1.453000E3,-3.960209E-2,-6.128822E-2
1.453100E3,,
1.453200E3,,
1.453300E3,,
1.453400E3,,
1.453500E3,,
1.453600E3,,
1.453700E3,,
1.453800E3,,
1.453900E3,,
1.454000E3,-3.960209E-2,-6.127405E-2
1.454100E3,,
1.454200E3,,
1.454300E3,,
1.454400E3,,
1.454500E3,,
1.454600E3,,
1.454700E3,,
1.454800E3,,
1.454900E3,,
1.455000E3,-3.960209E-2,-6.123554E-2
1.455100E3,,
1.455200E3,,
1.455300E3,,
1.455400E3,,
1.455500E3,,
1.455600E3,,
1.455700E3,,
1.455800E3,,
1.455900E3,,
1.456000E3,-3.960209E-2,-6.128756E-2
1.456100E3,,
1.456200E3,,
1.456300E3,,
1.456400E3,,
1.456500E3,,
1.456600E3,,
1.456700E3,,
1.456800E3,,
1.456900E3,,
1.457000E3,-3.960209E-2,-6.127799E-2
1.457100E3,,
1.457200E3,,
1.457300E3,,
1.457400E3,,
1.457500E3,,
1.457600E3,,
1.457700E3,,
1.457800E3,,
1.457900E3,,
1.458000E3,-3.960209E-2,-6.125652E-2
1.458100E3,,
1.458200E3,,
1.458300E3,,
1.458400E3,,
1.458500E3,,
1.458600E3,,
1.458700E3,,
1.458800E3,,
1.458900E3,,
1.459000E3,-3.960209E-2,-6.122926E-2
1.459100E3,,
1.459200E3,,
1.459300E3,,
1.459400E3,,
1.459500E3,,
1.459600E3,,
1.459700E3,,
1.459800E3,,
1.459900E3,,
1.460000E3,-3.960209E-2,-6.133547E-2
1.460100E3,,
1.460200E3,,
1.460300E3,,
1.460400E3,,
1.460500E3,,
1.460600E3,,
1.460700E3,,
1.460800E3,,
1.460900E3,,
1.461000E3,-3.960209E-2,-6.125543E-2
1.461100E3,,
1.461200E3,,
1.461300E3,,
1.461400E3,,
1.461500E3,,
1.461600E3,,
1.461700E3,,
1.461800E3,,
1.461900E3,,
1.462000E3,-3.960209E-2,-6.126277E-2
1.462100E3,,
1.462200E3,,
1.462300E3,,
1.462400E3,,
1.462500E3,,
1.462600E3,,
1.462700E3,,
1.462800E3,,
1.462900E3,,
1.463000E3,-3.960209E-2,-6.125993E-2
1.463100E3,,
1.463200E3,,
1.463300E3,,
1.463400E3,,
1.463500E3,,
1.463600E3,,
1.463700E3,,
1.463800E3,,
1.463900E3,,
1.464000E3,-3.960209E-2,-6.127882E-2
1.464100E3,,
1.464200E3,,
1.464300E3,,
1.464400E3,,
1.464500E3,,
1.464600E3,,
1.464700E3,,
1.464800E3,,
1.464900E3,,
1.465000E3,-3.960209E-2,-6.128878E-2
1.465100E3,,
1.465200E3,,
1.465300E3,,
1.465400E3,,
1.465500E3,,
1.465600E3,,
1.465700E3,,
1.465800E3,,
1.465900E3,,
1.466000E3,-3.960209E-2,-6.129384E-2
1.466100E3,,
1.466200E3,,
1.466300E3,,
1.466400E3,,
1.466500E3,,
1.466600E3,,
1.466700E3,,
1.466800E3,,
1.466900E3,,
1.467000E3,-3.960209E-2,-6.122307E-2
1.467100E3,,
1.467200E3,,
1.467300E3,,
1.467400E3,,
1.467500E3,,
1.467600E3,,
1.467700E3,,
1.467800E3,,
1.467900E3,,
1.468000E3,-3.960209E-2,-6.124240E-2
1.468100E3,,
1.468200E3,,
1.468300E3,,
1.468400E3,,
1.468500E3,,
1.468600E3,,
1.468700E3,,
1.468800E3,,
1.468900E3,,
1.469000E3,-3.960209E-2,-6.128794E-2
1.469100E3,,
1.469200E3,,
1.469300E3,,
1.469400E3,,
1.469500E3,,
1.469600E3,,
1.469700E3,,
1.469800E3,,
1.469900E3,,
1.470000E3,-3.960209E-2,-6.127954E-2
1.470100E3,,
1.470200E3,,
1.470300E3,,
1.470400E3,,
1.470500E3,,
1.470600E3,,
1.470700E3,,
1.470800E3,,
1.470900E3,,
1.471000E3,-3.960209E-2,-6.130461E-2
1.471100E3,,
1.471200E3,,
1.471300E3,,
1.471400E3,,
1.471500E3,,
1.471600E3,,
1.471700E3,,
1.471800E3,,
1.471900E3,,
1.472000E3,-3.960209E-2,-6.124367E-2
1.472100E3,,
1.472200E3,,
1.472300E3,,
1.472400E3,,
1.472500E3,,
1.472600E3,,
1.472700E3,,
1.472800E3,,
1.472900E3,,
1.473000E3,-3.960209E-2,-6.127154E-2
1.473100E3,,
1.473200E3,,
1.473300E3,,
1.473400E3,,
1.473500E3,,
1.473600E3,,
1.473700E3,,
1.473800E3,,
1.473900E3,,
1.474000E3,-3.960209E-2,-6.129440E-2
1.474100E3,,
1.474200E3,,
1.474300E3,,
1.474400E3,,
1.474500E3,,
1.474600E3,,
1.474700E3,,
1.474800E3,,
1.474900E3,,
1.475000E3,-3.960209E-2,-6.128022E-2
1.475100E3,,
1.475200E3,,
1.475300E3,,
1.475400E3,,
1.475500E3,,
1.475600E3,,
1.475700E3,,
1.475800E3,,
1.475900E3,,
1.476000E3,-3.960209E-2,-6.119507E-2
1.476100E3,,
1.476200E3,,
1.476300E3,,
1.476400E3,,
1.476500E3,,
1.476600E3,,
1.476700E3,,
1.476800E3,,
1.476900E3,,
1.477000E3,-3.960209E-2,-6.128245E-2
1.477100E3,,
1.477200E3,,
1.477300E3,,
1.477400E3,,
1.477500E3,,
1.477600E3,,
1.477700E3,,
1.477800E3,,
1.477900E3,,
1.478000E3,-3.960209E-2,-6.127594E-2
1.478100E3,,
1.478200E3,,
1.478300E3,,
1.478400E3,,
1.478500E3,,
1.478600E3,,
1.478700E3,,
1.478800E3,,
1.478900E3,,
1.479000E3,-3.960209E-2,-6.126266E-2
1.479100E3,,
1.479200E3,,
1.479300E3,,
1.479400E3,,
1.479500E3,,
1.479600E3,,
1.479700E3,,
1.479800E3,,
1.479900E3,,
1.480000E3,-3.960209E-2,-6.125343E-2
1.480100E3,,
1.480200E3,,
1.480300E3,,
1.480400E3,,
1.480500E3,,
1.480600E3,,
1.480700E3,,
1.480800E3,,
1.480900E3,,
1.481000E3,-3.960209E-2,-6.130219E-2
1.481100E3,,
1.481200E3,,
1.481300E3,,
1.481400E3,,
1.481500E3,,
1.481600E3,,
1.481700E3,,
1.481800E3,,
1.481900E3,,
1.482000E3,-3.960209E-2,-6.126306E-2
1.482100E3,,
1.482200E3,,
1.482300E3,,
1.482400E3,,
1.482500E3,,
1.482600E3,,
1.482700E3,,
1.482800E3,,
1.482900E3,,
1.483000E3,-3.960209E-2,-6.127069E-2
1.483100E3,,
1.483200E3,,
1.483300E3,,
1.483400E3,,
1.483500E3,,
1.483600E3,,
1.483700E3,,
1.483800E3,,
1.483900E3,,
1.484000E3,-3.960209E-2,-6.122028E-2
1.484100E3,,
1.484200E3,,
1.484300E3,,
1.484400E3,,
1.484500E3,,
1.484600E3,,
1.484700E3,,
1.484800E3,,
1.484900E3,,
1.485000E3,-3.960209E-2,-6.132391E-2
1.485100E3,,
1.485200E3,,
1.485300E3,,
1.485400E3,,
1.485500E3,,
1.485600E3,,
1.485700E3,,
1.485800E3,,
1.485900E3,,
1.486000E3,-3.960209E-2,-6.121456E-2
1.486100E3,,
1.486200E3,,
1.486300E3,,
1.486400E3,,
1.486500E3,,
1.486600E3,,
1.486700E3,,
1.486800E3,,
1.486900E3,,
1.487000E3,-3.960209E-2,-6.125603E-2
1.487100E3,,
1.487200E3,,
1.487300E3,,
1.487400E3,,
1.487500E3,,
1.487600E3,,
1.487700E3,,
1.487800E3,,
1.487900E3,,
1.488000E3,-3.960209E-2,-6.126374E-2
1.488100E3,,
1.488200E3,,
1.488300E3,,
1.488400E3,,
1.488500E3,,
1.488600E3,,
1.488700E3,,
1.488800E3,,
1.488900E3,,
1.489000E3,-3.960209E-2,-6.127547E-2
1.489100E3,,
1.489200E3,,
1.489300E3,,
1.489400E3,,
1.489500E3,,
1.489600E3,,
1.489700E3,,
1.489800E3,,
1.489900E3,,
1.490000E3,-3.960209E-2,-6.128108E-2
1.490100E3,,
1.490200E3,,
1.490300E3,,
1.490400E3,,
1.490500E3,,
1.490600E3,,
1.490700E3,,
1.490800E3,,
1.490900E3,,
1.491000E3,-3.960209E-2,-6.122603E-2
1.491100E3,,
1.491200E3,,
1.491300E3,,
1.491400E3,,
1.491500E3,,
1.491600E3,,
1.491700E3,,
1.491800E3,,
1.491900E3,,
1.492000E3,-3.960209E-2,-6.128237E-2
1.492100E3,,
1.492200E3,,
1.492300E3,,
1.492400E3,,
1.492500E3,,
1.492600E3,,
1.492700E3,,
1.492800E3,,
1.492900E3,,
1.493000E3,-3.960209E-2,-6.132863E-2
1.493100E3,,
1.493200E3,,
1.493300E3,,
1.493400E3,,
1.493500E3,,
1.493600E3,,
1.493700E3,,
1.493800E3,,
1.493900E3,,
1.494000E3,-3.960209E-2,-6.122333E-2
1.494100E3,,
1.494200E3,,
1.494300E3,,
1.494400E3,,
1.494500E3,,
1.494600E3,,
1.494700E3,,
1.494800E3,,
1.494900E3,,
1.495000E3,-3.960209E-2,-6.121591E-2
1.495100E3,,
1.495200E3,,
1.495300E3,,
1.495400E3,,
1.495500E3,,
1.495600E3,,
1.495700E3,,
1.495800E3,,
1.495900E3,,
1.496000E3,-3.960209E-2,-6.133030E-2
1.496100E3,,
1.496200E3,,
1.496300E3,,
1.496400E3,,
1.496500E3,,
1.496600E3,,
1.496700E3,,
1.496800E3,,
1.496900E3,,
1.497000E3,-3.960209E-2,-6.127833E-2
1.497100E3,,
1.497200E3,,
1.497300E3,,
1.497400E3,,
1.497500E3,,
1.497600E3,,
1.497700E3,,
1.497800E3,,
1.497900E3,,
1.498000E3,-3.960209E-2,-6.124480E-2
1.498100E3,,
1.498200E3,,
1.498300E3,,
1.498400E3,,
1.498500E3,,
1.498600E3,,
1.498700E3,,
1.498800E3,,
1.498900E3,,
1.499000E3,-3.960209E-2,-6.127270E-2
1.499100E3,,
1.499200E3,,
1.499300E3,,
1.499400E3,,
1.499500E3,,
1.499600E3,,
1.499700E3,,
1.499800E3,,
1.499900E3,,
1.500000E3,-3.960209E-2,-6.126388E-2
1.500100E3,,
1.500200E3,,
1.500300E3,,
1.500400E3,,
1.500500E3,,
1.500600E3,,
1.500700E3,,
1.500800E3,,
1.500900E3,,
1.501000E3,-3.960209E-2,-6.124221E-2
1.501100E3,,
1.501200E3,,
1.501300E3,,
1.501400E3,,
1.501500E3,,
1.501600E3,,
1.501700E3,,
1.501800E3,,
1.501900E3,,
1.502000E3,-3.960209E-2,-6.132112E-2
1.502100E3,,
1.502200E3,,
1.502300E3,,
1.502400E3,,
1.502500E3,,
1.502600E3,,
1.502700E3,,
1.502800E3,,
1.502900E3,,
1.503000E3,-3.960209E-2,-6.124733E-2
1.503100E3,,
1.503200E3,,
1.503300E3,,
1.503400E3,,
1.503500E3,,
1.503600E3,,
1.503700E3,,
1.503800E3,,
1.503900E3,,
1.504000E3,-3.960209E-2,-6.125476E-2
1.504100E3,,
1.504200E3,,
1.504300E3,,
1.504400E3,,
1.504500E3,,
1.504600E3,,
1.504700E3,,
1.504800E3,,
1.504900E3,,
1.505000E3,-3.960209E-2,-6.129643E-2
1.505100E3,,
1.505200E3,,
1.505300E3,,
1.505400E3,,
1.505500E3,,
1.505600E3,,
1.505700E3,,
1.505800E3,,
1.505900E3,,
1.506000E3,-3.960209E-2,-6.127378E-2
1.506100E3,,
1.506200E3,,
1.506300E3,,
1.506400E3,,
1.506500E3,,
1.506600E3,,
1.506700E3,,
1.506800E3,,
1.506900E3,,
1.507000E3,-3.960209E-2,-6.125792E-2
1.507100E3,,
1.507200E3,,
1.507300E3,,
1.507400E3,,
1.507500E3,,
1.507600E3,,
1.507700E3,,
1.507800E3,,
1.507900E3,,
1.508000E3,-3.960209E-2,-6.126018E-2
1.508100E3,,
1.508200E3,,
1.508300E3,,
1.508400E3,,
1.508500E3,,
1.508600E3,,
1.508700E3,,
1.508800E3,,
1.508900E3,,
1.509000E3,-3.960209E-2,-6.127457E-2
1.509100E3,,
1.509200E3,,
1.509300E3,,
1.509400E3,,
1.509500E3,,
1.509600E3,,
1.509700E3,,
1.509800E3,,
1.509900E3,,
1.510000E3,-3.960209E-2,-6.127288E-2
1.510100E3,,
1.510200E3,,
1.510300E3,,
1.510400E3,,
1.510500E3,,
1.510600E3,,
1.510700E3,,
1.510800E3,,
1.510900E3,,
1.511000E3,-3.960209E-2,-6.131577E-2
1.511100E3,,
1.511200E3,,
1.511300E3,,
1.511400E3,,
1.511500E3,,
1.511600E3,,
1.511700E3,,
1.511800E3,,
1.511900E3,,
1.512000E3,-3.960209E-2,-6.125594E-2
1.512100E3,,
1.512200E3,,
1.512300E3,,
1.512400E3,,
1.512500E3,,
1.512600E3,,
1.512700E3,,
1.512800E3,,
1.512900E3,,
1.513000E3,-3.960209E-2,-6.128303E-2
1.513100E3,,
1.513200E3,,
1.513300E3,,
1.513400E3,,
1.513500E3,,
1.513600E3,,
1.513700E3,,
1.513800E3,,
1.513900E3,,
1.514000E3,-3.960209E-2,-6.121993E-2
1.514100E3,,
1.514200E3,,
1.514300E3,,
1.514400E3,,
1.514500E3,,
1.514600E3,,
1.514700E3,,
1.514800E3,,
1.514900E3,,
1.515000E3,-3.960209E-2,-6.128732E-2
1.515100E3,,
1.515200E3,,
1.515300E3,,
1.515400E3,,
1.515500E3,,
1.515600E3,,
1.515700E3,,
1.515800E3,,
1.515900E3,,
1.516000E3,-3.960209E-2,-6.130115E-2
1.516100E3,,
1.516200E3,,
1.516300E3,,
1.516400E3,,
1.516500E3,,
1.516600E3,,
1.516700E3,,
1.516800E3,,
1.516900E3,,
1.517000E3,-3.960209E-2,-6.128735E-2
1.517100E3,,
1.517200E3,,
1.517300E3,,
1.517400E3,,
1.517500E3,,
1.517600E3,,
1.517700E3,,
1.517800E3,,
1.517900E3,,
1.518000E3,-3.960209E-2,-6.122874E-2
1.518100E3,,
1.518200E3,,
1.518300E3,,
1.518400E3,,
1.518500E3,,
1.518600E3,,
1.518700E3,,
1.518800E3,,
1.518900E3,,
1.519000E3,-3.960209E-2,-6.118875E-2
1.519100E3,,
1.519200E3,,
1.519300E3,,
1.519400E3,,
1.519500E3,,
1.519600E3,,
1.519700E3,,
1.519800E3,,
1.519900E3,,
1.520000E3,-3.960209E-2,-6.128235E-2
1.520100E3,,
1.520200E3,,
1.520300E3,,
1.520400E3,,
1.520500E3,,
1.520600E3,,
1.520700E3,,
1.520800E3,,
1.520900E3,,
1.521000E3,-3.960209E-2,-6.123314E-2
1.521100E3,,
1.521200E3,,
1.521300E3,,
1.521400E3,,
1.521500E3,,
1.521600E3,,
1.521700E3,,
1.521800E3,,
1.521900E3,,
1.522000E3,-3.960209E-2,-6.127672E-2
1.522100E3,,
1.522200E3,,
1.522300E3,,
1.522400E3,,
1.522500E3,,
1.522600E3,,
1.522700E3,,
1.522800E3,,
1.522900E3,,
1.523000E3,-3.960209E-2,-6.126560E-2
1.523100E3,,
1.523200E3,,
1.523300E3,,
1.523400E3,,
1.523500E3,,
1.523600E3,,
1.523700E3,,
1.523800E3,,
1.523900E3,,
1.524000E3,-3.960209E-2,-6.126098E-2
1.524100E3,,
1.524200E3,,
1.524300E3,,
1.524400E3,,
1.524500E3,,
1.524600E3,,
1.524700E3,,
1.524800E3,,
1.524900E3,,
1.525000E3,-3.960209E-2,-6.126787E-2
1.525100E3,,
1.525200E3,,
1.525300E3,,
1.525400E3,,
1.525500E3,,
1.525600E3,,
1.525700E3,,
1.525800E3,,
1.525900E3,,
1.526000E3,-3.960209E-2,-6.128425E-2
1.526100E3,,
1.526200E3,,
1.526300E3,,
1.526400E3,,
1.526500E3,,
1.526600E3,,
1.526700E3,,
1.526800E3,,
1.526900E3,,
1.527000E3,-3.960209E-2,-6.121445E-2
1.527100E3,,
1.527200E3,,
1.527300E3,,
1.527400E3,,
1.527500E3,,
1.527600E3,,
1.527700E3,,
1.527800E3,,
1.527900E3,,
1.528000E3,-3.960209E-2,-6.128551E-2
1.528100E3,,
1.528200E3,,
1.528300E3,,
1.528400E3,,
1.528500E3,,
1.528600E3,,
1.528700E3,,
1.528800E3,,
1.528900E3,,
1.529000E3,-3.960209E-2,-6.129496E-2
1.529100E3,,
1.529200E3,,
1.529300E3,,
1.529400E3,,
1.529500E3,,
1.529600E3,,
1.529700E3,,
1.529800E3,,
1.529900E3,,
1.530000E3,-3.960209E-2,-6.133549E-2
1.530100E3,,
1.530200E3,,
1.530300E3,,
1.530400E3,,
1.530500E3,,
1.530600E3,,
1.530700E3,,
1.530800E3,,
1.530900E3,,
1.531000E3,-3.960209E-2,-6.125196E-2
1.531100E3,,
1.531200E3,,
1.531300E3,,
1.531400E3,,
1.531500E3,,
1.531600E3,,
1.531700E3,,
1.531800E3,,
1.531900E3,,
1.532000E3,-3.960209E-2,-6.125671E-2
1.532100E3,,
1.532200E3,,
1.532300E3,,
1.532400E3,,
1.532500E3,,
1.532600E3,,
1.532700E3,,
1.532800E3,,
1.532900E3,,
1.533000E3,-3.960209E-2,-6.127510E-2
1.533100E3,,
1.533200E3,,
1.533300E3,,
1.533400E3,,
1.533500E3,,
1.533600E3,,
1.533700E3,,
1.533800E3,,
1.533900E3,,
1.534000E3,-3.960209E-2,-6.121500E-2
1.534100E3,,
1.534200E3,,
1.534300E3,,
1.534400E3,,
1.534500E3,,
1.534600E3,,
1.534700E3,,
1.534800E3,,
1.534900E3,,
1.535000E3,-3.960209E-2,-6.128382E-2
1.535100E3,,
1.535200E3,,
1.535300E3,,
1.535400E3,,
1.535500E3,,
1.535600E3,,
1.535700E3,,
1.535800E3,,
1.535900E3,,
1.536000E3,-3.960209E-2,-6.123718E-2
1.536100E3,,
1.536200E3,,
1.536300E3,,
1.536400E3,,
1.536500E3,,
1.536600E3,,
1.536700E3,,
1.536800E3,,
1.536900E3,,
1.537000E3,-3.960209E-2,-6.125806E-2
1.537100E3,,
1.537200E3,,
1.537300E3,,
1.537400E3,,
1.537500E3,,
1.537600E3,,
1.537700E3,,
1.537800E3,,
1.537900E3,,
1.538000E3,-3.960209E-2,-6.128728E-2
1.538100E3,,
1.538200E3,,
1.538300E3,,
1.538400E3,,
1.538500E3,,
1.538600E3,,
1.538700E3,,
1.538800E3,,
1.538900E3,,
1.539000E3,-3.960209E-2,-6.125859E-2
1.539100E3,,
1.539200E3,,
1.539300E3,,
1.539400E3,,
1.539500E3,,
1.539600E3,,
1.539700E3,,
1.539800E3,,
1.539900E3,,
1.540000E3,-3.960209E-2,-6.127011E-2
1.540100E3,,
1.540200E3,,
1.540300E3,,
1.540400E3,,
1.540500E3,,
1.540600E3,,
1.540700E3,,
1.540800E3,,
1.540900E3,,
1.541000E3,-3.960209E-2,-6.124800E-2
1.541100E3,,
1.541200E3,,
1.541300E3,,
1.541400E3,,
1.541500E3,,
1.541600E3,,
1.541700E3,,
1.541800E3,,
1.541900E3,,
1.542000E3,-3.960209E-2,-6.128079E-2
1.542100E3,,
1.542200E3,,
1.542300E3,,
1.542400E3,,
1.542500E3,,
1.542600E3,,
1.542700E3,,
1.542800E3,,
1.542900E3,,
1.543000E3,-3.960209E-2,-6.128119E-2
1.543100E3,,
1.543200E3,,
1.543300E3,,
1.543400E3,,
1.543500E3,,
1.543600E3,,
1.543700E3,,
1.543800E3,,
1.543900E3,,
1.544000E3,-3.960209E-2,-6.122970E-2
1.544100E3,,
1.544200E3,,
1.544300E3,,
1.544400E3,,
1.544500E3,,
1.544600E3,,
1.544700E3,,
1.544800E3,,
1.544900E3,,
1.545000E3,-3.960209E-2,-6.127289E-2
1.545100E3,,
1.545200E3,,
1.545300E3,,
1.545400E3,,
1.545500E3,,
1.545600E3,,
1.545700E3,,
1.545800E3,,
1.545900E3,,
1.546000E3,-3.960209E-2,-6.124450E-2
1.546100E3,,
1.546200E3,,
1.546300E3,,
1.546400E3,,
1.546500E3,,
1.546600E3,,
1.546700E3,,
1.546800E3,,
1.546900E3,,
1.547000E3,-3.960209E-2,-6.126355E-2
1.547100E3,,
1.547200E3,,
1.547300E3,,
1.547400E3,,
1.547500E3,,
1.547600E3,,
1.547700E3,,
1.547800E3,,
1.547900E3,,
1.548000E3,-3.960209E-2,-6.131622E-2
1.548100E3,,
1.548200E3,,
1.548300E3,,
1.548400E3,,
1.548500E3,,
1.548600E3,,
1.548700E3,,
1.548800E3,,
1.548900E3,,
1.549000E3,-3.960209E-2,-6.126576E-2
1.549100E3,,
1.549200E3,,
1.549300E3,,
1.549400E3,,
1.549500E3,,
1.549600E3,,
1.549700E3,,
1.549800E3,,
1.549900E3,,
1.550000E3,-3.960209E-2,-6.125887E-2
1.550100E3,,
1.550200E3,,
1.550300E3,,
1.550400E3,,
1.550500E3,,
1.550600E3,,
1.550700E3,,
1.550800E3,,
1.550900E3,,
1.551000E3,-3.960209E-2,-6.123416E-2
1.551100E3,,
1.551200E3,,
1.551300E3,,
1.551400E3,,
1.551500E3,,
1.551600E3,,
1.551700E3,,
1.551800E3,,
1.551900E3,,
1.552000E3,-3.960209E-2,-6.124038E-2
1.552100E3,,
1.552200E3,,
1.552300E3,,
1.552400E3,,
1.552500E3,,
1.552600E3,,
1.552700E3,,
1.552800E3,,
1.552900E3,,
1.553000E3,-3.960209E-2,-6.127905E-2
1.553100E3,,
1.553200E3,,
1.553300E3,,
1.553400E3,,
1.553500E3,,
1.553600E3,,
1.553700E3,,
1.553800E3,,
1.553900E3,,
1.554000E3,-3.960209E-2,-6.125837E-2
1.554100E3,,
1.554200E3,,
1.554300E3,,
1.554400E3,,
1.554500E3,,
1.554600E3,,
1.554700E3,,
1.554800E3,,
1.554900E3,,
1.555000E3,-3.960209E-2,-6.128224E-2
1.555100E3,,
1.555200E3,,
1.555300E3,,
1.555400E3,,
1.555500E3,,
1.555600E3,,
1.555700E3,,
1.555800E3,,
1.555900E3,,
1.556000E3,-3.960209E-2,-6.131217E-2
1.556100E3,,
1.556200E3,,
1.556300E3,,
1.556400E3,,
1.556500E3,,
1.556600E3,,
1.556700E3,,
1.556800E3,,
1.556900E3,,
1.557000E3,-3.960209E-2,-6.130927E-2
1.557100E3,,
1.557200E3,,
1.557300E3,,
1.557400E3,,
1.557500E3,,
1.557600E3,,
1.557700E3,,
1.557800E3,,
1.557900E3,,
1.558000E3,-3.960209E-2,-6.124951E-2
1.558100E3,,
1.558200E3,,
1.558300E3,,
1.558400E3,,
1.558500E3,,
1.558600E3,,
1.558700E3,,
1.558800E3,,
1.558900E3,,
1.559000E3,-3.960209E-2,-6.124728E-2
1.559100E3,,
1.559200E3,,
1.559300E3,,
1.559400E3,,
1.559500E3,,
1.559600E3,,
1.559700E3,,
1.559800E3,,
1.559900E3,,
1.560000E3,-3.960209E-2,-6.123797E-2
1.560100E3,,
1.560200E3,,
1.560300E3,,
1.560400E3,,
1.560500E3,,
1.560600E3,,
1.560700E3,,
1.560800E3,,
1.560900E3,,
1.561000E3,-3.960209E-2,-6.129107E-2
1.561100E3,,
1.561200E3,,
1.561300E3,,
1.561400E3,,
1.561500E3,,
1.561600E3,,
1.561700E3,,
1.561800E3,,
1.561900E3,,
1.562000E3,-3.960209E-2,-6.125644E-2
1.562100E3,,
1.562200E3,,
1.562300E3,,
1.562400E3,,
1.562500E3,,
1.562600E3,,
1.562700E3,,
1.562800E3,,
1.562900E3,,
1.563000E3,-3.960209E-2,-6.127615E-2
1.563100E3,,
1.563200E3,,
1.563300E3,,
1.563400E3,,
1.563500E3,,
1.563600E3,,
1.563700E3,,
1.563800E3,,
1.563900E3,,
1.564000E3,-3.960209E-2,-6.128336E-2
1.564100E3,,
1.564200E3,,
1.564300E3,,
1.564400E3,,
1.564500E3,,
1.564600E3,,
1.564700E3,,
1.564800E3,,
1.564900E3,,
1.565000E3,-3.960209E-2,-6.129064E-2
1.565100E3,,
1.565200E3,,
1.565300E3,,
1.565400E3,,
1.565500E3,,
1.565600E3,,
1.565700E3,,
1.565800E3,,
1.565900E3,,
1.566000E3,-3.960209E-2,-6.125716E-2
1.566100E3,,
1.566200E3,,
1.566300E3,,
1.566400E3,,
1.566500E3,,
1.566600E3,,
1.566700E3,,
1.566800E3,,
1.566900E3,,
1.567000E3,-3.960209E-2,-6.128487E-2
1.567100E3,,
1.567200E3,,
1.567300E3,,
1.567400E3,,
1.567500E3,,
1.567600E3,,
1.567700E3,,
1.567800E3,,
1.567900E3,,
1.568000E3,-3.960209E-2,-6.124034E-2
1.568100E3,,
1.568200E3,,
1.568300E3,,
1.568400E3,,
1.568500E3,,
1.568600E3,,
1.568700E3,,
1.568800E3,,
1.568900E3,,
1.569000E3,-3.960209E-2,-6.125125E-2
1.569100E3,,
1.569200E3,,
1.569300E3,,
1.569400E3,,
1.569500E3,,
1.569600E3,,
1.569700E3,,
1.569800E3,,
1.569900E3,,
1.570000E3,-3.960209E-2,-6.124645E-2
1.570100E3,,
1.570200E3,,
1.570300E3,,
1.570400E3,,
1.570500E3,,
1.570600E3,,
1.570700E3,,
1.570800E3,,
1.570900E3,,
1.571000E3,-3.960209E-2,-6.126887E-2
1.571100E3,,
1.571200E3,,
1.571300E3,,
1.571400E3,,
1.571500E3,,
1.571600E3,,
1.571700E3,,
1.571800E3,,
1.571900E3,,
1.572000E3,-3.960209E-2,-6.122575E-2
1.572100E3,,
1.572200E3,,
1.572300E3,,
1.572400E3,,
1.572500E3,,
1.572600E3,,
1.572700E3,,
1.572800E3,,
1.572900E3,,
1.573000E3,-3.960209E-2,-6.127017E-2
1.573100E3,,
1.573200E3,,
1.573300E3,,
1.573400E3,,
1.573500E3,,
1.573600E3,,
1.573700E3,,
1.573800E3,,
1.573900E3,,
1.574000E3,-3.960209E-2,-6.126366E-2
1.574100E3,,
1.574200E3,,
1.574300E3,,
1.574400E3,,
1.574500E3,,
1.574600E3,,
1.574700E3,,
1.574800E3,,
1.574900E3,,
1.575000E3,-3.960209E-2,-6.126664E-2
1.575100E3,,
1.575200E3,,
1.575300E3,,
1.575400E3,,
1.575500E3,,
1.575600E3,,
1.575700E3,,
1.575800E3,,
1.575900E3,,
1.576000E3,-3.960209E-2,-6.125455E-2
1.576100E3,,
1.576200E3,,
1.576300E3,,
1.576400E3,,
1.576500E3,,
1.576600E3,,
1.576700E3,,
1.576800E3,,
1.576900E3,,
1.577000E3,-3.960209E-2,-6.126120E-2
1.577100E3,,
1.577200E3,,
1.577300E3,,
1.577400E3,,
1.577500E3,,
1.577600E3,,
1.577700E3,,
1.577800E3,,
1.577900E3,,
1.578000E3,-3.960209E-2,-6.119359E-2
1.578100E3,,
1.578200E3,,
1.578300E3,,
1.578400E3,,
1.578500E3,,
1.578600E3,,
1.578700E3,,
1.578800E3,,
1.578900E3,,
1.579000E3,-3.960209E-2,-6.129695E-2
1.579100E3,,
1.579200E3,,
1.579300E3,,
1.579400E3,,
1.579500E3,,
1.579600E3,,
1.579700E3,,
1.579800E3,,
1.579900E3,,
1.580000E3,-3.960209E-2,-6.126984E-2
1.580100E3,,
1.580200E3,,
1.580300E3,,
1.580400E3,,
1.580500E3,,
1.580600E3,,
1.580700E3,,
1.580800E3,,
1.580900E3,,
1.581000E3,-3.960209E-2,-6.125873E-2
1.581100E3,,
1.581200E3,,
1.581300E3,,
1.581400E3,,
1.581500E3,,
1.581600E3,,
1.581700E3,,
1.581800E3,,
1.581900E3,,
1.582000E3,-3.960209E-2,-6.128568E-2
1.582100E3,,
1.582200E3,,
1.582300E3,,
1.582400E3,,
1.582500E3,,
1.582600E3,,
1.582700E3,,
1.582800E3,,
1.582900E3,,
1.583000E3,-3.960209E-2,-6.121897E-2
1.583100E3,,
1.583200E3,,
1.583300E3,,
1.583400E3,,
1.583500E3,,
1.583600E3,,
1.583700E3,,
1.583800E3,,
1.583900E3,,
1.584000E3,-3.960209E-2,-6.130741E-2
1.584100E3,,
1.584200E3,,
1.584300E3,,
1.584400E3,,
1.584500E3,,
1.584600E3,,
1.584700E3,,
1.584800E3,,
1.584900E3,,
1.585000E3,-3.960209E-2,-6.124781E-2
1.585100E3,,
1.585200E3,,
1.585300E3,,
1.585400E3,,
1.585500E3,,
1.585600E3,,
1.585700E3,,
1.585800E3,,
1.585900E3,,
1.586000E3,-3.960209E-2,-6.122968E-2
1.586100E3,,
1.586200E3,,
1.586300E3,,
1.586400E3,,
1.586500E3,,
1.586600E3,,
1.586700E3,,
1.586800E3,,
1.586900E3,,
1.587000E3,-3.960209E-2,-6.129839E-2
1.587100E3,,
1.587200E3,,
1.587300E3,,
1.587400E3,,
1.587500E3,,
1.587600E3,,
1.587700E3,,
1.587800E3,,
1.587900E3,,
1.588000E3,-3.960209E-2,-6.125359E-2
1.588100E3,,
1.588200E3,,
1.588300E3,,
1.588400E3,,
1.588500E3,,
1.588600E3,,
1.588700E3,,
1.588800E3,,
1.588900E3,,
1.589000E3,-3.960209E-2,-6.129718E-2
1.589100E3,,
1.589200E3,,
1.589300E3,,
1.589400E3,,
1.589500E3,,
1.589600E3,,
1.589700E3,,
1.589800E3,,
1.589900E3,,
1.590000E3,-3.960209E-2,-6.126421E-2
1.590100E3,,
1.590200E3,,
1.590300E3,,
1.590400E3,,
1.590500E3,,
1.590600E3,,
1.590700E3,,
1.590800E3,,
1.590900E3,,
1.591000E3,-3.960209E-2,-6.125226E-2
1.591100E3,,
1.591200E3,,
1.591300E3,,
1.591400E3,,
1.591500E3,,
1.591600E3,,
1.591700E3,,
1.591800E3,,
1.591900E3,,
1.592000E3,-3.960209E-2,-6.124489E-2
1.592100E3,,
1.592200E3,,
1.592300E3,,
1.592400E3,,
1.592500E3,,
1.592600E3,,
1.592700E3,,
1.592800E3,,
1.592900E3,,
1.593000E3,-3.960209E-2,-6.127942E-2
1.593100E3,,
1.593200E3,,
1.593300E3,,
1.593400E3,,
1.593500E3,,
1.593600E3,,
1.593700E3,,
1.593800E3,,
1.593900E3,,
1.594000E3,-3.960209E-2,-6.127511E-2
1.594100E3,,
1.594200E3,,
1.594300E3,,
1.594400E3,,
1.594500E3,,
1.594600E3,,
1.594700E3,,
1.594800E3,,
1.594900E3,,
1.595000E3,-3.960209E-2,-6.126915E-2
1.595100E3,,
1.595200E3,,
1.595300E3,,
1.595400E3,,
1.595500E3,,
1.595600E3,,
1.595700E3,,
1.595800E3,,
1.595900E3,,
1.596000E3,-3.960209E-2,-6.123170E-2
1.596100E3,,
1.596200E3,,
1.596300E3,,
1.596400E3,,
1.596500E3,,
1.596600E3,,
1.596700E3,,
1.596800E3,,
1.596900E3,,
1.597000E3,-3.960209E-2,-6.124423E-2
1.597100E3,,
1.597200E3,,
1.597300E3,,
1.597400E3,,
1.597500E3,,
1.597600E3,,
1.597700E3,,
1.597800E3,,
1.597900E3,,
1.598000E3,-3.960209E-2,-6.128683E-2
1.598100E3,,
1.598200E3,,
1.598300E3,,
1.598400E3,,
1.598500E3,,
1.598600E3,,
1.598700E3,,
1.598800E3,,
1.598900E3,,
1.599000E3,-3.960209E-2,-6.134650E-2
1.599100E3,,
1.599200E3,,
1.599300E3,,
1.599400E3,,
1.599500E3,,
1.599600E3,,
1.599700E3,,
1.599800E3,,
1.599900E3,,
1.600000E3,-3.960209E-2,-6.130164E-2
1.600100E3,,
1.600200E3,,
1.600300E3,,
1.600400E3,,
1.600500E3,,
1.600600E3,,
1.600700E3,,
1.600800E3,,
1.600900E3,,
1.601000E3,-3.960209E-2,-6.121774E-2
1.601100E3,,
1.601200E3,,
1.601300E3,,
1.601400E3,,
1.601500E3,,
1.601600E3,,
1.601700E3,,
1.601800E3,,
1.601900E3,,
1.602000E3,-3.960209E-2,-6.124702E-2
1.602100E3,,
1.602200E3,,
1.602300E3,,
1.602400E3,,
1.602500E3,,
1.602600E3,,
1.602700E3,,
1.602800E3,,
1.602900E3,,
1.603000E3,-3.960209E-2,-6.124293E-2
1.603100E3,,
1.603200E3,,
1.603300E3,,
1.603400E3,,
1.603500E3,,
1.603600E3,,
1.603700E3,,
1.603800E3,,
1.603900E3,,
1.604000E3,-3.960209E-2,-6.126608E-2
1.604100E3,,
1.604200E3,,
1.604300E3,,
1.604400E3,,
1.604500E3,,
1.604600E3,,
1.604700E3,,
1.604800E3,,
1.604900E3,,
1.605000E3,-3.960209E-2,-6.128403E-2
1.605100E3,,
1.605200E3,,
1.605300E3,,
1.605400E3,,
1.605500E3,,
1.605600E3,,
1.605700E3,,
1.605800E3,,
1.605900E3,,
1.606000E3,-3.960209E-2,-6.126663E-2
1.606100E3,,
1.606200E3,,
1.606300E3,,
1.606400E3,,
1.606500E3,,
1.606600E3,,
1.606700E3,,
1.606800E3,,
1.606900E3,,
1.607000E3,-3.960209E-2,-6.121440E-2
1.607100E3,,
1.607200E3,,
1.607300E3,,
1.607400E3,,
1.607500E3,,
1.607600E3,,
1.607700E3,,
1.607800E3,,
1.607900E3,,
1.608000E3,-3.960209E-2,-6.128871E-2
1.608100E3,,
1.608200E3,,
1.608300E3,,
1.608400E3,,
1.608500E3,,
1.608600E3,,
1.608700E3,,
1.608800E3,,
1.608900E3,,
1.609000E3,-3.960209E-2,-6.127757E-2
1.609100E3,,
1.609200E3,,
1.609300E3,,
1.609400E3,,
1.609500E3,,
1.609600E3,,
1.609700E3,,
1.609800E3,,
1.609900E3,,
1.610000E3,-3.960209E-2,-6.128134E-2
1.610100E3,,
1.610200E3,,
1.610300E3,,
1.610400E3,,
1.610500E3,,
1.610600E3,,
1.610700E3,,
1.610800E3,,
1.610900E3,,
1.611000E3,-3.960209E-2,-6.126109E-2
1.611100E3,,
1.611200E3,,
1.611300E3,,
1.611400E3,,
1.611500E3,,
1.611600E3,,
1.611700E3,,
1.611800E3,,
1.611900E3,,
1.612000E3,-3.960209E-2,-6.135551E-2
1.612100E3,,
1.612200E3,,
1.612300E3,,
1.612400E3,,
1.612500E3,,
1.612600E3,,
1.612700E3,,
1.612800E3,,
1.612900E3,,
1.613000E3,-3.960209E-2,-6.011696E-2
1.613100E3,,
1.613200E3,,
1.613300E3,,
1.613400E3,,
1.613500E3,,
1.613600E3,,
1.613700E3,,
1.613800E3,,
1.613900E3,,
1.614000E3,-3.960209E-2,-6.013094E-2
1.614100E3,,
1.614200E3,,
1.614300E3,,
1.614400E3,,
1.614500E3,,
1.614600E3,,
1.614700E3,,
1.614800E3,,
1.614900E3,,
1.615000E3,-3.960209E-2,-6.018288E-2
1.615100E3,,
1.615200E3,,
1.615300E3,,
1.615400E3,,
1.615500E3,,
1.615600E3,,
1.615700E3,,
1.615800E3,,
1.615900E3,,
1.616000E3,-3.960209E-2,-6.017586E-2
1.616100E3,,
1.616200E3,,
1.616300E3,,
1.616400E3,,
1.616500E3,,
1.616600E3,,
1.616700E3,,
1.616800E3,,
1.616900E3,,
1.617000E3,-3.960209E-2,-6.023829E-2
1.617100E3,,
1.617200E3,,
1.617300E3,,
1.617400E3,,
1.617500E3,,
1.617600E3,,
1.617700E3,,
1.617800E3,,
1.617900E3,,
1.618000E3,-3.960209E-2,-6.015744E-2
1.618100E3,,
1.618200E3,,
1.618300E3,,
1.618400E3,,
1.618500E3,,
1.618600E3,,
1.618700E3,,
1.618800E3,,
1.618900E3,,
1.619000E3,-3.960209E-2,-6.031636E-2
1.619100E3,,
1.619200E3,,
1.619300E3,,
1.619400E3,,
1.619500E3,,
1.619600E3,,
1.619700E3,,
1.619800E3,,
1.619900E3,,
1.620000E3,-3.960209E-2,-6.011583E-2
1.620100E3,,
1.620200E3,,
1.620300E3,,
1.620400E3,,
1.620500E3,,
1.620600E3,,
1.620700E3,,
1.620800E3,,
1.620900E3,,
1.621000E3,-3.960209E-2,-6.011939E-2
1.621100E3,,
1.621200E3,,
1.621300E3,,
1.621400E3,,
1.621500E3,,
1.621600E3,,
1.621700E3,,
1.621800E3,,
1.621900E3,,
1.622000E3,-3.960209E-2,-6.016409E-2
1.622100E3,,
1.622200E3,,
1.622300E3,,
1.622400E3,,
1.622500E3,,
1.622600E3,,
1.622700E3,,
1.622800E3,,
1.622900E3,,
1.623000E3,-3.960209E-2,-5.998848E-2
1.623100E3,,
1.623200E3,,
1.623300E3,,
1.623400E3,,
1.623500E3,,
1.623600E3,,
1.623700E3,,
1.623800E3,,
1.623900E3,,
1.624000E3,-3.960209E-2,-5.941520E-2
1.624100E3,,
1.624200E3,,
1.624300E3,,
1.624400E3,,
1.624500E3,,
1.624600E3,,
1.624700E3,,
1.624800E3,,
1.624900E3,,
1.625000E3,-3.960209E-2,-5.937799E-2
1.625100E3,,
1.625200E3,,
1.625300E3,,
1.625400E3,,
1.625500E3,,
1.625600E3,,
1.625700E3,,
1.625800E3,,
1.625900E3,,
1.626000E3,-3.960209E-2,-5.935752E-2
1.626100E3,,
1.626200E3,,
1.626300E3,,
1.626400E3,,
1.626500E3,,
1.626600E3,,
1.626700E3,,
1.626800E3,,
1.626900E3,,
1.627000E3,-3.960209E-2,-5.948500E-2
1.627100E3,,
1.627200E3,,
1.627300E3,,
1.627400E3,,
1.627500E3,,
1.627600E3,,
1.627700E3,,
1.627800E3,,
1.627900E3,,
1.628000E3,-3.960209E-2,-5.949390E-2
1.628100E3,,
1.628200E3,,
1.628300E3,,
1.628400E3,,
1.628500E3,,
1.628600E3,,
1.628700E3,,
1.628800E3,,
1.628900E3,,
1.629000E3,-3.960209E-2,-5.955417E-2
1.629100E3,,
1.629200E3,,
1.629300E3,,
1.629400E3,,
1.629500E3,,
1.629600E3,,
1.629700E3,,
1.629800E3,,
1.629900E3,,
1.630000E3,-3.960209E-2,-5.936775E-2
1.630100E3,,
1.630200E3,,
1.630300E3,,
1.630400E3,,
1.630500E3,,
1.630600E3,,
1.630700E3,,
1.630800E3,,
1.630900E3,,
1.631000E3,-3.960209E-2,-5.940825E-2
1.631100E3,,
1.631200E3,,
1.631300E3,,
1.631400E3,,
1.631500E3,,
1.631600E3,,
1.631700E3,,
1.631800E3,,
1.631900E3,,
1.632000E3,-3.960209E-2,-5.935641E-2
1.632100E3,,
1.632200E3,,
1.632300E3,,
1.632400E3,,
1.632500E3,,
1.632600E3,,
1.632700E3,,
1.632800E3,,
1.632900E3,,
1.633000E3,-3.960209E-2,-5.939887E-2
1.633100E3,,
1.633200E3,,
1.633300E3,,
1.633400E3,,
1.633500E3,,
1.633600E3,,
1.633700E3,,
1.633800E3,,
1.633900E3,,
1.634000E3,-3.960209E-2,-5.941901E-2
1.634100E3,,
1.634200E3,,
1.634300E3,,
1.634400E3,,
1.634500E3,,
1.634600E3,,
1.634700E3,,
1.634800E3,,
1.634900E3,,
1.635000E3,-3.960209E-2,-5.936924E-2
1.635100E3,,
1.635200E3,,
1.635300E3,,
1.635400E3,,
1.635500E3,,
1.635600E3,,
1.635700E3,,
1.635800E3,,
1.635900E3,,
1.636000E3,-3.960209E-2,-5.941906E-2
1.636100E3,,
1.636200E3,,
1.636300E3,,
1.636400E3,,
1.636500E3,,
1.636600E3,,
1.636700E3,,
1.636800E3,,
1.636900E3,,
1.637000E3,-3.960209E-2,-5.940772E-2
1.637100E3,,
1.637200E3,,
1.637300E3,,
1.637400E3,,
1.637500E3,,
1.637600E3,,
1.637700E3,,
1.637800E3,,
1.637900E3,,
1.638000E3,-3.960209E-2,-5.940831E-2
1.638100E3,,
1.638200E3,,
1.638300E3,,
1.638400E3,,
1.638500E3,,
1.638600E3,,
1.638700E3,,
1.638800E3,,
1.638900E3,,
1.639000E3,-3.960209E-2,-5.937812E-2
1.639100E3,,
1.639200E3,,
1.639300E3,,
1.639400E3,,
1.639500E3,,
1.639600E3,,
1.639700E3,,
1.639800E3,,
1.639900E3,,
1.640000E3,-3.960209E-2,-5.941819E-2
1.640100E3,,
1.640200E3,,
1.640300E3,,
1.640400E3,,
1.640500E3,,
1.640600E3,,
1.640700E3,,
1.640800E3,,
1.640900E3,,
1.641000E3,-3.960209E-2,-5.939213E-2
1.641100E3,,
1.641200E3,,
1.641300E3,,
1.641400E3,,
1.641500E3,,
1.641600E3,,
1.641700E3,,
1.641800E3,,
1.641900E3,,
1.642000E3,-3.960209E-2,-5.938758E-2
1.642100E3,,
1.642200E3,,
1.642300E3,,
1.642400E3,,
1.642500E3,,
1.642600E3,,
1.642700E3,,
1.642800E3,,
1.642900E3,,
1.643000E3,-3.960209E-2,-5.942110E-2
1.643100E3,,
1.643200E3,,
1.643300E3,,
1.643400E3,,
1.643500E3,,
1.643600E3,,
1.643700E3,,
1.643800E3,,
1.643900E3,,
1.644000E3,-3.960209E-2,-5.938200E-2
1.644100E3,,
1.644200E3,,
1.644300E3,,
1.644400E3,,
1.644500E3,,
1.644600E3,,
1.644700E3,,
1.644800E3,,
1.644900E3,,
1.645000E3,-3.960209E-2,-5.936826E-2
1.645100E3,,
1.645200E3,,
1.645300E3,,
1.645400E3,,
1.645500E3,,
1.645600E3,,
1.645700E3,,
1.645800E3,,
1.645900E3,,
1.646000E3,-3.960209E-2,-5.934052E-2
1.646100E3,,
1.646200E3,,
1.646300E3,,
1.646400E3,,
1.646500E3,,
1.646600E3,,
1.646700E3,,
1.646800E3,,
1.646900E3,,
1.647000E3,-3.960209E-2,-5.949941E-2
1.647100E3,,
1.647200E3,,
1.647300E3,,
1.647400E3,,
1.647500E3,,
1.647600E3,,
1.647700E3,,
1.647800E3,,
1.647900E3,,
1.648000E3,-3.960209E-2,-5.939537E-2
1.648100E3,,
1.648200E3,,
1.648300E3,,
1.648400E3,,
1.648500E3,,
1.648600E3,,
1.648700E3,,
1.648800E3,,
1.648900E3,,
1.649000E3,-3.960209E-2,-5.939799E-2
1.649100E3,,
1.649200E3,,
1.649300E3,,
1.649400E3,,
1.649500E3,,
1.649600E3,,
1.649700E3,,
1.649800E3,,
1.649900E3,,
1.650000E3,-3.960209E-2,-5.942536E-2
1.650100E3,,
1.650200E3,,
1.650300E3,,
1.650400E3,,
1.650500E3,,
1.650600E3,,
1.650700E3,,
1.650800E3,,
1.650900E3,,
1.651000E3,-3.960209E-2,-5.936397E-2
1.651100E3,,
1.651200E3,,
1.651300E3,,
1.651400E3,,
1.651500E3,,
1.651600E3,,
1.651700E3,,
1.651800E3,,
1.651900E3,,
1.652000E3,-3.960209E-2,-5.939124E-2
1.652100E3,,
1.652200E3,,
1.652300E3,,
1.652400E3,,
1.652500E3,,
1.652600E3,,
1.652700E3,,
1.652800E3,,
1.652900E3,,
1.653000E3,-3.960209E-2,-5.940050E-2
1.653100E3,,
1.653200E3,,
1.653300E3,,
1.653400E3,,
1.653500E3,,
1.653600E3,,
1.653700E3,,
1.653800E3,,
1.653900E3,,
1.654000E3,-3.960209E-2,-6.058480E-2
1.654100E3,,
1.654200E3,,
1.654300E3,,
1.654400E3,,
1.654500E3,,
1.654600E3,,
1.654700E3,,
1.654800E3,,
1.654900E3,,
1.655000E3,-3.960209E-2,-6.081871E-2
1.655100E3,,
1.655200E3,,
1.655300E3,,
1.655400E3,,
1.655500E3,,
1.655600E3,,
1.655700E3,,
1.655800E3,,
1.655900E3,,
1.656000E3,-3.960209E-2,-5.938067E-2
1.656100E3,,
1.656200E3,,
1.656300E3,,
1.656400E3,,
1.656500E3,,
1.656600E3,,
1.656700E3,,
1.656800E3,,
1.656900E3,,
1.657000E3,-3.960209E-2,-5.941026E-2
1.657100E3,,
1.657200E3,,
1.657300E3,,
1.657400E3,,
1.657500E3,,
1.657600E3,,
1.657700E3,,
1.657800E3,,
1.657900E3,,
1.658000E3,-3.960209E-2,-5.934833E-2
1.658100E3,,
1.658200E3,,
1.658300E3,,
1.658400E3,,
1.658500E3,,
1.658600E3,,
1.658700E3,,
1.658800E3,,
1.658900E3,,
1.659000E3,-3.960209E-2,-5.939804E-2
1.659100E3,,
1.659200E3,,
1.659300E3,,
1.659400E3,,
1.659500E3,,
1.659600E3,,
1.659700E3,,
1.659800E3,,
1.659900E3,,
1.660000E3,-3.960209E-2,-5.937110E-2
1.660100E3,,
1.660200E3,,
1.660300E3,,
1.660400E3,,
1.660500E3,,
1.660600E3,,
1.660700E3,,
1.660800E3,,
1.660900E3,,
1.661000E3,-3.960209E-2,-5.939476E-2
1.661100E3,,
1.661200E3,,
1.661300E3,,
1.661400E3,,
1.661500E3,,
1.661600E3,,
1.661700E3,,
1.661800E3,,
1.661900E3,,
1.662000E3,-3.960209E-2,-5.939639E-2
1.662100E3,,
1.662200E3,,
1.662300E3,,
1.662400E3,,
1.662500E3,,
1.662600E3,,
1.662700E3,,
1.662800E3,,
1.662900E3,,
1.663000E3,-3.960209E-2,-5.933908E-2
1.663100E3,,
1.663200E3,,
1.663300E3,,
1.663400E3,,
1.663500E3,,
1.663600E3,,
1.663700E3,,
1.663800E3,,
1.663900E3,,
1.664000E3,-3.960209E-2,-5.934808E-2
1.664100E3,,
1.664200E3,,
1.664300E3,,
1.664400E3,,
1.664500E3,,
1.664600E3,,
1.664700E3,,
1.664800E3,,
1.664900E3,,
1.665000E3,-3.960209E-2,-5.933471E-2
1.665100E3,,
1.665200E3,,
1.665300E3,,
1.665400E3,,
1.665500E3,,
1.665600E3,,
1.665700E3,,
1.665800E3,,
1.665900E3,,
1.666000E3,-3.960209E-2,-5.937186E-2
1.666100E3,,
1.666200E3,,
1.666300E3,,
1.666400E3,,
1.666500E3,,
1.666600E3,,
1.666700E3,,
1.666800E3,,
1.666900E3,,
1.667000E3,-3.960209E-2,-5.946742E-2
1.667100E3,,
1.667200E3,,
1.667300E3,,
1.667400E3,,
1.667500E3,,
1.667600E3,,
1.667700E3,,
1.667800E3,,
1.667900E3,,
1.668000E3,-3.960209E-2,-5.935002E-2
1.668100E3,,
1.668200E3,,
1.668300E3,,
1.668400E3,,
1.668500E3,,
1.668600E3,,
1.668700E3,,
1.668800E3,,
1.668900E3,,
1.669000E3,-3.960209E-2,-5.937879E-2
1.669100E3,,
1.669200E3,,
1.669300E3,,
1.669400E3,,
1.669500E3,,
1.669600E3,,
1.669700E3,,
1.669800E3,,
1.669900E3,,
1.670000E3,-3.960209E-2,-5.938903E-2
1.670100E3,,
1.670200E3,,
1.670300E3,,
1.670400E3,,
1.670500E3,,
1.670600E3,,
1.670700E3,,
1.670800E3,,
1.670900E3,,
1.671000E3,-3.960209E-2,-5.939831E-2
1.671100E3,,
1.671200E3,,
1.671300E3,,
1.671400E3,,
1.671500E3,,
1.671600E3,,
1.671700E3,,
1.671800E3,,
1.671900E3,,
1.672000E3,-3.960209E-2,-5.934725E-2
1.672100E3,,
1.672200E3,,
1.672300E3,,
1.672400E3,,
1.672500E3,,
1.672600E3,,
1.672700E3,,
1.672800E3,,
1.672900E3,,
1.673000E3,-3.960209E-2,-5.939960E-2
1.673100E3,,
1.673200E3,,
1.673300E3,,
1.673400E3,,
1.673500E3,,
1.673600E3,,
1.673700E3,,
1.673800E3,,
1.673900E3,,
1.674000E3,-3.960209E-2,-5.938205E-2
1.674100E3,,
1.674200E3,,
1.674300E3,,
1.674400E3,,
1.674500E3,,
1.674600E3,,
1.674700E3,,
1.674800E3,,
1.674900E3,,
1.675000E3,-3.960209E-2,-5.937981E-2
1.675100E3,,
1.675200E3,,
1.675300E3,,
1.675400E3,,
1.675500E3,,
1.675600E3,,
1.675700E3,,
1.675800E3,,
1.675900E3,,
1.676000E3,-3.960209E-2,-5.938626E-2
1.676100E3,,
1.676200E3,,
1.676300E3,,
1.676400E3,,
1.676500E3,,
1.676600E3,,
1.676700E3,,
1.676800E3,,
1.676900E3,,
1.677000E3,-3.960209E-2,-5.940277E-2
1.677100E3,,
1.677200E3,,
1.677300E3,,
1.677400E3,,
1.677500E3,,
1.677600E3,,
1.677700E3,,
1.677800E3,,
1.677900E3,,
1.678000E3,-3.960209E-2,-5.935053E-2
1.678100E3,,
1.678200E3,,
1.678300E3,,
1.678400E3,,
1.678500E3,,
1.678600E3,,
1.678700E3,,
1.678800E3,,
1.678900E3,,
1.679000E3,-3.960209E-2,-5.937004E-2
1.679100E3,,
1.679200E3,,
1.679300E3,,
1.679400E3,,
1.679500E3,,
1.679600E3,,
1.679700E3,,
1.679800E3,,
1.679900E3,,
1.680000E3,-3.960209E-2,-5.936149E-2
1.680100E3,,
1.680200E3,,
1.680300E3,,
1.680400E3,,
1.680500E3,,
1.680600E3,,
1.680700E3,,
1.680800E3,,
1.680900E3,,
1.681000E3,-3.960209E-2,-5.933223E-2
1.681100E3,,
1.681200E3,,
1.681300E3,,
1.681400E3,,
1.681500E3,,
1.681600E3,,
1.681700E3,,
1.681800E3,,
1.681900E3,,
1.682000E3,-3.960209E-2,-5.939692E-2
1.682100E3,,
1.682200E3,,
1.682300E3,,
1.682400E3,,
1.682500E3,,
1.682600E3,,
1.682700E3,,
1.682800E3,,
1.682900E3,,
1.683000E3,-3.960209E-2,-5.940386E-2
1.683100E3,,
1.683200E3,,
1.683300E3,,
1.683400E3,,
1.683500E3,,
1.683600E3,,
1.683700E3,,
1.683800E3,,
1.683900E3,,
1.684000E3,-3.960209E-2,-5.940529E-2
1.684100E3,,
1.684200E3,,
1.684300E3,,
1.684400E3,,
1.684500E3,,
1.684600E3,,
1.684700E3,,
1.684800E3,,
1.684900E3,,
1.685000E3,-3.960209E-2,-5.941344E-2
1.685100E3,,
1.685200E3,,
1.685300E3,,
1.685400E3,,
1.685500E3,,
1.685600E3,,
1.685700E3,,
1.685800E3,,
1.685900E3,,
1.686000E3,-3.960209E-2,-5.939009E-2
1.686100E3,,
1.686200E3,,
1.686300E3,,
1.686400E3,,
1.686500E3,,
1.686600E3,,
1.686700E3,,
1.686800E3,,
1.686900E3,,
1.687000E3,-3.960209E-2,-5.936317E-2
1.687100E3,,
1.687200E3,,
1.687300E3,,
1.687400E3,,
1.687500E3,,
1.687600E3,,
1.687700E3,,
1.687800E3,,
1.687900E3,,
1.688000E3,-3.960209E-2,-5.936594E-2
1.688100E3,,
1.688200E3,,
1.688300E3,,
1.688400E3,,
1.688500E3,,
1.688600E3,,
1.688700E3,,
1.688800E3,,
1.688900E3,,
1.689000E3,-3.960209E-2,-5.930963E-2
1.689100E3,,
1.689200E3,,
1.689300E3,,
1.689400E3,,
1.689500E3,,
1.689600E3,,
1.689700E3,,
1.689800E3,,
1.689900E3,,
1.690000E3,-3.960209E-2,-5.934683E-2
1.690100E3,,
1.690200E3,,
1.690300E3,,
1.690400E3,,
1.690500E3,,
1.690600E3,,
1.690700E3,,
1.690800E3,,
1.690900E3,,
1.691000E3,-3.960209E-2,-5.939080E-2
1.691100E3,,
1.691200E3,,
1.691300E3,,
1.691400E3,,
1.691500E3,,
1.691600E3,,
1.691700E3,,
1.691800E3,,
1.691900E3,,
1.692000E3,-3.960209E-2,-5.941200E-2
1.692100E3,,
1.692200E3,,
1.692300E3,,
1.692400E3,,
1.692500E3,,
1.692600E3,,
1.692700E3,,
1.692800E3,,
1.692900E3,,
1.693000E3,-3.960209E-2,-5.936786E-2
1.693100E3,,
1.693200E3,,
1.693300E3,,
1.693400E3,,
1.693500E3,,
1.693600E3,,
1.693700E3,,
1.693800E3,,
1.693900E3,,
1.694000E3,-3.960209E-2,-5.936100E-2
1.694100E3,,
1.694200E3,,
1.694300E3,,
1.694400E3,,
1.694500E3,,
1.694600E3,,
1.694700E3,,
1.694800E3,,
1.694900E3,,
1.695000E3,-3.960209E-2,-5.938856E-2
1.695100E3,,
1.695200E3,,
1.695300E3,,
1.695400E3,,
1.695500E3,,
1.695600E3,,
1.695700E3,,
1.695800E3,,
1.695900E3,,
1.696000E3,-3.960209E-2,-5.937678E-2
1.696100E3,,
1.696200E3,,
1.696300E3,,
1.696400E3,,
1.696500E3,,
1.696600E3,,
1.696700E3,,
1.696800E3,,
1.696900E3,,
1.697000E3,-3.960209E-2,-5.928174E-2
1.697100E3,,
1.697200E3,,
1.697300E3,,
1.697400E3,,
1.697500E3,,
1.697600E3,,
1.697700E3,,
1.697800E3,,
1.697900E3,,
1.698000E3,-3.960209E-2,-5.935398E-2
1.698100E3,,
1.698200E3,,
1.698300E3,,
1.698400E3,,
1.698500E3,,
1.698600E3,,
1.698700E3,,
1.698800E3,,
1.698900E3,,
1.699000E3,-3.960209E-2,-5.940896E-2
1.699100E3,,
1.699200E3,,
1.699300E3,,
1.699400E3,,
1.699500E3,,
1.699600E3,,
1.699700E3,,
1.699800E3,,
1.699900E3,,
1.700000E3,-3.960604E-2,-5.941085E-2
1.700100E3,,
1.700200E3,,
1.700300E3,,
1.700400E3,,
1.700500E3,,
1.700600E3,,
1.700700E3,,
1.700800E3,,
1.700900E3,,
1.701000E3,-3.960532E-2,-5.940751E-2
1.701100E3,,
1.701200E3,,
1.701300E3,,
1.701400E3,,
1.701500E3,,
1.701600E3,,
1.701700E3,,
1.701800E3,,
1.701900E3,,
1.702000E3,-3.960483E-2,-5.929460E-2
1.702100E3,,
1.702200E3,,
1.702300E3,,
1.702400E3,,
1.702500E3,,
1.702600E3,,
1.702700E3,,
1.702800E3,,
1.702900E3,,
1.703000E3,-3.960447E-2,-5.938468E-2
1.703100E3,,
1.703200E3,,
1.703300E3,,
1.703400E3,,
1.703500E3,,
1.703600E3,,
1.703700E3,,
1.703800E3,,
1.703900E3,,
1.704000E3,-3.960423E-2,-5.937475E-2
1.704100E3,,
1.704200E3,,
1.704300E3,,
1.704400E3,,
1.704500E3,,
1.704600E3,,
1.704700E3,,
1.704800E3,,
1.704900E3,,
1.705000E3,-3.960398E-2,-5.942412E-2
1.705100E3,,
1.705200E3,,
1.705300E3,,
1.705400E3,,
1.705500E3,,
1.705600E3,,
1.705700E3,,
1.705800E3,,
1.705900E3,,
1.706000E3,-3.960386E-2,-5.933884E-2
1.706100E3,,
1.706200E3,,
1.706300E3,,
1.706400E3,,
1.706500E3,,
1.706600E3,,
1.706700E3,,
1.706800E3,,
1.706900E3,,
1.707000E3,-3.960374E-2,-5.938669E-2
1.707100E3,,
1.707200E3,,
1.707300E3,,
1.707400E3,,
1.707500E3,,
1.707600E3,,
1.707700E3,,
1.707800E3,,
1.707900E3,,
1.708000E3,-3.960374E-2,-5.931788E-2
1.708100E3,,
1.708200E3,,
1.708300E3,,
1.708400E3,,
1.708500E3,,
1.708600E3,,
1.708700E3,,
1.708800E3,,
1.708900E3,,
1.709000E3,-3.960374E-2,-5.937423E-2
1.709100E3,,
1.709200E3,,
1.709300E3,,
1.709400E3,,
1.709500E3,,
1.709600E3,,
1.709700E3,,
1.709800E3,,
1.709900E3,,
1.710000E3,-3.960374E-2,-5.939469E-2
1.710100E3,,
1.710200E3,,
1.710300E3,,
1.710400E3,,
1.710500E3,,
1.710600E3,,
1.710700E3,,
1.710800E3,,
1.710900E3,,
1.711000E3,-3.960374E-2,-5.939742E-2
1.711100E3,,
1.711200E3,,
1.711300E3,,
1.711400E3,,
1.711500E3,,
1.711600E3,,
1.711700E3,,
1.711800E3,,
1.711900E3,,
1.712000E3,-3.960374E-2,-5.937880E-2
1.712100E3,,
1.712200E3,,
1.712300E3,,
1.712400E3,,
1.712500E3,,
1.712600E3,,
1.712700E3,,
1.712800E3,,
1.712900E3,,
1.713000E3,-3.960374E-2,-5.941752E-2
1.713100E3,,
1.713200E3,,
1.713300E3,,
1.713400E3,,
1.713500E3,,
1.713600E3,,
1.713700E3,,
1.713800E3,,
1.713900E3,,
1.714000E3,-3.960374E-2,-5.934839E-2
1.714100E3,,
1.714200E3,,
1.714300E3,,
1.714400E3,,
1.714500E3,,
1.714600E3,,
1.714700E3,,
1.714800E3,,
1.714900E3,,
1.715000E3,-3.960374E-2,-5.943960E-2
1.715100E3,,
1.715200E3,,
1.715300E3,,
1.715400E3,,
1.715500E3,,
1.715600E3,,
1.715700E3,,
1.715800E3,,
1.715900E3,,
1.716000E3,-3.960374E-2,-5.933963E-2
1.716100E3,,
1.716200E3,,
1.716300E3,,
1.716400E3,,
1.716500E3,,
1.716600E3,,
1.716700E3,,
1.716800E3,,
1.716900E3,,
1.717000E3,-3.960374E-2,-5.940318E-2
1.717100E3,,
1.717200E3,,
1.717300E3,,
1.717400E3,,
1.717500E3,,
1.717600E3,,
1.717700E3,,
1.717800E3,,
1.717900E3,,
1.718000E3,-3.960374E-2,-5.931884E-2
1.718100E3,,
1.718200E3,,
1.718300E3,,
1.718400E3,,
1.718500E3,,
1.718600E3,,
1.718700E3,,
1.718800E3,,
1.718900E3,,
1.719000E3,-3.960374E-2,-5.939398E-2
1.719100E3,,
1.719200E3,,
1.719300E3,,
1.719400E3,,
1.719500E3,,
1.719600E3,,
1.719700E3,,
1.719800E3,,
1.719900E3,,
1.720000E3,-3.960374E-2,-5.937305E-2
1.720100E3,,
1.720200E3,,
1.720300E3,,
1.720400E3,,
1.720500E3,,
1.720600E3,,
1.720700E3,,
1.720800E3,,
1.720900E3,,
1.721000E3,-3.960374E-2,-5.935937E-2
1.721100E3,,
1.721200E3,,
1.721300E3,,
1.721400E3,,
1.721500E3,,
1.721600E3,,
1.721700E3,,
1.721800E3,,
1.721900E3,,
1.722000E3,-3.960374E-2,-5.938382E-2
1.722100E3,,
1.722200E3,,
1.722300E3,,
1.722400E3,,
1.722500E3,,
1.722600E3,,
1.722700E3,,
1.722800E3,,
1.722900E3,,
1.723000E3,-3.960374E-2,-5.933875E-2
1.723100E3,,
1.723200E3,,
1.723300E3,,
1.723400E3,,
1.723500E3,,
1.723600E3,,
1.723700E3,,
1.723800E3,,
1.723900E3,,
1.724000E3,-3.960374E-2,-5.941101E-2
1.724100E3,,
1.724200E3,,
1.724300E3,,
1.724400E3,,
1.724500E3,,
1.724600E3,,
1.724700E3,,
1.724800E3,,
1.724900E3,,
1.725000E3,-3.960374E-2,-5.932777E-2
1.725100E3,,
1.725200E3,,
1.725300E3,,
1.725400E3,,
1.725500E3,,
1.725600E3,,
1.725700E3,,
1.725800E3,,
1.725900E3,,
1.726000E3,-3.960374E-2,-5.941213E-2
1.726100E3,,
1.726200E3,,
1.726300E3,,
1.726400E3,,
1.726500E3,,
1.726600E3,,
1.726700E3,,
1.726800E3,,
1.726900E3,,
1.727000E3,-3.960374E-2,-5.937621E-2
1.727100E3,,
1.727200E3,,
1.727300E3,,
1.727400E3,,
1.727500E3,,
1.727600E3,,
1.727700E3,,
1.727800E3,,
1.727900E3,,
1.728000E3,-3.960374E-2,-5.937157E-2
1.728100E3,,
1.728200E3,,
1.728300E3,,
1.728400E3,,
1.728500E3,,
1.728600E3,,
1.728700E3,,
1.728800E3,,
1.728900E3,,
1.729000E3,-3.960374E-2,-5.935850E-2
1.729100E3,,
1.729200E3,,
1.729300E3,,
1.729400E3,,
1.729500E3,,
1.729600E3,,
1.729700E3,,
1.729800E3,,
1.729900E3,,
1.730000E3,-3.960374E-2,-5.936171E-2
1.730100E3,,
1.730200E3,,
1.730300E3,,
1.730400E3,,
1.730500E3,,
1.730600E3,,
1.730700E3,,
1.730800E3,,
1.730900E3,,
1.731000E3,-3.960437E-2,-5.940373E-2
1.731100E3,,
1.731200E3,,
1.731300E3,,
1.731400E3,,
1.731500E3,,
1.731600E3,,
1.731700E3,,
1.731800E3,,
1.731900E3,,
1.732000E3,-3.960425E-2,-5.937112E-2
1.732100E3,,
1.732200E3,,
1.732300E3,,
1.732400E3,,
1.732500E3,,
1.732600E3,,
1.732700E3,,
1.732800E3,,
1.732900E3,,
1.733000E3,-3.960413E-2,-5.937764E-2
1.733100E3,,
1.733200E3,,
1.733300E3,,
1.733400E3,,
1.733500E3,,
1.733600E3,,
1.733700E3,,
1.733800E3,,
1.733900E3,,
1.734000E3,-3.960401E-2,-5.934513E-2
1.734100E3,,
1.734200E3,,
1.734300E3,,
1.734400E3,,
1.734500E3,,
1.734600E3,,
1.734700E3,,
1.734800E3,,
1.734900E3,,
1.735000E3,-3.960401E-2,-5.939225E-2
1.735100E3,,
1.735200E3,,
1.735300E3,,
1.735400E3,,
1.735500E3,,
1.735600E3,,
1.735700E3,,
1.735800E3,,
1.735900E3,,
1.736000E3,-3.960401E-2,-5.939969E-2
1.736100E3,,
1.736200E3,,
1.736300E3,,
1.736400E3,,
1.736500E3,,
1.736600E3,,
1.736700E3,,
1.736800E3,,
1.736900E3,,
1.737000E3,-3.960401E-2,-5.937235E-2
1.737100E3,,
1.737200E3,,
1.737300E3,,
1.737400E3,,
1.737500E3,,
1.737600E3,,
1.737700E3,,
1.737800E3,,
1.737900E3,,
1.738000E3,-3.960401E-2,-5.933993E-2
1.738100E3,,
1.738200E3,,
1.738300E3,,
1.738400E3,,
1.738500E3,,
1.738600E3,,
1.738700E3,,
1.738800E3,,
1.738900E3,,
1.739000E3,-3.960401E-2,-5.943991E-2
1.739100E3,,
1.739200E3,,
1.739300E3,,
1.739400E3,,
1.739500E3,,
1.739600E3,,
1.739700E3,,
1.739800E3,,
1.739900E3,,
1.740000E3,-3.960401E-2,-5.942134E-2
1.740100E3,,
1.740200E3,,
1.740300E3,,
1.740400E3,,
1.740500E3,,
1.740600E3,,
1.740700E3,,
1.740800E3,,
1.740900E3,,
1.741000E3,-3.960401E-2,-5.939319E-2
1.741100E3,,
1.741200E3,,
1.741300E3,,
1.741400E3,,
1.741500E3,,
1.741600E3,,
1.741700E3,,
1.741800E3,,
1.741900E3,,
1.742000E3,-3.960401E-2,-5.936025E-2
1.742100E3,,
1.742200E3,,
1.742300E3,,
1.742400E3,,
1.742500E3,,
1.742600E3,,
1.742700E3,,
1.742800E3,,
1.742900E3,,
1.743000E3,-3.960401E-2,-5.940075E-2
1.743100E3,,
1.743200E3,,
1.743300E3,,
1.743400E3,,
1.743500E3,,
1.743600E3,,
1.743700E3,,
1.743800E3,,
1.743900E3,,
1.744000E3,-3.960401E-2,-5.935119E-2
1.744100E3,,
1.744200E3,,
1.744300E3,,
1.744400E3,,
1.744500E3,,
1.744600E3,,
1.744700E3,,
1.744800E3,,
1.744900E3,,
1.745000E3,-3.960401E-2,-5.939684E-2
1.745100E3,,
1.745200E3,,
1.745300E3,,
1.745400E3,,
1.745500E3,,
1.745600E3,,
1.745700E3,,
1.745800E3,,
1.745900E3,,
1.746000E3,-3.960464E-2,-5.939981E-2
1.746100E3,,
1.746200E3,,
1.746300E3,,
1.746400E3,,
1.746500E3,,
1.746600E3,,
1.746700E3,,
1.746800E3,,
1.746900E3,,
1.747000E3,-3.960482E-2,-5.936335E-2
1.747100E3,,
1.747200E3,,
1.747300E3,,
1.747400E3,,
1.747500E3,,
1.747600E3,,
1.747700E3,,
1.747800E3,,
1.747900E3,,
1.748000E3,-3.960469E-2,-5.935421E-2
1.748100E3,,
1.748200E3,,
1.748300E3,,
1.748400E3,,
1.748500E3,,
1.748600E3,,
1.748700E3,,
1.748800E3,,
1.748900E3,,
1.749000E3,-3.960457E-2,-5.941153E-2
1.749100E3,,
1.749200E3,,
1.749300E3,,
1.749400E3,,
1.749500E3,,
1.749600E3,,
1.749700E3,,
1.749800E3,,
1.749900E3,,
1.750000E3,-3.960445E-2,-5.938512E-2
1.750100E3,,
1.750200E3,,
1.750300E3,,
1.750400E3,,
1.750500E3,,
1.750600E3,,
1.750700E3,,
1.750800E3,,
1.750900E3,,
1.751000E3,-3.960432E-2,-5.939437E-2
1.751100E3,,
1.751200E3,,
1.751300E3,,
1.751400E3,,
1.751500E3,,
1.751600E3,,
1.751700E3,,
1.751800E3,,
1.751900E3,,
1.752000E3,-3.960432E-2,-5.936574E-2
1.752100E3,,
1.752200E3,,
1.752300E3,,
1.752400E3,,
1.752500E3,,
1.752600E3,,
1.752700E3,,
1.752800E3,,
1.752900E3,,
1.753000E3,-3.960432E-2,-5.940195E-2
1.753100E3,,
1.753200E3,,
1.753300E3,,
1.753400E3,,
1.753500E3,,
1.753600E3,,
1.753700E3,,
1.753800E3,,
1.753900E3,,
1.754000E3,-3.960432E-2,-5.933762E-2
1.754100E3,,
1.754200E3,,
1.754300E3,,
1.754400E3,,
1.754500E3,,
1.754600E3,,
1.754700E3,,
1.754800E3,,
1.754900E3,,
1.755000E3,-3.960432E-2,-5.937388E-2
1.755100E3,,
1.755200E3,,
1.755300E3,,
1.755400E3,,
1.755500E3,,
1.755600E3,,
1.755700E3,,
1.755800E3,,
1.755900E3,,
1.756000E3,-3.960432E-2,-5.934215E-2
1.756100E3,,
1.756200E3,,
1.756300E3,,
1.756400E3,,
1.756500E3,,
1.756600E3,,
1.756700E3,,
1.756800E3,,
1.756900E3,,
1.757000E3,-3.960432E-2,-5.939140E-2
1.757100E3,,
1.757200E3,,
1.757300E3,,
1.757400E3,,
1.757500E3,,
1.757600E3,,
1.757700E3,,
1.757800E3,,
1.757900E3,,
1.758000E3,-3.960432E-2,-5.938642E-2
1.758100E3,,
1.758200E3,,
1.758300E3,,
1.758400E3,,
1.758500E3,,
1.758600E3,,
1.758700E3,,
1.758800E3,,
1.758900E3,,
1.759000E3,-3.960432E-2,-5.939827E-2
1.759100E3,,
1.759200E3,,
1.759300E3,,
1.759400E3,,
1.759500E3,,
1.759600E3,,
1.759700E3,,
1.759800E3,,
1.759900E3,,
1.760000E3,-3.960432E-2,-5.936891E-2
1.760100E3,,
1.760200E3,,
1.760300E3,,
1.760400E3,,
1.760500E3,,
1.760600E3,,
1.760700E3,,
1.760800E3,,
1.760900E3,,
1.761000E3,-3.960432E-2,-5.942222E-2
1.761100E3,,
1.761200E3,,
1.761300E3,,
1.761400E3,,
1.761500E3,,
1.761600E3,,
1.761700E3,,
1.761800E3,,
1.761900E3,,
1.762000E3,-3.960432E-2,-5.934454E-2
1.762100E3,,
1.762200E3,,
1.762300E3,,
1.762400E3,,
1.762500E3,,
1.762600E3,,
1.762700E3,,
1.762800E3,,
1.762900E3,,
1.763000E3,-3.960432E-2,-5.938781E-2
1.763100E3,,
1.763200E3,,
1.763300E3,,
1.763400E3,,
1.763500E3,,
1.763600E3,,
1.763700E3,,
1.763800E3,,
1.763900E3,,
1.764000E3,-3.960432E-2,-5.936532E-2
1.764100E3,,
1.764200E3,,
1.764300E3,,
1.764400E3,,
1.764500E3,,
1.764600E3,,
1.764700E3,,
1.764800E3,,
1.764900E3,,
1.765000E3,-3.960432E-2,-5.935578E-2
1.765100E3,,
1.765200E3,,
1.765300E3,,
1.765400E3,,
1.765500E3,,
1.765600E3,,
1.765700E3,,
1.765800E3,,
1.765900E3,,
1.766000E3,-3.960432E-2,-5.933082E-2
1.766100E3,,
1.766200E3,,
1.766300E3,,
1.766400E3,,
1.766500E3,,
1.766600E3,,
1.766700E3,,
1.766800E3,,
1.766900E3,,
1.767000E3,-3.960432E-2,-5.935799E-2
1.767100E3,,
1.767200E3,,
1.767300E3,,
1.767400E3,,
1.767500E3,,
1.767600E3,,
1.767700E3,,
1.767800E3,,
1.767900E3,,
1.768000E3,-3.960432E-2,-5.945229E-2
1.768100E3,,
1.768200E3,,
1.768300E3,,
1.768400E3,,
1.768500E3,,
1.768600E3,,
1.768700E3,,
1.768800E3,,
1.768900E3,,
1.769000E3,-3.960432E-2,-5.934184E-2
1.769100E3,,
1.769200E3,,
1.769300E3,,
1.769400E3,,
1.769500E3,,
1.769600E3,,
1.769700E3,,
1.769800E3,,
1.769900E3,,
1.770000E3,-3.960432E-2,-5.939661E-2
1.770100E3,,
1.770200E3,,
1.770300E3,,
1.770400E3,,
1.770500E3,,
1.770600E3,,
1.770700E3,,
1.770800E3,,
1.770900E3,,
1.771000E3,-3.960432E-2,-5.936792E-2
1.771100E3,,
1.771200E3,,
1.771300E3,,
1.771400E3,,
1.771500E3,,
1.771600E3,,
1.771700E3,,
1.771800E3,,
1.771900E3,,
1.772000E3,-3.960432E-2,-5.935811E-2
1.772100E3,,
1.772200E3,,
1.772300E3,,
1.772400E3,,
1.772500E3,,
1.772600E3,,
1.772700E3,,
1.772800E3,,
1.772900E3,,
1.773000E3,-3.960432E-2,-5.936161E-2
1.773100E3,,
1.773200E3,,
1.773300E3,,
1.773400E3,,
1.773500E3,,
1.773600E3,,
1.773700E3,,
1.773800E3,,
1.773900E3,,
1.774000E3,-3.960432E-2,-5.937269E-2
1.774100E3,,
1.774200E3,,
1.774300E3,,
1.774400E3,,
1.774500E3,,
1.774600E3,,
1.774700E3,,
1.774800E3,,
1.774900E3,,
1.775000E3,-3.960432E-2,-5.935936E-2
1.775100E3,,
1.775200E3,,
1.775300E3,,
1.775400E3,,
1.775500E3,,
1.775600E3,,
1.775700E3,,
1.775800E3,,
1.775900E3,,
1.776000E3,-3.960432E-2,-5.936510E-2
1.776100E3,,
1.776200E3,,
1.776300E3,,
1.776400E3,,
1.776500E3,,
1.776600E3,,
1.776700E3,,
1.776800E3,,
1.776900E3,,
1.777000E3,-3.960432E-2,-5.941369E-2
1.777100E3,,
1.777200E3,,
1.777300E3,,
1.777400E3,,
1.777500E3,,
1.777600E3,,
1.777700E3,,
1.777800E3,,
1.777900E3,,
1.778000E3,-3.960432E-2,-5.935158E-2
1.778100E3,,
1.778200E3,,
1.778300E3,,
1.778400E3,,
1.778500E3,,
1.778600E3,,
1.778700E3,,
1.778800E3,,
1.778900E3,,
1.779000E3,-3.960432E-2,-5.937878E-2
1.779100E3,,
1.779200E3,,
1.779300E3,,
1.779400E3,,
1.779500E3,,
1.779600E3,,
1.779700E3,,
1.779800E3,,
1.779900E3,,
1.780000E3,-3.960432E-2,-5.941210E-2
1.780100E3,,
1.780200E3,,
1.780300E3,,
1.780400E3,,
1.780500E3,,
1.780600E3,,
1.780700E3,,
1.780800E3,,
1.780900E3,,
1.781000E3,-3.960432E-2,-5.935268E-2
1.781100E3,,
1.781200E3,,
1.781300E3,,
1.781400E3,,
1.781500E3,,
1.781600E3,,
1.781700E3,,
1.781800E3,,
1.781900E3,,
1.782000E3,-3.960432E-2,-5.940777E-2
1.782100E3,,
1.782200E3,,
1.782300E3,,
1.782400E3,,
1.782500E3,,
1.782600E3,,
1.782700E3,,
1.782800E3,,
1.782900E3,,
1.783000E3,-3.960432E-2,-5.936017E-2
1.783100E3,,
1.783200E3,,
1.783300E3,,
1.783400E3,,
1.783500E3,,
1.783600E3,,
1.783700E3,,
1.783800E3,,
1.783900E3,,
1.784000E3,-3.960432E-2,-5.936868E-2
1.784100E3,,
1.784200E3,,
1.784300E3,,
1.784400E3,,
1.784500E3,,
1.784600E3,,
1.784700E3,,
1.784800E3,,
1.784900E3,,
1.785000E3,-3.960432E-2,-5.940840E-2
1.785100E3,,
1.785200E3,,
1.785300E3,,
1.785400E3,,
1.785500E3,,
1.785600E3,,
1.785700E3,,
1.785800E3,,
1.785900E3,,
1.786000E3,-3.960432E-2,-5.939525E-2
1.786100E3,,
1.786200E3,,
1.786300E3,,
1.786400E3,,
1.786500E3,,
1.786600E3,,
1.786700E3,,
1.786800E3,,
1.786900E3,,
1.787000E3,-3.960432E-2,-5.937709E-2
1.787100E3,,
1.787200E3,,
1.787300E3,,
1.787400E3,,
1.787500E3,,
1.787600E3,,
1.787700E3,,
1.787800E3,,
1.787900E3,,
1.788000E3,-3.960432E-2,-5.933744E-2
1.788100E3,,
1.788200E3,,
1.788300E3,,
1.788400E3,,
1.788500E3,,
1.788600E3,,
1.788700E3,,
1.788800E3,,
1.788900E3,,
1.789000E3,-3.960432E-2,-5.938573E-2
1.789100E3,,
1.789200E3,,
1.789300E3,,
1.789400E3,,
1.789500E3,,
1.789600E3,,
1.789700E3,,
1.789800E3,,
1.789900E3,,
1.790000E3,-3.960432E-2,-5.937465E-2
1.790100E3,,
1.790200E3,,
1.790300E3,,
1.790400E3,,
1.790500E3,,
1.790600E3,,
1.790700E3,,
1.790800E3,,
1.790900E3,,
1.791000E3,-3.960432E-2,-5.939830E-2
1.791100E3,,
1.791200E3,,
1.791300E3,,
1.791400E3,,
1.791500E3,,
1.791600E3,,
1.791700E3,,
1.791800E3,,
1.791900E3,,
1.792000E3,-3.960432E-2,-5.934368E-2
1.792100E3,,
1.792200E3,,
1.792300E3,,
1.792400E3,,
1.792500E3,,
1.792600E3,,
1.792700E3,,
1.792800E3,,
1.792900E3,,
1.793000E3,-3.960432E-2,-5.939552E-2
1.793100E3,,
1.793200E3,,
1.793300E3,,
1.793400E3,,
1.793500E3,,
1.793600E3,,
1.793700E3,,
1.793800E3,,
1.793900E3,,
1.794000E3,-3.960432E-2,-5.941491E-2
1.794100E3,,
1.794200E3,,
1.794300E3,,
1.794400E3,,
1.794500E3,,
1.794600E3,,
1.794700E3,,
1.794800E3,,
1.794900E3,,
1.795000E3,-3.960432E-2,-5.936143E-2
1.795100E3,,
1.795200E3,,
1.795300E3,,
1.795400E3,,
1.795500E3,,
1.795600E3,,
1.795700E3,,
1.795800E3,,
1.795900E3,,
1.796000E3,-3.960432E-2,-5.936563E-2
1.796100E3,,
1.796200E3,,
1.796300E3,,
1.796400E3,,
1.796500E3,,
1.796600E3,,
1.796700E3,,
1.796800E3,,
1.796900E3,,
1.797000E3,-3.960432E-2,-5.935886E-2
1.797100E3,,
1.797200E3,,
1.797300E3,,
1.797400E3,,
1.797500E3,,
1.797600E3,,
1.797700E3,,
1.797800E3,,
1.797900E3,,
1.798000E3,-3.960432E-2,-5.939972E-2
1.798100E3,,
1.798200E3,,
1.798300E3,,
1.798400E3,,
1.798500E3,,
1.798600E3,,
1.798700E3,,
1.798800E3,,
1.798900E3,,
1.799000E3,-3.960432E-2,-5.937756E-2
1.799100E3,,
1.799200E3,,
1.799300E3,,
1.799400E3,,
1.799500E3,,
1.799600E3,,
1.799700E3,,
1.799800E3,,
1.799900E3,,
1.800000E3,-3.960432E-2,-5.937858E-2
1.800100E3,,
1.800200E3,,
1.800300E3,,
1.800400E3,,
1.800500E3,,
1.800600E3,,
1.800700E3,,
1.800800E3,,
1.800900E3,,
1.801000E3,-3.960432E-2,-5.936320E-2
1.801100E3,,
1.801200E3,,
1.801300E3,,
1.801400E3,,
1.801500E3,,
1.801600E3,,
1.801700E3,,
1.801800E3,,
1.801900E3,,
1.802000E3,-3.960432E-2,-5.934884E-2
1.802100E3,,
1.802200E3,,
1.802300E3,,
1.802400E3,,
1.802500E3,,
1.802600E3,,
1.802700E3,,
1.802800E3,,
1.802900E3,,
1.803000E3,-3.960432E-2,-5.938741E-2
1.803100E3,,
1.803200E3,,
1.803300E3,,
1.803400E3,,
1.803500E3,,
1.803600E3,,
1.803700E3,,
1.803800E3,,
1.803900E3,,
1.804000E3,-3.960432E-2,-5.936498E-2
1.804100E3,,
1.804200E3,,
1.804300E3,,
1.804400E3,,
1.804500E3,,
1.804600E3,,
1.804700E3,,
1.804800E3,,
1.804900E3,,
1.805000E3,-3.960432E-2,-5.939168E-2
1.805100E3,,
1.805200E3,,
1.805300E3,,
1.805400E3,,
1.805500E3,,
1.805600E3,,
1.805700E3,,
1.805800E3,,
1.805900E3,,
1.806000E3,-3.960432E-2,-5.936825E-2
1.806100E3,,
1.806200E3,,
1.806300E3,,
1.806400E3,,
1.806500E3,,
1.806600E3,,
1.806700E3,,
1.806800E3,,
1.806900E3,,
1.807000E3,-3.960432E-2,-5.939802E-2
1.807100E3,,
1.807200E3,,
1.807300E3,,
1.807400E3,,
1.807500E3,,
1.807600E3,,
1.807700E3,,
1.807800E3,,
1.807900E3,,
1.808000E3,-3.960432E-2,-5.942114E-2
1.808100E3,,
1.808200E3,,
1.808300E3,,
1.808400E3,,
1.808500E3,,
1.808600E3,,
1.808700E3,,
1.808800E3,,
1.808900E3,,
1.809000E3,-3.960432E-2,-5.940470E-2
1.809100E3,,
1.809200E3,,
1.809300E3,,
1.809400E3,,
1.809500E3,,
1.809600E3,,
1.809700E3,,
1.809800E3,,
1.809900E3,,
1.810000E3,-3.960432E-2,-5.934466E-2
1.810100E3,,
1.810200E3,,
1.810300E3,,
1.810400E3,,
1.810500E3,,
1.810600E3,,
1.810700E3,,
1.810800E3,,
1.810900E3,,
1.811000E3,-3.960432E-2,-5.936584E-2
1.811100E3,,
1.811200E3,,
1.811300E3,,
1.811400E3,,
1.811500E3,,
1.811600E3,,
1.811700E3,,
1.811800E3,,
1.811900E3,,
1.812000E3,-3.960432E-2,-5.937368E-2
1.812100E3,,
1.812200E3,,
1.812300E3,,
1.812400E3,,
1.812500E3,,
1.812600E3,,
1.812700E3,,
1.812800E3,,
1.812900E3,,
1.813000E3,-3.960432E-2,-5.936938E-2
1.813100E3,,
1.813200E3,,
1.813300E3,,
1.813400E3,,
1.813500E3,,
1.813600E3,,
1.813700E3,,
1.813800E3,,
1.813900E3,,
1.814000E3,-3.960432E-2,-5.935814E-2
1.814100E3,,
1.814200E3,,
1.814300E3,,
1.814400E3,,
1.814500E3,,
1.814600E3,,
1.814700E3,,
1.814800E3,,
1.814900E3,,
1.815000E3,-3.960432E-2,-5.941261E-2
1.815100E3,,
1.815200E3,,
1.815300E3,,
1.815400E3,,
1.815500E3,,
1.815600E3,,
1.815700E3,,
1.815800E3,,
1.815900E3,,
1.816000E3,-3.960432E-2,-5.938805E-2
1.816100E3,,
1.816200E3,,
1.816300E3,,
1.816400E3,,
1.816500E3,,
1.816600E3,,
1.816700E3,,
1.816800E3,,
1.816900E3,,
1.817000E3,-3.960432E-2,-5.937669E-2
1.817100E3,,
1.817200E3,,
1.817300E3,,
1.817400E3,,
1.817500E3,,
1.817600E3,,
1.817700E3,,
1.817800E3,,
1.817900E3,,
1.818000E3,-3.960432E-2,-5.940007E-2
1.818100E3,,
1.818200E3,,
1.818300E3,,
1.818400E3,,
1.818500E3,,
1.818600E3,,
1.818700E3,,
1.818800E3,,
1.818900E3,,
1.819000E3,-3.960432E-2,-5.935486E-2
1.819100E3,,
1.819200E3,,
1.819300E3,,
1.819400E3,,
1.819500E3,,
1.819600E3,,
1.819700E3,,
1.819800E3,,
1.819900E3,,
1.820000E3,-3.960432E-2,-5.939087E-2
1.820100E3,,
1.820200E3,,
1.820300E3,,
1.820400E3,,
1.820500E3,,
1.820600E3,,
1.820700E3,,
1.820800E3,,
1.820900E3,,
1.821000E3,-3.960432E-2,-5.944963E-2
1.821100E3,,
1.821200E3,,
1.821300E3,,
1.821400E3,,
1.821500E3,,
1.821600E3,,
1.821700E3,,
1.821800E3,,
1.821900E3,,
1.822000E3,-3.960432E-2,-5.936641E-2
1.822100E3,,
1.822200E3,,
1.822300E3,,
1.822400E3,,
1.822500E3,,
1.822600E3,,
1.822700E3,,
1.822800E3,,
1.822900E3,,
1.823000E3,-3.960432E-2,-5.938520E-2
1.823100E3,,
1.823200E3,,
1.823300E3,,
1.823400E3,,
1.823500E3,,
1.823600E3,,
1.823700E3,,
1.823800E3,,
1.823900E3,,
1.824000E3,-3.960432E-2,-5.939956E-2
1.824100E3,,
1.824200E3,,
1.824300E3,,
1.824400E3,,
1.824500E3,,
1.824600E3,,
1.824700E3,,
1.824800E3,,
1.824900E3,,
1.825000E3,-3.960432E-2,-5.932194E-2
1.825100E3,,
1.825200E3,,
1.825300E3,,
1.825400E3,,
1.825500E3,,
1.825600E3,,
1.825700E3,,
1.825800E3,,
1.825900E3,,
1.826000E3,-3.960432E-2,-5.936071E-2
1.826100E3,,
1.826200E3,,
1.826300E3,,
1.826400E3,,
1.826500E3,,
1.826600E3,,
1.826700E3,,
1.826800E3,,
1.826900E3,,
1.827000E3,-3.960432E-2,-5.939419E-2
1.827100E3,,
1.827200E3,,
1.827300E3,,
1.827400E3,,
1.827500E3,,
1.827600E3,,
1.827700E3,,
1.827800E3,,
1.827900E3,,
1.828000E3,-3.960432E-2,-5.941620E-2
1.828100E3,,
1.828200E3,,
1.828300E3,,
1.828400E3,,
1.828500E3,,
1.828600E3,,
1.828700E3,,
1.828800E3,,
1.828900E3,,
1.829000E3,-3.960432E-2,-5.935847E-2
1.829100E3,,
1.829200E3,,
1.829300E3,,
1.829400E3,,
1.829500E3,,
1.829600E3,,
1.829700E3,,
1.829800E3,,
1.829900E3,,
1.830000E3,-3.960432E-2,-5.938288E-2
1.830100E3,,
1.830200E3,,
1.830300E3,,
1.830400E3,,
1.830500E3,,
1.830600E3,,
1.830700E3,,
1.830800E3,,
1.830900E3,,
1.831000E3,-3.960432E-2,-5.940150E-2
1.831100E3,,
1.831200E3,,
1.831300E3,,
1.831400E3,,
1.831500E3,,
1.831600E3,,
1.831700E3,,
1.831800E3,,
1.831900E3,,
1.832000E3,-3.960432E-2,-5.936420E-2
1.832100E3,,
1.832200E3,,
1.832300E3,,
1.832400E3,,
1.832500E3,,
1.832600E3,,
1.832700E3,,
1.832800E3,,
1.832900E3,,
1.833000E3,-3.960432E-2,-5.934682E-2
1.833100E3,,
1.833200E3,,
1.833300E3,,
1.833400E3,,
1.833500E3,,
1.833600E3,,
1.833700E3,,
1.833800E3,,
1.833900E3,,
1.834000E3,-3.960432E-2,-5.939109E-2
1.834100E3,,
1.834200E3,,
1.834300E3,,
1.834400E3,,
1.834500E3,,
1.834600E3,,
1.834700E3,,
1.834800E3,,
1.834900E3,,
1.835000E3,-3.960432E-2,-5.932959E-2
1.835100E3,,
1.835200E3,,
1.835300E3,,
1.835400E3,,
1.835500E3,,
1.835600E3,,
1.835700E3,,
1.835800E3,,
1.835900E3,,
1.836000E3,-3.960432E-2,-5.939001E-2
1.836100E3,,
1.836200E3,,
1.836300E3,,
1.836400E3,,
1.836500E3,,
1.836600E3,,
1.836700E3,,
1.836800E3,,
1.836900E3,,
1.837000E3,-3.960432E-2,-5.937087E-2
1.837100E3,,
1.837200E3,,
1.837300E3,,
1.837400E3,,
1.837500E3,,
1.837600E3,,
1.837700E3,,
1.837800E3,,
1.837900E3,,
1.838000E3,-3.960432E-2,-5.933950E-2
1.838100E3,,
1.838200E3,,
1.838300E3,,
1.838400E3,,
1.838500E3,,
1.838600E3,,
1.838700E3,,
1.838800E3,,
1.838900E3,,
1.839000E3,-3.960432E-2,-5.944260E-2
1.839100E3,,
1.839200E3,,
1.839300E3,,
1.839400E3,,
1.839500E3,,
1.839600E3,,
1.839700E3,,
1.839800E3,,
1.839900E3,,
1.840000E3,-3.960432E-2,-5.932210E-2
1.840100E3,,
1.840200E3,,
1.840300E3,,
1.840400E3,,
1.840500E3,,
1.840600E3,,
1.840700E3,,
1.840800E3,,
1.840900E3,,
1.841000E3,-3.960432E-2,-5.939173E-2
1.841100E3,,
1.841200E3,,
1.841300E3,,
1.841400E3,,
1.841500E3,,
1.841600E3,,
1.841700E3,,
1.841800E3,,
1.841900E3,,
1.842000E3,-3.960432E-2,-5.928535E-2
1.842100E3,,
1.842200E3,,
1.842300E3,,
1.842400E3,,
1.842500E3,,
1.842600E3,,
1.842700E3,,
1.842800E3,,
1.842900E3,,
1.843000E3,-3.960432E-2,-5.941095E-2
1.843100E3,,
1.843200E3,,
1.843300E3,,
1.843400E3,,
1.843500E3,,
1.843600E3,,
1.843700E3,,
1.843800E3,,
1.843900E3,,
1.844000E3,-3.960432E-2,-5.939199E-2
1.844100E3,,
1.844200E3,,
1.844300E3,,
1.844400E3,,
1.844500E3,,
1.844600E3,,
1.844700E3,,
1.844800E3,,
1.844900E3,,
1.845000E3,-3.960432E-2,-5.935670E-2
1.845100E3,,
1.845200E3,,
1.845300E3,,
1.845400E3,,
1.845500E3,,
1.845600E3,,
1.845700E3,,
1.845800E3,,
1.845900E3,,
1.846000E3,-3.960432E-2,-5.944261E-2
1.846100E3,,
1.846200E3,,
1.846300E3,,
1.846400E3,,
1.846500E3,,
1.846600E3,,
1.846700E3,,
1.846800E3,,
1.846900E3,,
1.847000E3,-3.960432E-2,-5.936589E-2
1.847100E3,,
1.847200E3,,
1.847300E3,,
1.847400E3,,
1.847500E3,,
1.847600E3,,
1.847700E3,,
1.847800E3,,
1.847900E3,,
1.848000E3,-3.960432E-2,-5.938252E-2
1.848100E3,,
1.848200E3,,
1.848300E3,,
1.848400E3,,
1.848500E3,,
1.848600E3,,
1.848700E3,,
1.848800E3,,
1.848900E3,,
1.849000E3,-3.960432E-2,-5.936471E-2
1.849100E3,,
1.849200E3,,
1.849300E3,,
1.849400E3,,
1.849500E3,,
1.849600E3,,
1.849700E3,,
1.849800E3,,
1.849900E3,,
1.850000E3,-3.960432E-2,-5.937981E-2
1.850100E3,,
1.850200E3,,
1.850300E3,,
1.850400E3,,
1.850500E3,,
1.850600E3,,
1.850700E3,,
1.850800E3,,
1.850900E3,,
1.851000E3,-3.960432E-2,-5.941902E-2
1.851100E3,,
1.851200E3,,
1.851300E3,,
1.851400E3,,
1.851500E3,,
1.851600E3,,
1.851700E3,,
1.851800E3,,
1.851900E3,,
1.852000E3,-3.960432E-2,-5.940076E-2
1.852100E3,,
1.852200E3,,
1.852300E3,,
1.852400E3,,
1.852500E3,,
1.852600E3,,
1.852700E3,,
1.852800E3,,
1.852900E3,,
1.853000E3,-3.960432E-2,-5.934047E-2
1.853100E3,,
1.853200E3,,
1.853300E3,,
1.853400E3,,
1.853500E3,,
1.853600E3,,
1.853700E3,,
1.853800E3,,
1.853900E3,,
1.854000E3,-3.960432E-2,-5.938898E-2
1.854100E3,,
1.854200E3,,
1.854300E3,,
1.854400E3,,
1.854500E3,,
1.854600E3,,
1.854700E3,,
1.854800E3,,
1.854900E3,,
1.855000E3,-3.960432E-2,-5.936958E-2
1.855100E3,,
1.855200E3,,
1.855300E3,,
1.855400E3,,
1.855500E3,,
1.855600E3,,
1.855700E3,,
1.855800E3,,
1.855900E3,,
1.856000E3,-3.960432E-2,-5.936654E-2
1.856100E3,,
1.856200E3,,
1.856300E3,,
1.856400E3,,
1.856500E3,,
1.856600E3,,
1.856700E3,,
1.856800E3,,
1.856900E3,,
1.857000E3,-3.960432E-2,-5.937165E-2
1.857100E3,,
1.857200E3,,
1.857300E3,,
1.857400E3,,
1.857500E3,,
1.857600E3,,
1.857700E3,,
1.857800E3,,
1.857900E3,,
1.858000E3,-3.960432E-2,-5.940392E-2
1.858100E3,,
1.858200E3,,
1.858300E3,,
1.858400E3,,
1.858500E3,,
1.858600E3,,
1.858700E3,,
1.858800E3,,
1.858900E3,,
1.859000E3,-3.960432E-2,-5.936895E-2
1.859100E3,,
1.859200E3,,
1.859300E3,,
1.859400E3,,
1.859500E3,,
1.859600E3,,
1.859700E3,,
1.859800E3,,
1.859900E3,,
1.860000E3,-3.960432E-2,-5.943754E-2
1.860100E3,,
1.860200E3,,
1.860300E3,,
1.860400E3,,
1.860500E3,,
1.860600E3,,
1.860700E3,,
1.860800E3,,
1.860900E3,,
1.861000E3,-3.960432E-2,-5.939815E-2
1.861100E3,,
1.861200E3,,
1.861300E3,,
1.861400E3,,
1.861500E3,,
1.861600E3,,
1.861700E3,,
1.861800E3,,
1.861900E3,,
1.862000E3,-3.960432E-2,-5.937043E-2
1.862100E3,,
1.862200E3,,
1.862300E3,,
1.862400E3,,
1.862500E3,,
1.862600E3,,
1.862700E3,,
1.862800E3,,
1.862900E3,,
1.863000E3,-3.960432E-2,-5.937412E-2
1.863100E3,,
1.863200E3,,
1.863300E3,,
1.863400E3,,
1.863500E3,,
1.863600E3,,
1.863700E3,,
1.863800E3,,
1.863900E3,,
1.864000E3,-3.960432E-2,-5.934461E-2
1.864100E3,,
1.864200E3,,
1.864300E3,,
1.864400E3,,
1.864500E3,,
1.864600E3,,
1.864700E3,,
1.864800E3,,
1.864900E3,,
1.865000E3,-3.960432E-2,-5.938261E-2
1.865100E3,,
1.865200E3,,
1.865300E3,,
1.865400E3,,
1.865500E3,,
1.865600E3,,
1.865700E3,,
1.865800E3,,
1.865900E3,,
1.866000E3,-3.960432E-2,-5.941259E-2
1.866100E3,,
1.866200E3,,
1.866300E3,,
1.866400E3,,
1.866500E3,,
1.866600E3,,
1.866700E3,,
1.866800E3,,
1.866900E3,,
1.867000E3,-3.960432E-2,-5.936897E-2
1.867100E3,,
1.867200E3,,
1.867300E3,,
1.867400E3,,
1.867500E3,,
1.867600E3,,
1.867700E3,,
1.867800E3,,
1.867900E3,,
1.868000E3,-3.960432E-2,-5.939010E-2
1.868100E3,,
1.868200E3,,
1.868300E3,,
1.868400E3,,
1.868500E3,,
1.868600E3,,
1.868700E3,,
1.868800E3,,
1.868900E3,,
1.869000E3,-3.960432E-2,-5.936678E-2
1.869100E3,,
1.869200E3,,
1.869300E3,,
1.869400E3,,
1.869500E3,,
1.869600E3,,
1.869700E3,,
1.869800E3,,
1.869900E3,,
1.870000E3,-3.960432E-2,-5.931989E-2
1.870100E3,,
1.870200E3,,
1.870300E3,,
1.870400E3,,
1.870500E3,,
1.870600E3,,
1.870700E3,,
1.870800E3,,
1.870900E3,,
1.871000E3,-3.960432E-2,-5.940260E-2
1.871100E3,,
1.871200E3,,
1.871300E3,,
1.871400E3,,
1.871500E3,,
1.871600E3,,
1.871700E3,,
1.871800E3,,
1.871900E3,,
1.872000E3,-3.960432E-2,-5.939932E-2
1.872100E3,,
1.872200E3,,
1.872300E3,,
1.872400E3,,
1.872500E3,,
1.872600E3,,
1.872700E3,,
1.872800E3,,
1.872900E3,,
1.873000E3,-3.960432E-2,-5.941170E-2
1.873100E3,,
1.873200E3,,
1.873300E3,,
1.873400E3,,
1.873500E3,,
1.873600E3,,
1.873700E3,,
1.873800E3,,
1.873900E3,,
1.874000E3,-3.960432E-2,-5.938527E-2
1.874100E3,,
1.874200E3,,
1.874300E3,,
1.874400E3,,
1.874500E3,,
1.874600E3,,
1.874700E3,,
1.874800E3,,
1.874900E3,,
1.875000E3,-3.960432E-2,-5.933364E-2
1.875100E3,,
1.875200E3,,
1.875300E3,,
1.875400E3,,
1.875500E3,,
1.875600E3,,
1.875700E3,,
1.875800E3,,
1.875900E3,,
1.876000E3,-3.960432E-2,-5.939077E-2
1.876100E3,,
1.876200E3,,
1.876300E3,,
1.876400E3,,
1.876500E3,,
1.876600E3,,
1.876700E3,,
1.876800E3,,
1.876900E3,,
1.877000E3,-3.960432E-2,-5.935851E-2
1.877100E3,,
1.877200E3,,
1.877300E3,,
1.877400E3,,
1.877500E3,,
1.877600E3,,
1.877700E3,,
1.877800E3,,
1.877900E3,,
1.878000E3,-3.960432E-2,-5.937698E-2
1.878100E3,,
1.878200E3,,
1.878300E3,,
1.878400E3,,
1.878500E3,,
1.878600E3,,
1.878700E3,,
1.878800E3,,
1.878900E3,,
1.879000E3,-3.960432E-2,-5.939296E-2
1.879100E3,,
1.879200E3,,
1.879300E3,,
1.879400E3,,
1.879500E3,,
1.879600E3,,
1.879700E3,,
1.879800E3,,
1.879900E3,,
1.880000E3,-3.960432E-2,-5.938119E-2
1.880100E3,,
1.880200E3,,
1.880300E3,,
1.880400E3,,
1.880500E3,,
1.880600E3,,
1.880700E3,,
1.880800E3,,
1.880900E3,,
1.881000E3,-3.960432E-2,-5.940084E-2
1.881100E3,,
1.881200E3,,
1.881300E3,,
1.881400E3,,
1.881500E3,,
1.881600E3,,
1.881700E3,,
1.881800E3,,
1.881900E3,,
1.882000E3,-3.960432E-2,-5.937379E-2
1.882100E3,,
1.882200E3,,
1.882300E3,,
1.882400E3,,
1.882500E3,,
1.882600E3,,
1.882700E3,,
1.882800E3,,
1.882900E3,,
1.883000E3,-3.960432E-2,-5.934811E-2
1.883100E3,,
1.883200E3,,
1.883300E3,,
1.883400E3,,
1.883500E3,,
1.883600E3,,
1.883700E3,,
1.883800E3,,
1.883900E3,,
1.884000E3,-3.960432E-2,-5.939390E-2
1.884100E3,,
1.884200E3,,
1.884300E3,,
1.884400E3,,
1.884500E3,,
1.884600E3,,
1.884700E3,,
1.884800E3,,
1.884900E3,,
1.885000E3,-3.960432E-2,-5.940032E-2
1.885100E3,,
1.885200E3,,
1.885300E3,,
1.885400E3,,
1.885500E3,,
1.885600E3,,
1.885700E3,,
1.885800E3,,
1.885900E3,,
1.886000E3,-3.960432E-2,-5.936380E-2
1.886100E3,,
1.886200E3,,
1.886300E3,,
1.886400E3,,
1.886500E3,,
1.886600E3,,
1.886700E3,,
1.886800E3,,
1.886900E3,,
1.887000E3,-3.960432E-2,-5.937020E-2
1.887100E3,,
1.887200E3,,
1.887300E3,,
1.887400E3,,
1.887500E3,,
1.887600E3,,
1.887700E3,,
1.887800E3,,
1.887900E3,,
1.888000E3,-3.961669E-2,-5.939981E-2
1.888100E3,,
1.888200E3,,
1.888300E3,,
1.888400E3,,
1.888500E3,,
1.888600E3,,
1.888700E3,,
1.888800E3,,
1.888900E3,,
1.889000E3,-3.961479E-2,-5.934751E-2
1.889100E3,,
1.889200E3,,
1.889300E3,,
1.889400E3,,
1.889500E3,,
1.889600E3,,
1.889700E3,,
1.889800E3,,
1.889900E3,,
1.890000E3,-3.961273E-2,-5.934708E-2
1.890100E3,,
1.890200E3,,
1.890300E3,,
1.890400E3,,
1.890500E3,,
1.890600E3,,
1.890700E3,,
1.890800E3,,
1.890900E3,,
1.891000E3,-3.961092E-2,-5.941484E-2
1.891100E3,,
1.891200E3,,
1.891300E3,,
1.891400E3,,
1.891500E3,,
1.891600E3,,
1.891700E3,,
1.891800E3,,
1.891900E3,,
1.892000E3,-3.960961E-2,-5.940619E-2
1.892100E3,,
1.892200E3,,
1.892300E3,,
1.892400E3,,
1.892500E3,,
1.892600E3,,
1.892700E3,,
1.892800E3,,
1.892900E3,,
1.893000E3,-3.960856E-2,-5.939287E-2
1.893100E3,,
1.893200E3,,
1.893300E3,,
1.893400E3,,
1.893500E3,,
1.893600E3,,
1.893700E3,,
1.893800E3,,
1.893900E3,,
1.894000E3,-3.960789E-2,-5.938235E-2
1.894100E3,,
1.894200E3,,
1.894300E3,,
1.894400E3,,
1.894500E3,,
1.894600E3,,
1.894700E3,,
1.894800E3,,
1.894900E3,,
1.895000E3,-3.960736E-2,-5.931327E-2
1.895100E3,,
1.895200E3,,
1.895300E3,,
1.895400E3,,
1.895500E3,,
1.895600E3,,
1.895700E3,,
1.895800E3,,
1.895900E3,,
1.896000E3,-3.960709E-2,-5.939255E-2
1.896100E3,,
1.896200E3,,
1.896300E3,,
1.896400E3,,
1.896500E3,,
1.896600E3,,
1.896700E3,,
1.896800E3,,
1.896900E3,,
1.897000E3,-3.960695E-2,-5.939247E-2
1.897100E3,,
1.897200E3,,
1.897300E3,,
1.897400E3,,
1.897500E3,,
1.897600E3,,
1.897700E3,,
1.897800E3,,
1.897900E3,,
1.898000E3,-3.960695E-2,-5.940946E-2
1.898100E3,,
1.898200E3,,
1.898300E3,,
1.898400E3,,
1.898500E3,,
1.898600E3,,
1.898700E3,,
1.898800E3,,
1.898900E3,,
1.899000E3,-3.960695E-2,-5.940008E-2
1.899100E3,,
1.899200E3,,
1.899300E3,,
1.899400E3,,
1.899500E3,,
1.899600E3,,
1.899700E3,,
1.899800E3,,
1.899900E3,,
1.900000E3,-3.960695E-2,-5.937812E-2
1.900100E3,,
1.900200E3,,
1.900300E3,,
1.900400E3,,
1.900500E3,,
1.900600E3,,
1.900700E3,,
1.900800E3,,
1.900900E3,,
1.901000E3,-3.960695E-2,-5.936940E-2
1.901100E3,,
1.901200E3,,
1.901300E3,,
1.901400E3,,
1.901500E3,,
1.901600E3,,
1.901700E3,,
1.901800E3,,
1.901900E3,,
1.902000E3,-3.960695E-2,-5.935701E-2
1.902100E3,,
1.902200E3,,
1.902300E3,,
1.902400E3,,
1.902500E3,,
1.902600E3,,
1.902700E3,,
1.902800E3,,
1.902900E3,,
1.903000E3,-3.960695E-2,-5.938846E-2
1.903100E3,,
1.903200E3,,
1.903300E3,,
1.903400E3,,
1.903500E3,,
1.903600E3,,
1.903700E3,,
1.903800E3,,
1.903900E3,,
1.904000E3,-3.960695E-2,-5.939230E-2
1.904100E3,,
1.904200E3,,
1.904300E3,,
1.904400E3,,
1.904500E3,,
1.904600E3,,
1.904700E3,,
1.904800E3,,
1.904900E3,,
1.905000E3,-3.960695E-2,-5.941239E-2
1.905100E3,,
1.905200E3,,
1.905300E3,,
1.905400E3,,
1.905500E3,,
1.905600E3,,
1.905700E3,,
1.905800E3,,
1.905900E3,,
1.906000E3,-3.960695E-2,-5.936728E-2
1.906100E3,,
1.906200E3,,
1.906300E3,,
1.906400E3,,
1.906500E3,,
1.906600E3,,
1.906700E3,,
1.906800E3,,
1.906900E3,,
1.907000E3,-3.960695E-2,-5.937776E-2
1.907100E3,,
1.907200E3,,
1.907300E3,,
1.907400E3,,
1.907500E3,,
1.907600E3,,
1.907700E3,,
1.907800E3,,
1.907900E3,,
1.908000E3,-3.960695E-2,-5.934130E-2
1.908100E3,,
1.908200E3,,
1.908300E3,,
1.908400E3,,
1.908500E3,,
1.908600E3,,
1.908700E3,,
1.908800E3,,
1.908900E3,,
1.909000E3,-3.960695E-2,-5.946376E-2
1.909100E3,,
1.909200E3,,
1.909300E3,,
1.909400E3,,
1.909500E3,,
1.909600E3,,
1.909700E3,,
1.909800E3,,
1.909900E3,,
1.910000E3,-3.960881E-2,-5.937691E-2
1.910100E3,,
1.910200E3,,
1.910300E3,,
1.910400E3,,
1.910500E3,,
1.910600E3,,
1.910700E3,,
1.910800E3,,
1.910900E3,,
1.911000E3,-3.960841E-2,-5.938921E-2
1.911100E3,,
1.911200E3,,
1.911300E3,,
1.911400E3,,
1.911500E3,,
1.911600E3,,
1.911700E3,,
1.911800E3,,
1.911900E3,,
1.912000E3,-3.960802E-2,-5.942537E-2
1.912100E3,,
1.912200E3,,
1.912300E3,,
1.912400E3,,
1.912500E3,,
1.912600E3,,
1.912700E3,,
1.912800E3,,
1.912900E3,,
1.913000E3,-3.960762E-2,-5.942571E-2
1.913100E3,,
1.913200E3,,
1.913300E3,,
1.913400E3,,
1.913500E3,,
1.913600E3,,
1.913700E3,,
1.913800E3,,
1.913900E3,,
1.914000E3,-3.960736E-2,-5.941743E-2
1.914100E3,,
1.914200E3,,
1.914300E3,,
1.914400E3,,
1.914500E3,,
1.914600E3,,
1.914700E3,,
1.914800E3,,
1.914900E3,,
1.915000E3,-3.960709E-2,-5.937162E-2
1.915100E3,,
1.915200E3,,
1.915300E3,,
1.915400E3,,
1.915500E3,,
1.915600E3,,
1.915700E3,,
1.915800E3,,
1.915900E3,,
1.916000E3,-3.960696E-2,-5.940703E-2
1.916100E3,,
1.916200E3,,
1.916300E3,,
1.916400E3,,
1.916500E3,,
1.916600E3,,
1.916700E3,,
1.916800E3,,
1.916900E3,,
1.917000E3,-3.960682E-2,-5.941944E-2
1.917100E3,,
1.917200E3,,
1.917300E3,,
1.917400E3,,
1.917500E3,,
1.917600E3,,
1.917700E3,,
1.917800E3,,
1.917900E3,,
1.918000E3,-3.960682E-2,-5.935596E-2
1.918100E3,,
1.918200E3,,
1.918300E3,,
1.918400E3,,
1.918500E3,,
1.918600E3,,
1.918700E3,,
1.918800E3,,
1.918900E3,,
1.919000E3,-3.960682E-2,-5.941761E-2
1.919100E3,,
1.919200E3,,
1.919300E3,,
1.919400E3,,
1.919500E3,,
1.919600E3,,
1.919700E3,,
1.919800E3,,
1.919900E3,,
1.920000E3,-3.960682E-2,-5.939647E-2
1.920100E3,,
1.920200E3,,
1.920300E3,,
1.920400E3,,
1.920500E3,,
1.920600E3,,
1.920700E3,,
1.920800E3,,
1.920900E3,,
1.921000E3,-3.960682E-2,-5.940075E-2
1.921100E3,,
1.921200E3,,
1.921300E3,,
1.921400E3,,
1.921500E3,,
1.921600E3,,
1.921700E3,,
1.921800E3,,
1.921900E3,,
1.922000E3,-3.960682E-2,-5.938077E-2
1.922100E3,,
1.922200E3,,
1.922300E3,,
1.922400E3,,
1.922500E3,,
1.922600E3,,
1.922700E3,,
1.922800E3,,
1.922900E3,,
1.923000E3,-3.960682E-2,-5.938435E-2
1.923100E3,,
1.923200E3,,
1.923300E3,,
1.923400E3,,
1.923500E3,,
1.923600E3,,
1.923700E3,,
1.923800E3,,
1.923900E3,,
1.924000E3,-3.960682E-2,-5.933251E-2
1.924100E3,,
1.924200E3,,
1.924300E3,,
1.924400E3,,
1.924500E3,,
1.924600E3,,
1.924700E3,,
1.924800E3,,
1.924900E3,,
1.925000E3,-3.960682E-2,-5.936253E-2
1.925100E3,,
1.925200E3,,
1.925300E3,,
1.925400E3,,
1.925500E3,,
1.925600E3,,
1.925700E3,,
1.925800E3,,
1.925900E3,,
1.926000E3,-3.960682E-2,-5.939938E-2
1.926100E3,,
1.926200E3,,
1.926300E3,,
1.926400E3,,
1.926500E3,,
1.926600E3,,
1.926700E3,,
1.926800E3,,
1.926900E3,,
1.927000E3,-3.960682E-2,-5.940610E-2
1.927100E3,,
1.927200E3,,
1.927300E3,,
1.927400E3,,
1.927500E3,,
1.927600E3,,
1.927700E3,,
1.927800E3,,
1.927900E3,,
1.928000E3,-3.960682E-2,-5.940993E-2
1.928100E3,,
1.928200E3,,
1.928300E3,,
1.928400E3,,
1.928500E3,,
1.928600E3,,
1.928700E3,,
1.928800E3,,
1.928900E3,,
1.929000E3,-3.960682E-2,-5.939255E-2
1.929100E3,,
1.929200E3,,
1.929300E3,,
1.929400E3,,
1.929500E3,,
1.929600E3,,
1.929700E3,,
1.929800E3,,
1.929900E3,,
1.930000E3,-3.960682E-2,-5.941927E-2
1.930100E3,,
1.930200E3,,
1.930300E3,,
1.930400E3,,
1.930500E3,,
1.930600E3,,
1.930700E3,,
1.930800E3,,
1.930900E3,,
1.931000E3,-3.960682E-2,-5.934282E-2
1.931100E3,,
1.931200E3,,
1.931300E3,,
1.931400E3,,
1.931500E3,,
1.931600E3,,
1.931700E3,,
1.931800E3,,
1.931900E3,,
1.932000E3,-3.960682E-2,-5.935373E-2
1.932100E3,,
1.932200E3,,
1.932300E3,,
1.932400E3,,
1.932500E3,,
1.932600E3,,
1.932700E3,,
1.932800E3,,
1.932900E3,,
1.933000E3,-3.960682E-2,-5.941079E-2
1.933100E3,,
1.933200E3,,
1.933300E3,,
1.933400E3,,
1.933500E3,,
1.933600E3,,
1.933700E3,,
1.933800E3,,
1.933900E3,,
1.934000E3,-3.960682E-2,-5.940158E-2
1.934100E3,,
1.934200E3,,
1.934300E3,,
1.934400E3,,
1.934500E3,,
1.934600E3,,
1.934700E3,,
1.934800E3,,
1.934900E3,,
1.935000E3,-3.960682E-2,-5.937767E-2
1.935100E3,,
1.935200E3,,
1.935300E3,,
1.935400E3,,
1.935500E3,,
1.935600E3,,
1.935700E3,,
1.935800E3,,
1.935900E3,,
1.936000E3,-3.960682E-2,-5.934441E-2
1.936100E3,,
1.936200E3,,
1.936300E3,,
1.936400E3,,
1.936500E3,,
1.936600E3,,
1.936700E3,,
1.936800E3,,
1.936900E3,,
1.937000E3,-3.960682E-2,-5.934855E-2
1.937100E3,,
1.937200E3,,
1.937300E3,,
1.937400E3,,
1.937500E3,,
1.937600E3,,
1.937700E3,,
1.937800E3,,
1.937900E3,,
1.938000E3,-3.960682E-2,-5.929908E-2
1.938100E3,,
1.938200E3,,
1.938300E3,,
1.938400E3,,
1.938500E3,,
1.938600E3,,
1.938700E3,,
1.938800E3,,
1.938900E3,,
1.939000E3,-3.960682E-2,-5.938982E-2
1.939100E3,,
1.939200E3,,
1.939300E3,,
1.939400E3,,
1.939500E3,,
1.939600E3,,
1.939700E3,,
1.939800E3,,
1.939900E3,,
1.940000E3,-3.963391E-2,-5.942992E-2
1.940100E3,,
1.940200E3,,
1.940300E3,,
1.940400E3,,
1.940500E3,,
1.940600E3,,
1.940700E3,,
1.940800E3,,
1.940900E3,,
1.941000E3,-3.962904E-2,-5.938180E-2
1.941100E3,,
1.941200E3,,
1.941300E3,,
1.941400E3,,
1.941500E3,,
1.941600E3,,
1.941700E3,,
1.941800E3,,
1.941900E3,,
1.942000E3,-3.962558E-2,-5.942088E-2
1.942100E3,,
1.942200E3,,
1.942300E3,,
1.942400E3,,
1.942500E3,,
1.942600E3,,
1.942700E3,,
1.942800E3,,
1.942900E3,,
1.943000E3,-3.962329E-2,-5.939203E-2
1.943100E3,,
1.943200E3,,
1.943300E3,,
1.943400E3,,
1.943500E3,,
1.943600E3,,
1.943700E3,,
1.943800E3,,
1.943900E3,,
1.944000E3,-3.962114E-2,-5.938977E-2
1.944100E3,,
1.944200E3,,
1.944300E3,,
1.944400E3,,
1.944500E3,,
1.944600E3,,
1.944700E3,,
1.944800E3,,
1.944900E3,,
1.945000E3,-3.961975E-2,-5.943343E-2
1.945100E3,,
1.945200E3,,
1.945300E3,,
1.945400E3,,
1.945500E3,,
1.945600E3,,
1.945700E3,,
1.945800E3,,
1.945900E3,,
1.946000E3,-3.961865E-2,-5.936566E-2
1.946100E3,,
1.946200E3,,
1.946300E3,,
1.946400E3,,
1.946500E3,,
1.946600E3,,
1.946700E3,,
1.946800E3,,
1.946900E3,,
1.947000E3,-3.961786E-2,-5.939423E-2
1.947100E3,,
1.947200E3,,
1.947300E3,,
1.947400E3,,
1.947500E3,,
1.947600E3,,
1.947700E3,,
1.947800E3,,
1.947900E3,,
1.948000E3,-3.961707E-2,-5.933967E-2
1.948100E3,,
1.948200E3,,
1.948300E3,,
1.948400E3,,
1.948500E3,,
1.948600E3,,
1.948700E3,,
1.948800E3,,
1.948900E3,,
1.949000E3,-3.961659E-2,-5.932341E-2
1.949100E3,,
1.949200E3,,
1.949300E3,,
1.949400E3,,
1.949500E3,,
1.949600E3,,
1.949700E3,,
1.949800E3,,
1.949900E3,,
1.950000E3,-3.961611E-2,-5.946349E-2
1.950100E3,,
1.950200E3,,
1.950300E3,,
1.950400E3,,
1.950500E3,,
1.950600E3,,
1.950700E3,,
1.950800E3,,
1.950900E3,,
1.951000E3,-3.961611E-2,-5.934180E-2
1.951100E3,,
1.951200E3,,
1.951300E3,,
1.951400E3,,
1.951500E3,,
1.951600E3,,
1.951700E3,,
1.951800E3,,
1.951900E3,,
1.952000E3,-3.961611E-2,-5.942570E-2
1.952100E3,,
1.952200E3,,
1.952300E3,,
1.952400E3,,
1.952500E3,,
1.952600E3,,
1.952700E3,,
1.952800E3,,
1.952900E3,,
1.953000E3,-3.961611E-2,-5.936484E-2
1.953100E3,,
1.953200E3,,
1.953300E3,,
1.953400E3,,
1.953500E3,,
1.953600E3,,
1.953700E3,,
1.953800E3,,
1.953900E3,,
1.954000E3,-3.961611E-2,-5.934132E-2
1.954100E3,,
1.954200E3,,
1.954300E3,,
1.954400E3,,
1.954500E3,,
1.954600E3,,
1.954700E3,,
1.954800E3,,
1.954900E3,,
1.955000E3,-3.961611E-2,-5.937245E-2
1.955100E3,,
1.955200E3,,
1.955300E3,,
1.955400E3,,
1.955500E3,,
1.955600E3,,
1.955700E3,,
1.955800E3,,
1.955900E3,,
1.956000E3,-3.961611E-2,-5.946676E-2
1.956100E3,,
1.956200E3,,
1.956300E3,,
1.956400E3,,
1.956500E3,,
1.956600E3,,
1.956700E3,,
1.956800E3,,
1.956900E3,,
1.957000E3,-3.961611E-2,-5.939495E-2
1.957100E3,,
1.957200E3,,
1.957300E3,,
1.957400E3,,
1.957500E3,,
1.957600E3,,
1.957700E3,,
1.957800E3,,
1.957900E3,,
1.958000E3,-3.961611E-2,-5.935376E-2
1.958100E3,,
1.958200E3,,
1.958300E3,,
1.958400E3,,
1.958500E3,,
1.958600E3,,
1.958700E3,,
1.958800E3,,
1.958900E3,,
1.959000E3,-3.961611E-2,-5.937172E-2
1.959100E3,,
1.959200E3,,
1.959300E3,,
1.959400E3,,
1.959500E3,,
1.959600E3,,
1.959700E3,,
1.959800E3,,
1.959900E3,,
1.960000E3,-3.961611E-2,-5.936536E-2
1.960100E3,,
1.960200E3,,
1.960300E3,,
1.960400E3,,
1.960500E3,,
1.960600E3,,
1.960700E3,,
1.960800E3,,
1.960900E3,,
1.961000E3,-3.961611E-2,-5.938285E-2
1.961100E3,,
1.961200E3,,
1.961300E3,,
1.961400E3,,
1.961500E3,,
1.961600E3,,
1.961700E3,,
1.961800E3,,
1.961900E3,,
1.962000E3,-3.961611E-2,-5.939813E-2
1.962100E3,,
1.962200E3,,
1.962300E3,,
1.962400E3,,
1.962500E3,,
1.962600E3,,
1.962700E3,,
1.962800E3,,
1.962900E3,,
1.963000E3,-3.961611E-2,-5.937893E-2
1.963100E3,,
1.963200E3,,
1.963300E3,,
1.963400E3,,
1.963500E3,,
1.963600E3,,
1.963700E3,,
1.963800E3,,
1.963900E3,,
1.964000E3,-3.961611E-2,-5.935852E-2
1.964100E3,,
1.964200E3,,
1.964300E3,,
1.964400E3,,
1.964500E3,,
1.964600E3,,
1.964700E3,,
1.964800E3,,
1.964900E3,,
1.965000E3,-3.961611E-2,-5.938047E-2
1.965100E3,,
1.965200E3,,
1.965300E3,,
1.965400E3,,
1.965500E3,,
1.965600E3,,
1.965700E3,,
1.965800E3,,
1.965900E3,,
1.966000E3,-3.961611E-2,-5.940249E-2
1.966100E3,,
1.966200E3,,
1.966300E3,,
1.966400E3,,
1.966500E3,,
1.966600E3,,
1.966700E3,,
1.966800E3,,
1.966900E3,,
1.967000E3,-3.961611E-2,-5.937969E-2
1.967100E3,,
1.967200E3,,
1.967300E3,,
1.967400E3,,
1.967500E3,,
1.967600E3,,
1.967700E3,,
1.967800E3,,
1.967900E3,,
1.968000E3,-3.961611E-2,-5.932605E-2
1.968100E3,,
1.968200E3,,
1.968300E3,,
1.968400E3,,
1.968500E3,,
1.968600E3,,
1.968700E3,,
1.968800E3,,
1.968900E3,,
1.969000E3,-3.961611E-2,-5.941249E-2
1.969100E3,,
1.969200E3,,
1.969300E3,,
1.969400E3,,
1.969500E3,,
1.969600E3,,
1.969700E3,,
1.969800E3,,
1.969900E3,,
1.970000E3,-3.961611E-2,-5.943078E-2
1.970100E3,,
1.970200E3,,
1.970300E3,,
1.970400E3,,
1.970500E3,,
1.970600E3,,
1.970700E3,,
1.970800E3,,
1.970900E3,,
1.971000E3,-3.961611E-2,-5.936346E-2
1.971100E3,,
1.971200E3,,
1.971300E3,,
1.971400E3,,
1.971500E3,,
1.971600E3,,
1.971700E3,,
1.971800E3,,
1.971900E3,,
1.972000E3,-3.961611E-2,-5.939579E-2
1.972100E3,,
1.972200E3,,
1.972300E3,,
1.972400E3,,
1.972500E3,,
1.972600E3,,
1.972700E3,,
1.972800E3,,
1.972900E3,,
1.973000E3,-3.961611E-2,-5.935880E-2
1.973100E3,,
1.973200E3,,
1.973300E3,,
1.973400E3,,
1.973500E3,,
1.973600E3,,
1.973700E3,,
1.973800E3,,
1.973900E3,,
1.974000E3,-3.961611E-2,-5.938597E-2
1.974100E3,,
1.974200E3,,
1.974300E3,,
1.974400E3,,
1.974500E3,,
1.974600E3,,
1.974700E3,,
1.974800E3,,
1.974900E3,,
1.975000E3,-3.961611E-2,-5.932631E-2
1.975100E3,,
1.975200E3,,
1.975300E3,,
1.975400E3,,
1.975500E3,,
1.975600E3,,
1.975700E3,,
1.975800E3,,
1.975900E3,,
1.976000E3,-3.961611E-2,-5.936270E-2
1.976100E3,,
1.976200E3,,
1.976300E3,,
1.976400E3,,
1.976500E3,,
1.976600E3,,
1.976700E3,,
1.976800E3,,
1.976900E3,,
1.977000E3,-3.961611E-2,-5.937278E-2
1.977100E3,,
1.977200E3,,
1.977300E3,,
1.977400E3,,
1.977500E3,,
1.977600E3,,
1.977700E3,,
1.977800E3,,
1.977900E3,,
1.978000E3,-3.961611E-2,-5.942308E-2
1.978100E3,,
1.978200E3,,
1.978300E3,,
1.978400E3,,
1.978500E3,,
1.978600E3,,
1.978700E3,,
1.978800E3,,
1.978900E3,,
1.979000E3,-3.961611E-2,-5.935949E-2
1.979100E3,,
1.979200E3,,
1.979300E3,,
1.979400E3,,
1.979500E3,,
1.979600E3,,
1.979700E3,,
1.979800E3,,
1.979900E3,,
1.980000E3,-3.961611E-2,-5.935039E-2
1.980100E3,,
1.980200E3,,
1.980300E3,,
1.980400E3,,
1.980500E3,,
1.980600E3,,
1.980700E3,,
1.980800E3,,
1.980900E3,,
1.981000E3,-3.961611E-2,-5.935596E-2
1.981100E3,,
1.981200E3,,
1.981300E3,,
1.981400E3,,
1.981500E3,,
1.981600E3,,
1.981700E3,,
1.981800E3,,
1.981900E3,,
1.982000E3,-3.961611E-2,-5.938577E-2
1.982100E3,,
1.982200E3,,
1.982300E3,,
1.982400E3,,
1.982500E3,,
1.982600E3,,
1.982700E3,,
1.982800E3,,
1.982900E3,,
1.983000E3,-3.961611E-2,-5.940801E-2
1.983100E3,,
1.983200E3,,
1.983300E3,,
1.983400E3,,
1.983500E3,,
1.983600E3,,
1.983700E3,,
1.983800E3,,
1.983900E3,,
1.984000E3,-3.961611E-2,-5.939843E-2
1.984100E3,,
1.984200E3,,
1.984300E3,,
1.984400E3,,
1.984500E3,,
1.984600E3,,
1.984700E3,,
1.984800E3,,
1.984900E3,,
1.985000E3,-3.961611E-2,-5.938087E-2
1.985100E3,,
1.985200E3,,
1.985300E3,,
1.985400E3,,
1.985500E3,,
1.985600E3,,
1.985700E3,,
1.985800E3,,
1.985900E3,,
1.986000E3,-3.961611E-2,-5.937703E-2
1.986100E3,,
1.986200E3,,
1.986300E3,,
1.986400E3,,
1.986500E3,,
1.986600E3,,
1.986700E3,,
1.986800E3,,
1.986900E3,,
1.987000E3,-3.961611E-2,-5.934305E-2
1.987100E3,,
1.987200E3,,
1.987300E3,,
1.987400E3,,
1.987500E3,,
1.987600E3,,
1.987700E3,,
1.987800E3,,
1.987900E3,,
1.988000E3,-3.961897E-2,-5.940831E-2
1.988100E3,,
1.988200E3,,
1.988300E3,,
1.988400E3,,
1.988500E3,,
1.988600E3,,
1.988700E3,,
1.988800E3,,
1.988900E3,,
1.989000E3,-3.961833E-2,-5.937017E-2
1.989100E3,,
1.989200E3,,
1.989300E3,,
1.989400E3,,
1.989500E3,,
1.989600E3,,
1.989700E3,,
1.989800E3,,
1.989900E3,,
1.990000E3,-3.961783E-2,-5.940052E-2
1.990100E3,,
1.990200E3,,
1.990300E3,,
1.990400E3,,
1.990500E3,,
1.990600E3,,
1.990700E3,,
1.990800E3,,
1.990900E3,,
1.991000E3,-3.961957E-2,-5.935659E-2
1.991100E3,,
1.991200E3,,
1.991300E3,,
1.991400E3,,
1.991500E3,,
1.991600E3,,
1.991700E3,,
1.991800E3,,
1.991900E3,,
1.992000E3,-3.961877E-2,-5.940413E-2
1.992100E3,,
1.992200E3,,
1.992300E3,,
1.992400E3,,
1.992500E3,,
1.992600E3,,
1.992700E3,,
1.992800E3,,
1.992900E3,,
1.993000E3,-3.961813E-2,-5.938933E-2
1.993100E3,,
1.993200E3,,
1.993300E3,,
1.993400E3,,
1.993500E3,,
1.993600E3,,
1.993700E3,,
1.993800E3,,
1.993900E3,,
1.994000E3,-3.961749E-2,-5.937404E-2
1.994100E3,,
1.994200E3,,
1.994300E3,,
1.994400E3,,
1.994500E3,,
1.994600E3,,
1.994700E3,,
1.994800E3,,
1.994900E3,,
1.995000E3,-3.961700E-2,-5.936951E-2
1.995100E3,,
1.995200E3,,
1.995300E3,,
1.995400E3,,
1.995500E3,,
1.995600E3,,
1.995700E3,,
1.995800E3,,
1.995900E3,,
1.996000E3,-3.961669E-2,-5.936667E-2
1.996100E3,,
1.996200E3,,
1.996300E3,,
1.996400E3,,
1.996500E3,,
1.996600E3,,
1.996700E3,,
1.996800E3,,
1.996900E3,,
1.997000E3,-3.961653E-2,-5.946925E-2
1.997100E3,,
1.997200E3,,
1.997300E3,,
1.997400E3,,
1.997500E3,,
1.997600E3,,
1.997700E3,,
1.997800E3,,
1.997900E3,,
1.998000E3,-3.961637E-2,-5.937696E-2
1.998100E3,,
1.998200E3,,
1.998300E3,,
1.998400E3,,
1.998500E3,,
1.998600E3,,
1.998700E3,,
1.998800E3,,
1.998900E3,,
1.999000E3,-3.961637E-2,-5.943305E-2
1.999100E3,,
1.999200E3,,
1.999300E3,,
1.999400E3,,
1.999500E3,,
1.999600E3,,
1.999700E3,,
1.999800E3,,
1.999900E3,,
2.000000E3,-3.961637E-2,-5.935337E-2
2.000100E3,,
2.000200E3,,
2.000300E3,,
2.000400E3,,
2.000500E3,,
2.000600E3,,
2.000700E3,,
2.000800E3,,
2.000900E3,,
2.001000E3,-3.961637E-2,-5.935253E-2
2.001100E3,,
2.001200E3,,
2.001300E3,,
2.001400E3,,
2.001500E3,,
2.001600E3,,
2.001700E3,,
2.001800E3,,
2.001900E3,,
2.002000E3,-3.961637E-2,-5.939423E-2
2.002100E3,,
2.002200E3,,
2.002300E3,,
2.002400E3,,
2.002500E3,,
2.002600E3,,
2.002700E3,,
2.002800E3,,
2.002900E3,,
2.003000E3,-3.961637E-2,-5.940446E-2
2.003100E3,,
2.003200E3,,
2.003300E3,,
2.003400E3,,
2.003500E3,,
2.003600E3,,
2.003700E3,,
2.003800E3,,
2.003900E3,,
2.004000E3,-3.961637E-2,-5.940016E-2
2.004100E3,,
2.004200E3,,
2.004300E3,,
2.004400E3,,
2.004500E3,,
2.004600E3,,
2.004700E3,,
2.004800E3,,
2.004900E3,,
2.005000E3,-3.961637E-2,-5.936665E-2
2.005100E3,,
2.005200E3,,
2.005300E3,,
2.005400E3,,
2.005500E3,,
2.005600E3,,
2.005700E3,,
2.005800E3,,
2.005900E3,,
2.006000E3,-3.961637E-2,-5.943018E-2
2.006100E3,,
2.006200E3,,
2.006300E3,,
2.006400E3,,
2.006500E3,,
2.006600E3,,
2.006700E3,,
2.006800E3,,
2.006900E3,,
2.007000E3,-3.961637E-2,-5.935959E-2
2.007100E3,,
2.007200E3,,
2.007300E3,,
2.007400E3,,
2.007500E3,,
2.007600E3,,
2.007700E3,,
2.007800E3,,
2.007900E3,,
2.008000E3,-3.961637E-2,-5.937751E-2
2.008100E3,,
2.008200E3,,
2.008300E3,,
2.008400E3,,
2.008500E3,,
2.008600E3,,
2.008700E3,,
2.008800E3,,
2.008900E3,,
2.009000E3,-3.961637E-2,-5.939579E-2
2.009100E3,,
2.009200E3,,
2.009300E3,,
2.009400E3,,
2.009500E3,,
2.009600E3,,
2.009700E3,,
2.009800E3,,
2.009900E3,,
2.010000E3,-3.961637E-2,-5.934896E-2
2.010100E3,,
2.010200E3,,
2.010300E3,,
2.010400E3,,
2.010500E3,,
2.010600E3,,
2.010700E3,,
2.010800E3,,
2.010900E3,,
2.011000E3,-3.961637E-2,-5.935578E-2
2.011100E3,,
2.011200E3,,
2.011300E3,,
2.011400E3,,
2.011500E3,,
2.011600E3,,
2.011700E3,,
2.011800E3,,
2.011900E3,,
2.012000E3,-3.961637E-2,-5.940477E-2
2.012100E3,,
2.012200E3,,
2.012300E3,,
2.012400E3,,
2.012500E3,,
2.012600E3,,
2.012700E3,,
2.012800E3,,
2.012900E3,,
2.013000E3,-3.961637E-2,-5.939009E-2
2.013100E3,,
2.013200E3,,
2.013300E3,,
2.013400E3,,
2.013500E3,,
2.013600E3,,
2.013700E3,,
2.013800E3,,
2.013900E3,,
2.014000E3,-3.961637E-2,-5.942334E-2
2.014100E3,,
2.014200E3,,
2.014300E3,,
2.014400E3,,
2.014500E3,,
2.014600E3,,
2.014700E3,,
2.014800E3,,
2.014900E3,,
2.015000E3,-3.961637E-2,-5.943273E-2
2.015100E3,,
2.015200E3,,
2.015300E3,,
2.015400E3,,
2.015500E3,,
2.015600E3,,
2.015700E3,,
2.015800E3,,
2.015900E3,,
2.016000E3,-3.961637E-2,-5.939525E-2
2.016100E3,,
2.016200E3,,
2.016300E3,,
2.016400E3,,
2.016500E3,,
2.016600E3,,
2.016700E3,,
2.016800E3,,
2.016900E3,,
2.017000E3,-3.961637E-2,-5.941521E-2
2.017100E3,,
2.017200E3,,
2.017300E3,,
2.017400E3,,
2.017500E3,,
2.017600E3,,
2.017700E3,,
2.017800E3,,
2.017900E3,,
2.018000E3,-3.961637E-2,-5.935601E-2
2.018100E3,,
2.018200E3,,
2.018300E3,,
2.018400E3,,
2.018500E3,,
2.018600E3,,
2.018700E3,,
2.018800E3,,
2.018900E3,,
2.019000E3,-3.961637E-2,-5.934354E-2
2.019100E3,,
2.019200E3,,
2.019300E3,,
2.019400E3,,
2.019500E3,,
2.019600E3,,
2.019700E3,,
2.019800E3,,
2.019900E3,,
2.020000E3,-3.961637E-2,-5.934786E-2
2.020100E3,,
2.020200E3,,
2.020300E3,,
2.020400E3,,
2.020500E3,,
2.020600E3,,
2.020700E3,,
2.020800E3,,
2.020900E3,,
2.021000E3,-3.961637E-2,-5.940920E-2
2.021100E3,,
2.021200E3,,
2.021300E3,,
2.021400E3,,
2.021500E3,,
2.021600E3,,
2.021700E3,,
2.021800E3,,
2.021900E3,,
2.022000E3,-3.961637E-2,-5.931728E-2
2.022100E3,,
2.022200E3,,
2.022300E3,,
2.022400E3,,
2.022500E3,,
2.022600E3,,
2.022700E3,,
2.022800E3,,
2.022900E3,,
2.023000E3,-3.961637E-2,-5.934398E-2
2.023100E3,,
2.023200E3,,
2.023300E3,,
2.023400E3,,
2.023500E3,,
2.023600E3,,
2.023700E3,,
2.023800E3,,
2.023900E3,,
2.024000E3,-3.961637E-2,-5.935918E-2
2.024100E3,,
2.024200E3,,
2.024300E3,,
2.024400E3,,
2.024500E3,,
2.024600E3,,
2.024700E3,,
2.024800E3,,
2.024900E3,,
2.025000E3,-3.961637E-2,-5.942200E-2
2.025100E3,,
2.025200E3,,
2.025300E3,,
2.025400E3,,
2.025500E3,,
2.025600E3,,
2.025700E3,,
2.025800E3,,
2.025900E3,,
2.026000E3,-3.961637E-2,-5.941534E-2
2.026100E3,,
2.026200E3,,
2.026300E3,,
2.026400E3,,
2.026500E3,,
2.026600E3,,
2.026700E3,,
2.026800E3,,
2.026900E3,,
2.027000E3,-3.961637E-2,-5.937412E-2
2.027100E3,,
2.027200E3,,
2.027300E3,,
2.027400E3,,
2.027500E3,,
2.027600E3,,
2.027700E3,,
2.027800E3,,
2.027900E3,,
2.028000E3,-3.961637E-2,-5.941508E-2
2.028100E3,,
2.028200E3,,
2.028300E3,,
2.028400E3,,
2.028500E3,,
2.028600E3,,
2.028700E3,,
2.028800E3,,
2.028900E3,,
2.029000E3,-3.961637E-2,-5.936551E-2
2.029100E3,,
2.029200E3,,
2.029300E3,,
2.029400E3,,
2.029500E3,,
2.029600E3,,
2.029700E3,,
2.029800E3,,
2.029900E3,,
2.030000E3,-3.961637E-2,-5.937983E-2
2.030100E3,,
2.030200E3,,
2.030300E3,,
2.030400E3,,
2.030500E3,,
2.030600E3,,
2.030700E3,,
2.030800E3,,
2.030900E3,,
2.031000E3,-3.961637E-2,-5.943389E-2
2.031100E3,,
2.031200E3,,
2.031300E3,,
2.031400E3,,
2.031500E3,,
2.031600E3,,
2.031700E3,,
2.031800E3,,
2.031900E3,,
2.032000E3,-3.961637E-2,-5.938955E-2
2.032100E3,,
2.032200E3,,
2.032300E3,,
2.032400E3,,
2.032500E3,,
2.032600E3,,
2.032700E3,,
2.032800E3,,
2.032900E3,,
2.033000E3,-3.961637E-2,-5.938594E-2
2.033100E3,,
2.033200E3,,
2.033300E3,,
2.033400E3,,
2.033500E3,,
2.033600E3,,
2.033700E3,,
2.033800E3,,
2.033900E3,,
2.034000E3,-3.961637E-2,-5.940490E-2
2.034100E3,,
2.034200E3,,
2.034300E3,,
2.034400E3,,
2.034500E3,,
2.034600E3,,
2.034700E3,,
2.034800E3,,
2.034900E3,,
2.035000E3,-3.961637E-2,-5.934944E-2
2.035100E3,,
2.035200E3,,
2.035300E3,,
2.035400E3,,
2.035500E3,,
2.035600E3,,
2.035700E3,,
2.035800E3,,
2.035900E3,,
2.036000E3,-3.961637E-2,-5.943123E-2
2.036100E3,,
2.036200E3,,
2.036300E3,,
2.036400E3,,
2.036500E3,,
2.036600E3,,
2.036700E3,,
2.036800E3,,
2.036900E3,,
2.037000E3,-3.961637E-2,-5.944766E-2
2.037100E3,,
2.037200E3,,
2.037300E3,,
2.037400E3,,
2.037500E3,,
2.037600E3,,
2.037700E3,,
2.037800E3,,
2.037900E3,,
2.038000E3,-3.961637E-2,-5.942982E-2
2.038100E3,,
2.038200E3,,
2.038300E3,,
2.038400E3,,
2.038500E3,,
2.038600E3,,
2.038700E3,,
2.038800E3,,
2.038900E3,,
2.039000E3,-3.961689E-2,-5.940547E-2
2.039100E3,,
2.039200E3,,
2.039300E3,,
2.039400E3,,
2.039500E3,,
2.039600E3,,
2.039700E3,,
2.039800E3,,
2.039900E3,,
2.040000E3,-3.961689E-2,-5.938661E-2
2.040100E3,,
2.040200E3,,
2.040300E3,,
2.040400E3,,
2.040500E3,,
2.040600E3,,
2.040700E3,,
2.040800E3,,
2.040900E3,,
2.041000E3,-3.961689E-2,-5.938918E-2
2.041100E3,,
2.041200E3,,
2.041300E3,,
2.041400E3,,
2.041500E3,,
2.041600E3,,
2.041700E3,,
2.041800E3,,
2.041900E3,,
2.042000E3,-3.961689E-2,-5.940108E-2
2.042100E3,,
2.042200E3,,
2.042300E3,,
2.042400E3,,
2.042500E3,,
2.042600E3,,
2.042700E3,,
2.042800E3,,
2.042900E3,,
2.043000E3,-3.961689E-2,-5.942416E-2
2.043100E3,,
2.043200E3,,
2.043300E3,,
2.043400E3,,
2.043500E3,,
2.043600E3,,
2.043700E3,,
2.043800E3,,
2.043900E3,,
2.044000E3,-3.961689E-2,-5.938682E-2
2.044100E3,,
2.044200E3,,
2.044300E3,,
2.044400E3,,
2.044500E3,,
2.044600E3,,
2.044700E3,,
2.044800E3,,
2.044900E3,,
2.045000E3,-3.961689E-2,-5.938591E-2
2.045100E3,,
2.045200E3,,
2.045300E3,,
2.045400E3,,
2.045500E3,,
2.045600E3,,
2.045700E3,,
2.045800E3,,
2.045900E3,,
2.046000E3,-3.961689E-2,-5.940580E-2
2.046100E3,,
2.046200E3,,
2.046300E3,,
2.046400E3,,
2.046500E3,,
2.046600E3,,
2.046700E3,,
2.046800E3,,
2.046900E3,,
2.047000E3,-3.961689E-2,-5.937840E-2
2.047100E3,,
2.047200E3,,
2.047300E3,,
2.047400E3,,
2.047500E3,,
2.047600E3,,
2.047700E3,,
2.047800E3,,
2.047900E3,,
2.048000E3,-3.961689E-2,-5.940336E-2
2.048100E3,,
2.048200E3,,
2.048300E3,,
2.048400E3,,
2.048500E3,,
2.048600E3,,
2.048700E3,,
2.048800E3,,
2.048900E3,,
2.049000E3,-3.961689E-2,-5.940792E-2
2.049100E3,,
2.049200E3,,
2.049300E3,,
2.049400E3,,
2.049500E3,,
2.049600E3,,
2.049700E3,,
2.049800E3,,
2.049900E3,,
2.050000E3,-3.961689E-2,-5.936713E-2
2.050100E3,,
2.050200E3,,
2.050300E3,,
2.050400E3,,
2.050500E3,,
2.050600E3,,
2.050700E3,,
2.050800E3,,
2.050900E3,,
2.051000E3,-3.961689E-2,-5.937208E-2
2.051100E3,,
2.051200E3,,
2.051300E3,,
2.051400E3,,
2.051500E3,,
2.051600E3,,
2.051700E3,,
2.051800E3,,
2.051900E3,,
2.052000E3,-3.961689E-2,-5.938680E-2
2.052100E3,,
2.052200E3,,
2.052300E3,,
2.052400E3,,
2.052500E3,,
2.052600E3,,
2.052700E3,,
2.052800E3,,
2.052900E3,,
2.053000E3,-3.961689E-2,-5.936637E-2
2.053100E3,,
2.053200E3,,
2.053300E3,,
2.053400E3,,
2.053500E3,,
2.053600E3,,
2.053700E3,,
2.053800E3,,
2.053900E3,,
2.054000E3,-3.961689E-2,-5.935624E-2
2.054100E3,,
2.054200E3,,
2.054300E3,,
2.054400E3,,
2.054500E3,,
2.054600E3,,
2.054700E3,,
2.054800E3,,
2.054900E3,,
2.055000E3,-3.961689E-2,-5.939246E-2
2.055100E3,,
2.055200E3,,
2.055300E3,,
2.055400E3,,
2.055500E3,,
2.055600E3,,
2.055700E3,,
2.055800E3,,
2.055900E3,,
2.056000E3,-3.961689E-2,-5.940592E-2
2.056100E3,,
2.056200E3,,
2.056300E3,,
2.056400E3,,
2.056500E3,,
2.056600E3,,
2.056700E3,,
2.056800E3,,
2.056900E3,,
2.057000E3,-3.961689E-2,-5.938794E-2
2.057100E3,,
2.057200E3,,
2.057300E3,,
2.057400E3,,
2.057500E3,,
2.057600E3,,
2.057700E3,,
2.057800E3,,
2.057900E3,,
2.058000E3,-3.961689E-2,-5.937523E-2
2.058100E3,,
2.058200E3,,
2.058300E3,,
2.058400E3,,
2.058500E3,,
2.058600E3,,
2.058700E3,,
2.058800E3,,
2.058900E3,,
2.059000E3,-3.961689E-2,-5.936164E-2
2.059100E3,,
2.059200E3,,
2.059300E3,,
2.059400E3,,
2.059500E3,,
2.059600E3,,
2.059700E3,,
2.059800E3,,
2.059900E3,,
2.060000E3,-3.961689E-2,-5.942624E-2
2.060100E3,,
2.060200E3,,
2.060300E3,,
2.060400E3,,
2.060500E3,,
2.060600E3,,
2.060700E3,,
2.060800E3,,
2.060900E3,,
2.061000E3,-3.961689E-2,-5.938205E-2
2.061100E3,,
2.061200E3,,
2.061300E3,,
2.061400E3,,
2.061500E3,,
2.061600E3,,
2.061700E3,,
2.061800E3,,
2.061900E3,,
2.062000E3,-3.961689E-2,-5.939365E-2
2.062100E3,,
2.062200E3,,
2.062300E3,,
2.062400E3,,
2.062500E3,,
2.062600E3,,
2.062700E3,,
2.062800E3,,
2.062900E3,,
2.063000E3,-3.961689E-2,-5.939824E-2
2.063100E3,,
2.063200E3,,
2.063300E3,,
2.063400E3,,
2.063500E3,,
2.063600E3,,
2.063700E3,,
2.063800E3,,
2.063900E3,,
2.064000E3,-3.961689E-2,-5.933835E-2
2.064100E3,,
2.064200E3,,
2.064300E3,,
2.064400E3,,
2.064500E3,,
2.064600E3,,
2.064700E3,,
2.064800E3,,
2.064900E3,,
2.065000E3,-3.961689E-2,-5.940269E-2
2.065100E3,,
2.065200E3,,
2.065300E3,,
2.065400E3,,
2.065500E3,,
2.065600E3,,
2.065700E3,,
2.065800E3,,
2.065900E3,,
2.066000E3,-3.961689E-2,-5.938040E-2
2.066100E3,,
2.066200E3,,
2.066300E3,,
2.066400E3,,
2.066500E3,,
2.066600E3,,
2.066700E3,,
2.066800E3,,
2.066900E3,,
2.067000E3,-3.961689E-2,-5.936339E-2
2.067100E3,,
2.067200E3,,
2.067300E3,,
2.067400E3,,
2.067500E3,,
2.067600E3,,
2.067700E3,,
2.067800E3,,
2.067900E3,,
2.068000E3,-3.961689E-2,-5.940092E-2
2.068100E3,,
2.068200E3,,
2.068300E3,,
2.068400E3,,
2.068500E3,,
2.068600E3,,
2.068700E3,,
2.068800E3,,
2.068900E3,,
2.069000E3,-3.961689E-2,-5.939333E-2
2.069100E3,,
2.069200E3,,
2.069300E3,,
2.069400E3,,
2.069500E3,,
2.069600E3,,
2.069700E3,,
2.069800E3,,
2.069900E3,,
2.070000E3,-3.961689E-2,-5.937097E-2
2.070100E3,,
2.070200E3,,
2.070300E3,,
2.070400E3,,
2.070500E3,,
2.070600E3,,
2.070700E3,,
2.070800E3,,
2.070900E3,,
2.071000E3,-3.961689E-2,-5.938234E-2
2.071100E3,,
2.071200E3,,
2.071300E3,,
2.071400E3,,
2.071500E3,,
2.071600E3,,
2.071700E3,,
2.071800E3,,
2.071900E3,,
2.072000E3,-3.961689E-2,-5.942789E-2
2.072100E3,,
2.072200E3,,
2.072300E3,,
2.072400E3,,
2.072500E3,,
2.072600E3,,
2.072700E3,,
2.072800E3,,
2.072900E3,,
2.073000E3,-3.961689E-2,-5.935535E-2
2.073100E3,,
2.073200E3,,
2.073300E3,,
2.073400E3,,
2.073500E3,,
2.073600E3,,
2.073700E3,,
2.073800E3,,
2.073900E3,,
2.074000E3,-3.961689E-2,-5.942625E-2
2.074100E3,,
2.074200E3,,
2.074300E3,,
2.074400E3,,
2.074500E3,,
2.074600E3,,
2.074700E3,,
2.074800E3,,
2.074900E3,,
2.075000E3,-3.961689E-2,-5.938783E-2
2.075100E3,,
2.075200E3,,
2.075300E3,,
2.075400E3,,
2.075500E3,,
2.075600E3,,
2.075700E3,,
2.075800E3,,
2.075900E3,,
2.076000E3,-3.961689E-2,-5.939562E-2
2.076100E3,,
2.076200E3,,
2.076300E3,,
2.076400E3,,
2.076500E3,,
2.076600E3,,
2.076700E3,,
2.076800E3,,
2.076900E3,,
2.077000E3,-3.961689E-2,-5.937064E-2
2.077100E3,,
2.077200E3,,
2.077300E3,,
2.077400E3,,
2.077500E3,,
2.077600E3,,
2.077700E3,,
2.077800E3,,
2.077900E3,,
2.078000E3,-3.961689E-2,-5.937731E-2
2.078100E3,,
2.078200E3,,
2.078300E3,,
2.078400E3,,
2.078500E3,,
2.078600E3,,
2.078700E3,,
2.078800E3,,
2.078900E3,,
2.079000E3,-3.961689E-2,-5.937587E-2
2.079100E3,,
2.079200E3,,
2.079300E3,,
2.079400E3,,
2.079500E3,,
2.079600E3,,
2.079700E3,,
2.079800E3,,
2.079900E3,,
2.080000E3,-3.961689E-2,-5.939665E-2
2.080100E3,,
2.080200E3,,
2.080300E3,,
2.080400E3,,
2.080500E3,,
2.080600E3,,
2.080700E3,,
2.080800E3,,
2.080900E3,,
2.081000E3,-3.961689E-2,-5.943651E-2
2.081100E3,,
2.081200E3,,
2.081300E3,,
2.081400E3,,
2.081500E3,,
2.081600E3,,
2.081700E3,,
2.081800E3,,
2.081900E3,,
2.082000E3,-3.961689E-2,-5.936965E-2
2.082100E3,,
2.082200E3,,
2.082300E3,,
2.082400E3,,
2.082500E3,,
2.082600E3,,
2.082700E3,,
2.082800E3,,
2.082900E3,,
2.083000E3,-3.961689E-2,-5.935073E-2
2.083100E3,,
2.083200E3,,
2.083300E3,,
2.083400E3,,
2.083500E3,,
2.083600E3,,
2.083700E3,,
2.083800E3,,
2.083900E3,,
2.084000E3,-3.961689E-2,-5.937670E-2
2.084100E3,,
2.084200E3,,
2.084300E3,,
2.084400E3,,
2.084500E3,,
2.084600E3,,
2.084700E3,,
2.084800E3,,
2.084900E3,,
2.085000E3,-3.961689E-2,-5.941225E-2
2.085100E3,,
2.085200E3,,
2.085300E3,,
2.085400E3,,
2.085500E3,,
2.085600E3,,
2.085700E3,,
2.085800E3,,
2.085900E3,,
2.086000E3,-3.961689E-2,-5.936549E-2
2.086100E3,,
2.086200E3,,
2.086300E3,,
2.086400E3,,
2.086500E3,,
2.086600E3,,
2.086700E3,,
2.086800E3,,
2.086900E3,,
2.087000E3,-3.961689E-2,-5.943051E-2
2.087100E3,,
2.087200E3,,
2.087300E3,,
2.087400E3,,
2.087500E3,,
2.087600E3,,
2.087700E3,,
2.087800E3,,
2.087900E3,,
2.088000E3,-3.961689E-2,-5.937848E-2
2.088100E3,,
2.088200E3,,
2.088300E3,,
2.088400E3,,
2.088500E3,,
2.088600E3,,
2.088700E3,,
2.088800E3,,
2.088900E3,,
2.089000E3,-3.961689E-2,-5.935751E-2
2.089100E3,,
2.089200E3,,
2.089300E3,,
2.089400E3,,
2.089500E3,,
2.089600E3,,
2.089700E3,,
2.089800E3,,
2.089900E3,,
2.090000E3,-3.961772E-2,-5.937270E-2
2.090100E3,,
2.090200E3,,
2.090300E3,,
2.090400E3,,
2.090500E3,,
2.090600E3,,
2.090700E3,,
2.090800E3,,
2.090900E3,,
2.091000E3,-3.961755E-2,-5.939086E-2
2.091100E3,,
2.091200E3,,
2.091300E3,,
2.091400E3,,
2.091500E3,,
2.091600E3,,
2.091700E3,,
2.091800E3,,
2.091900E3,,
2.092000E3,-3.961739E-2,-5.936269E-2
2.092100E3,,
2.092200E3,,
2.092300E3,,
2.092400E3,,
2.092500E3,,
2.092600E3,,
2.092700E3,,
2.092800E3,,
2.092900E3,,
2.093000E3,-3.961723E-2,-5.941323E-2
2.093100E3,,
2.093200E3,,
2.093300E3,,
2.093400E3,,
2.093500E3,,
2.093600E3,,
2.093700E3,,
2.093800E3,,
2.093900E3,,
2.094000E3,-3.961706E-2,-5.943907E-2
2.094100E3,,
2.094200E3,,
2.094300E3,,
2.094400E3,,
2.094500E3,,
2.094600E3,,
2.094700E3,,
2.094800E3,,
2.094900E3,,
2.095000E3,-3.961690E-2,-5.939232E-2
2.095100E3,,
2.095200E3,,
2.095300E3,,
2.095400E3,,
2.095500E3,,
2.095600E3,,
2.095700E3,,
2.095800E3,,
2.095900E3,,
2.096000E3,-3.961690E-2,-5.938709E-2
2.096100E3,,
2.096200E3,,
2.096300E3,,
2.096400E3,,
2.096500E3,,
2.096600E3,,
2.096700E3,,
2.096800E3,,
2.096900E3,,
2.097000E3,-3.961796E-2,-5.943252E-2
2.097100E3,,
2.097200E3,,
2.097300E3,,
2.097400E3,,
2.097500E3,,
2.097600E3,,
2.097700E3,,
2.097800E3,,
2.097900E3,,
2.098000E3,-3.961780E-2,-5.933913E-2
2.098100E3,,
2.098200E3,,
2.098300E3,,
2.098400E3,,
2.098500E3,,
2.098600E3,,
2.098700E3,,
2.098800E3,,
2.098900E3,,
2.099000E3,-3.961765E-2,-5.940794E-2
2.099100E3,,
2.099200E3,,
2.099300E3,,
2.099400E3,,
2.099500E3,,
2.099600E3,,
2.099700E3,,
2.099800E3,,
2.099900E3,,
2.100000E3,-3.961749E-2,-5.936242E-2
2.100100E3,,
2.100200E3,,
2.100300E3,,
2.100400E3,,
2.100500E3,,
2.100600E3,,
2.100700E3,,
2.100800E3,,
2.100900E3,,
2.101000E3,-3.961818E-2,-5.941715E-2
2.101100E3,,
2.101200E3,,
2.101300E3,,
2.101400E3,,
2.101500E3,,
2.101600E3,,
2.101700E3,,
2.101800E3,,
2.101900E3,,
2.102000E3,-3.961802E-2,-5.938096E-2
2.102100E3,,
2.102200E3,,
2.102300E3,,
2.102400E3,,
2.102500E3,,
2.102600E3,,
2.102700E3,,
2.102800E3,,
2.102900E3,,
2.103000E3,-3.961786E-2,-5.938163E-2
2.103100E3,,
2.103200E3,,
2.103300E3,,
2.103400E3,,
2.103500E3,,
2.103600E3,,
2.103700E3,,
2.103800E3,,
2.103900E3,,
2.104000E3,-3.961770E-2,-5.933337E-2
2.104100E3,,
2.104200E3,,
2.104300E3,,
2.104400E3,,
2.104500E3,,
2.104600E3,,
2.104700E3,,
2.104800E3,,
2.104900E3,,
2.105000E3,-3.961753E-2,-5.941867E-2
2.105100E3,,
2.105200E3,,
2.105300E3,,
2.105400E3,,
2.105500E3,,
2.105600E3,,
2.105700E3,,
2.105800E3,,
2.105900E3,,
2.106000E3,-3.961737E-2,-5.944467E-2
2.106100E3,,
2.106200E3,,
2.106300E3,,
2.106400E3,,
2.106500E3,,
2.106600E3,,
2.106700E3,,
2.106800E3,,
2.106900E3,,
2.107000E3,-3.961737E-2,-5.932498E-2
2.107100E3,,
2.107200E3,,
2.107300E3,,
2.107400E3,,
2.107500E3,,
2.107600E3,,
2.107700E3,,
2.107800E3,,
2.107900E3,,
2.108000E3,-3.961737E-2,-5.938149E-2
2.108100E3,,
2.108200E3,,
2.108300E3,,
2.108400E3,,
2.108500E3,,
2.108600E3,,
2.108700E3,,
2.108800E3,,
2.108900E3,,
2.109000E3,-3.961737E-2,-5.938134E-2
2.109100E3,,
2.109200E3,,
2.109300E3,,
2.109400E3,,
2.109500E3,,
2.109600E3,,
2.109700E3,,
2.109800E3,,
2.109900E3,,
2.110000E3,-3.962146E-2,-5.937181E-2
2.110100E3,,
2.110200E3,,
2.110300E3,,
2.110400E3,,
2.110500E3,,
2.110600E3,,
2.110700E3,,
2.110800E3,,
2.110900E3,,
2.111000E3,-3.962062E-2,-5.940501E-2
2.111100E3,,
2.111200E3,,
2.111300E3,,
2.111400E3,,
2.111500E3,,
2.111600E3,,
2.111700E3,,
2.111800E3,,
2.111900E3,,
2.112000E3,-3.961977E-2,-5.938298E-2
2.112100E3,,
2.112200E3,,
2.112300E3,,
2.112400E3,,
2.112500E3,,
2.112600E3,,
2.112700E3,,
2.112800E3,,
2.112900E3,,
2.113000E3,-3.961909E-2,-5.936241E-2
2.113100E3,,
2.113200E3,,
2.113300E3,,
2.113400E3,,
2.113500E3,,
2.113600E3,,
2.113700E3,,
2.113800E3,,
2.113900E3,,
2.114000E3,-3.961858E-2,-5.937274E-2
2.114100E3,,
2.114200E3,,
2.114300E3,,
2.114400E3,,
2.114500E3,,
2.114600E3,,
2.114700E3,,
2.114800E3,,
2.114900E3,,
2.115000E3,-3.961825E-2,-5.941889E-2
2.115100E3,,
2.115200E3,,
2.115300E3,,
2.115400E3,,
2.115500E3,,
2.115600E3,,
2.115700E3,,
2.115800E3,,
2.115900E3,,
2.116000E3,-3.962079E-2,-5.936379E-2
2.116100E3,,
2.116200E3,,
2.116300E3,,
2.116400E3,,
2.116500E3,,
2.116600E3,,
2.116700E3,,
2.116800E3,,
2.116900E3,,
2.117000E3,-3.962015E-2,-5.938309E-2
2.117100E3,,
2.117200E3,,
2.117300E3,,
2.117400E3,,
2.117500E3,,
2.117600E3,,
2.117700E3,,
2.117800E3,,
2.117900E3,,
2.118000E3,-3.961984E-2,-5.940570E-2
2.118100E3,,
2.118200E3,,
2.118300E3,,
2.118400E3,,
2.118500E3,,
2.118600E3,,
2.118700E3,,
2.118800E3,,
2.118900E3,,
2.119000E3,-3.961953E-2,-5.935878E-2
2.119100E3,,
2.119200E3,,
2.119300E3,,
2.119400E3,,
2.119500E3,,
2.119600E3,,
2.119700E3,,
2.119800E3,,
2.119900E3,,
2.120000E3,-3.961938E-2,-5.938914E-2
2.120100E3,,
2.120200E3,,
2.120300E3,,
2.120400E3,,
2.120500E3,,
2.120600E3,,
2.120700E3,,
2.120800E3,,
2.120900E3,,
2.121000E3,-3.961938E-2,-5.939009E-2
2.121100E3,,
2.121200E3,,
2.121300E3,,
2.121400E3,,
2.121500E3,,
2.121600E3,,
2.121700E3,,
2.121800E3,,
2.121900E3,,
2.122000E3,-3.961938E-2,-5.940048E-2
2.122100E3,,
2.122200E3,,
2.122300E3,,
2.122400E3,,
2.122500E3,,
2.122600E3,,
2.122700E3,,
2.122800E3,,
2.122900E3,,
2.123000E3,-3.961938E-2,-5.940447E-2
2.123100E3,,
2.123200E3,,
2.123300E3,,
2.123400E3,,
2.123500E3,,
2.123600E3,,
2.123700E3,,
2.123800E3,,
2.123900E3,,
2.124000E3,-3.961938E-2,-5.948046E-2
2.124100E3,,
2.124200E3,,
2.124300E3,,
2.124400E3,,
2.124500E3,,
2.124600E3,,
2.124700E3,,
2.124800E3,,
2.124900E3,,
2.125000E3,-3.961938E-2,-5.938318E-2
2.125100E3,,
2.125200E3,,
2.125300E3,,
2.125400E3,,
2.125500E3,,
2.125600E3,,
2.125700E3,,
2.125800E3,,
2.125900E3,,
2.126000E3,-3.961938E-2,-5.941418E-2
2.126100E3,,
2.126200E3,,
2.126300E3,,
2.126400E3,,
2.126500E3,,
2.126600E3,,
2.126700E3,,
2.126800E3,,
2.126900E3,,
2.127000E3,-3.961938E-2,-5.939846E-2
2.127100E3,,
2.127200E3,,
2.127300E3,,
2.127400E3,,
2.127500E3,,
2.127600E3,,
2.127700E3,,
2.127800E3,,
2.127900E3,,
2.128000E3,-3.961938E-2,-5.935648E-2
2.128100E3,,
2.128200E3,,
2.128300E3,,
2.128400E3,,
2.128500E3,,
2.128600E3,,
2.128700E3,,
2.128800E3,,
2.128900E3,,
2.129000E3,-3.961938E-2,-5.940840E-2
2.129100E3,,
2.129200E3,,
2.129300E3,,
2.129400E3,,
2.129500E3,,
2.129600E3,,
2.129700E3,,
2.129800E3,,
2.129900E3,,
2.130000E3,-3.962194E-2,-5.934670E-2
2.130100E3,,
2.130200E3,,
2.130300E3,,
2.130400E3,,
2.130500E3,,
2.130600E3,,
2.130700E3,,
2.130800E3,,
2.130900E3,,
2.131000E3,-3.962141E-2,-5.937610E-2
2.131100E3,,
2.131200E3,,
2.131300E3,,
2.131400E3,,
2.131500E3,,
2.131600E3,,
2.131700E3,,
2.131800E3,,
2.131900E3,,
2.132000E3,-3.962089E-2,-5.930383E-2
2.132100E3,,
2.132200E3,,
2.132300E3,,
2.132400E3,,
2.132500E3,,
2.132600E3,,
2.132700E3,,
2.132800E3,,
2.132900E3,,
2.133000E3,-3.962054E-2,-5.941570E-2
2.133100E3,,
2.133200E3,,
2.133300E3,,
2.133400E3,,
2.133500E3,,
2.133600E3,,
2.133700E3,,
2.133800E3,,
2.133900E3,,
2.134000E3,-3.962019E-2,-5.933338E-2
2.134100E3,,
2.134200E3,,
2.134300E3,,
2.134400E3,,
2.134500E3,,
2.134600E3,,
2.134700E3,,
2.134800E3,,
2.134900E3,,
2.135000E3,-3.962001E-2,-5.942680E-2
2.135100E3,,
2.135200E3,,
2.135300E3,,
2.135400E3,,
2.135500E3,,
2.135600E3,,
2.135700E3,,
2.135800E3,,
2.135900E3,,
2.136000E3,-3.961984E-2,-5.940128E-2
2.136100E3,,
2.136200E3,,
2.136300E3,,
2.136400E3,,
2.136500E3,,
2.136600E3,,
2.136700E3,,
2.136800E3,,
2.136900E3,,
2.137000E3,-3.961966E-2,-5.944406E-2
2.137100E3,,
2.137200E3,,
2.137300E3,,
2.137400E3,,
2.137500E3,,
2.137600E3,,
2.137700E3,,
2.137800E3,,
2.137900E3,,
2.138000E3,-3.961966E-2,-5.942161E-2
2.138100E3,,
2.138200E3,,
2.138300E3,,
2.138400E3,,
2.138500E3,,
2.138600E3,,
2.138700E3,,
2.138800E3,,
2.138900E3,,
2.139000E3,-3.961966E-2,-5.937041E-2
2.139100E3,,
2.139200E3,,
2.139300E3,,
2.139400E3,,
2.139500E3,,
2.139600E3,,
2.139700E3,,
2.139800E3,,
2.139900E3,,
2.140000E3,-3.961966E-2,-5.935982E-2
2.140100E3,,
2.140200E3,,
2.140300E3,,
2.140400E3,,
2.140500E3,,
2.140600E3,,
2.140700E3,,
2.140800E3,,
2.140900E3,,
2.141000E3,-3.961966E-2,-5.941317E-2
2.141100E3,,
2.141200E3,,
2.141300E3,,
2.141400E3,,
2.141500E3,,
2.141600E3,,
2.141700E3,,
2.141800E3,,
2.141900E3,,
2.142000E3,-3.961966E-2,-5.938505E-2
2.142100E3,,
2.142200E3,,
2.142300E3,,
2.142400E3,,
2.142500E3,,
2.142600E3,,
2.142700E3,,
2.142800E3,,
2.142900E3,,
2.143000E3,-3.961966E-2,-5.935609E-2
2.143100E3,,
2.143200E3,,
2.143300E3,,
2.143400E3,,
2.143500E3,,
2.143600E3,,
2.143700E3,,
2.143800E3,,
2.143900E3,,
2.144000E3,-3.961966E-2,-5.935953E-2
2.144100E3,,
2.144200E3,,
2.144300E3,,
2.144400E3,,
2.144500E3,,
2.144600E3,,
2.144700E3,,
2.144800E3,,
2.144900E3,,
2.145000E3,-3.961966E-2,-5.935345E-2
2.145100E3,,
2.145200E3,,
2.145300E3,,
2.145400E3,,
2.145500E3,,
2.145600E3,,
2.145700E3,,
2.145800E3,,
2.145900E3,,
2.146000E3,-3.961966E-2,-5.942053E-2
2.146100E3,,
2.146200E3,,
2.146300E3,,
2.146400E3,,
2.146500E3,,
2.146600E3,,
2.146700E3,,
2.146800E3,,
2.146900E3,,
2.147000E3,-3.961966E-2,-5.940810E-2
2.147100E3,,
2.147200E3,,
2.147300E3,,
2.147400E3,,
2.147500E3,,
2.147600E3,,
2.147700E3,,
2.147800E3,,
2.147900E3,,
2.148000E3,-3.961966E-2,-5.937104E-2
2.148100E3,,
2.148200E3,,
2.148300E3,,
2.148400E3,,
2.148500E3,,
2.148600E3,,
2.148700E3,,
2.148800E3,,
2.148900E3,,
2.149000E3,-3.961966E-2,-5.944256E-2
2.149100E3,,
2.149200E3,,
2.149300E3,,
2.149400E3,,
2.149500E3,,
2.149600E3,,
2.149700E3,,
2.149800E3,,
2.149900E3,,
2.150000E3,-3.961966E-2,-5.936890E-2
2.150100E3,,
2.150200E3,,
2.150300E3,,
2.150400E3,,
2.150500E3,,
2.150600E3,,
2.150700E3,,
2.150800E3,,
2.150900E3,,
2.151000E3,-3.961966E-2,-5.937423E-2
2.151100E3,,
2.151200E3,,
2.151300E3,,
2.151400E3,,
2.151500E3,,
2.151600E3,,
2.151700E3,,
2.151800E3,,
2.151900E3,,
2.152000E3,-3.961966E-2,-5.937799E-2
2.152100E3,,
2.152200E3,,
2.152300E3,,
2.152400E3,,
2.152500E3,,
2.152600E3,,
2.152700E3,,
2.152800E3,,
2.152900E3,,
2.153000E3,-3.961966E-2,-5.942638E-2
2.153100E3,,
2.153200E3,,
2.153300E3,,
2.153400E3,,
2.153500E3,,
2.153600E3,,
2.153700E3,,
2.153800E3,,
2.153900E3,,
2.154000E3,-3.961966E-2,-5.938207E-2
2.154100E3,,
2.154200E3,,
2.154300E3,,
2.154400E3,,
2.154500E3,,
2.154600E3,,
2.154700E3,,
2.154800E3,,
2.154900E3,,
2.155000E3,-3.961966E-2,-5.937700E-2
2.155100E3,,
2.155200E3,,
2.155300E3,,
2.155400E3,,
2.155500E3,,
2.155600E3,,
2.155700E3,,
2.155800E3,,
2.155900E3,,
2.156000E3,-3.961966E-2,-5.941747E-2
2.156100E3,,
2.156200E3,,
2.156300E3,,
2.156400E3,,
2.156500E3,,
2.156600E3,,
2.156700E3,,
2.156800E3,,
2.156900E3,,
2.157000E3,-3.961966E-2,-5.938285E-2
2.157100E3,,
2.157200E3,,
2.157300E3,,
2.157400E3,,
2.157500E3,,
2.157600E3,,
2.157700E3,,
2.157800E3,,
2.157900E3,,
2.158000E3,-3.962190E-2,-5.937929E-2
2.158100E3,,
2.158200E3,,
2.158300E3,,
2.158400E3,,
2.158500E3,,
2.158600E3,,
2.158700E3,,
2.158800E3,,
2.158900E3,,
2.159000E3,-3.962216E-2,-5.938054E-2
2.159100E3,,
2.159200E3,,
2.159300E3,,
2.159400E3,,
2.159500E3,,
2.159600E3,,
2.159700E3,,
2.159800E3,,
2.159900E3,,
2.160000E3,-3.962168E-2,-5.941605E-2
2.160100E3,,
2.160200E3,,
2.160300E3,,
2.160400E3,,
2.160500E3,,
2.160600E3,,
2.160700E3,,
2.160800E3,,
2.160900E3,,
2.161000E3,-3.962121E-2,-5.934611E-2
2.161100E3,,
2.161200E3,,
2.161300E3,,
2.161400E3,,
2.161500E3,,
2.161600E3,,
2.161700E3,,
2.161800E3,,
2.161900E3,,
2.162000E3,-3.962089E-2,-5.945964E-2
2.162100E3,,
2.162200E3,,
2.162300E3,,
2.162400E3,,
2.162500E3,,
2.162600E3,,
2.162700E3,,
2.162800E3,,
2.162900E3,,
2.163000E3,-3.962073E-2,-5.940957E-2
2.163100E3,,
2.163200E3,,
2.163300E3,,
2.163400E3,,
2.163500E3,,
2.163600E3,,
2.163700E3,,
2.163800E3,,
2.163900E3,,
2.164000E3,-3.962057E-2,-5.943517E-2
2.164100E3,,
2.164200E3,,
2.164300E3,,
2.164400E3,,
2.164500E3,,
2.164600E3,,
2.164700E3,,
2.164800E3,,
2.164900E3,,
2.165000E3,-3.962057E-2,-5.943285E-2
2.165100E3,,
2.165200E3,,
2.165300E3,,
2.165400E3,,
2.165500E3,,
2.165600E3,,
2.165700E3,,
2.165800E3,,
2.165900E3,,
2.166000E3,-3.962057E-2,-5.935592E-2
2.166100E3,,
2.166200E3,,
2.166300E3,,
2.166400E3,,
2.166500E3,,
2.166600E3,,
2.166700E3,,
2.166800E3,,
2.166900E3,,
2.167000E3,-3.962057E-2,-5.943587E-2
2.167100E3,,
2.167200E3,,
2.167300E3,,
2.167400E3,,
2.167500E3,,
2.167600E3,,
2.167700E3,,
2.167800E3,,
2.167900E3,,
2.168000E3,-3.962057E-2,-5.938515E-2
2.168100E3,,
2.168200E3,,
2.168300E3,,
2.168400E3,,
2.168500E3,,
2.168600E3,,
2.168700E3,,
2.168800E3,,
2.168900E3,,
2.169000E3,-3.962057E-2,-5.935381E-2
2.169100E3,,
2.169200E3,,
2.169300E3,,
2.169400E3,,
2.169500E3,,
2.169600E3,,
2.169700E3,,
2.169800E3,,
2.169900E3,,
2.170000E3,-3.962057E-2,-5.940399E-2
2.170100E3,,
2.170200E3,,
2.170300E3,,
2.170400E3,,
2.170500E3,,
2.170600E3,,
2.170700E3,,
2.170800E3,,
2.170900E3,,
2.171000E3,-3.962057E-2,-5.935082E-2
2.171100E3,,
2.171200E3,,
2.171300E3,,
2.171400E3,,
2.171500E3,,
2.171600E3,,
2.171700E3,,
2.171800E3,,
2.171900E3,,
2.172000E3,-3.962057E-2,-5.941710E-2
2.172100E3,,
2.172200E3,,
2.172300E3,,
2.172400E3,,
2.172500E3,,
2.172600E3,,
2.172700E3,,
2.172800E3,,
2.172900E3,,
2.173000E3,-3.962057E-2,-5.934674E-2
2.173100E3,,
2.173200E3,,
2.173300E3,,
2.173400E3,,
2.173500E3,,
2.173600E3,,
2.173700E3,,
2.173800E3,,
2.173900E3,,
2.174000E3,-3.962057E-2,-5.939174E-2
2.174100E3,,
2.174200E3,,
2.174300E3,,
2.174400E3,,
2.174500E3,,
2.174600E3,,
2.174700E3,,
2.174800E3,,
2.174900E3,,
2.175000E3,-3.962057E-2,-5.945227E-2
2.175100E3,,
2.175200E3,,
2.175300E3,,
2.175400E3,,
2.175500E3,,
2.175600E3,,
2.175700E3,,
2.175800E3,,
2.175900E3,,
2.176000E3,-3.962057E-2,-5.940625E-2
2.176100E3,,
2.176200E3,,
2.176300E3,,
2.176400E3,,
2.176500E3,,
2.176600E3,,
2.176700E3,,
2.176800E3,,
2.176900E3,,
2.177000E3,-3.962057E-2,-5.936890E-2
2.177100E3,,
2.177200E3,,
2.177300E3,,
2.177400E3,,
2.177500E3,,
2.177600E3,,
2.177700E3,,
2.177800E3,,
2.177900E3,,
2.178000E3,-3.962057E-2,-5.937870E-2
2.178100E3,,
2.178200E3,,
2.178300E3,,
2.178400E3,,
2.178500E3,,
2.178600E3,,
2.178700E3,,
2.178800E3,,
2.178900E3,,
2.179000E3,-3.962057E-2,-5.935065E-2
2.179100E3,,
2.179200E3,,
2.179300E3,,
2.179400E3,,
2.179500E3,,
2.179600E3,,
2.179700E3,,
2.179800E3,,
2.179900E3,,
2.180000E3,-3.962057E-2,-5.943780E-2
2.180100E3,,
2.180200E3,,
2.180300E3,,
2.180400E3,,
2.180500E3,,
2.180600E3,,
2.180700E3,,
2.180800E3,,
2.180900E3,,
2.181000E3,-3.962057E-2,-5.938007E-2
2.181100E3,,
2.181200E3,,
2.181300E3,,
2.181400E3,,
2.181500E3,,
2.181600E3,,
2.181700E3,,
2.181800E3,,
2.181900E3,,
2.182000E3,-3.963758E-2,-5.935116E-2
2.182100E3,,
2.182200E3,,
2.182300E3,,
2.182400E3,,
2.182500E3,,
2.182600E3,,
2.182700E3,,
2.182800E3,,
2.182900E3,,
2.183000E3,-3.963407E-2,-5.935707E-2
2.183100E3,,
2.183200E3,,
2.183300E3,,
2.183400E3,,
2.183500E3,,
2.183600E3,,
2.183700E3,,
2.183800E3,,
2.183900E3,,
2.184000E3,-3.963115E-2,-5.940420E-2
2.184100E3,,
2.184200E3,,
2.184300E3,,
2.184400E3,,
2.184500E3,,
2.184600E3,,
2.184700E3,,
2.184800E3,,
2.184900E3,,
2.185000E3,-3.962888E-2,-5.938750E-2
2.185100E3,,
2.185200E3,,
2.185300E3,,
2.185400E3,,
2.185500E3,,
2.185600E3,,
2.185700E3,,
2.185800E3,,
2.185900E3,,
2.186000E3,-3.962725E-2,-5.943901E-2
2.186100E3,,
2.186200E3,,
2.186300E3,,
2.186400E3,,
2.186500E3,,
2.186600E3,,
2.186700E3,,
2.186800E3,,
2.186900E3,,
2.187000E3,-3.962620E-2,-5.943644E-2
2.187100E3,,
2.187200E3,,
2.187300E3,,
2.187400E3,,
2.187500E3,,
2.187600E3,,
2.187700E3,,
2.187800E3,,
2.187900E3,,
2.188000E3,-3.962557E-2,-5.940265E-2
2.188100E3,,
2.188200E3,,
2.188300E3,,
2.188400E3,,
2.188500E3,,
2.188600E3,,
2.188700E3,,
2.188800E3,,
2.188900E3,,
2.189000E3,-3.962494E-2,-5.932708E-2
2.189100E3,,
2.189200E3,,
2.189300E3,,
2.189400E3,,
2.189500E3,,
2.189600E3,,
2.189700E3,,
2.189800E3,,
2.189900E3,,
2.190000E3,-3.962451E-2,-5.938471E-2
2.190100E3,,
2.190200E3,,
2.190300E3,,
2.190400E3,,
2.190500E3,,
2.190600E3,,
2.190700E3,,
2.190800E3,,
2.190900E3,,
2.191000E3,-3.962430E-2,-5.941472E-2
2.191100E3,,
2.191200E3,,
2.191300E3,,
2.191400E3,,
2.191500E3,,
2.191600E3,,
2.191700E3,,
2.191800E3,,
2.191900E3,,
2.192000E3,-3.962408E-2,-5.937371E-2
2.192100E3,,
2.192200E3,,
2.192300E3,,
2.192400E3,,
2.192500E3,,
2.192600E3,,
2.192700E3,,
2.192800E3,,
2.192900E3,,
2.193000E3,-3.962387E-2,-5.938911E-2
2.193100E3,,
2.193200E3,,
2.193300E3,,
2.193400E3,,
2.193500E3,,
2.193600E3,,
2.193700E3,,
2.193800E3,,
2.193900E3,,
2.194000E3,-3.962366E-2,-5.935676E-2
2.194100E3,,
2.194200E3,,
2.194300E3,,
2.194400E3,,
2.194500E3,,
2.194600E3,,
2.194700E3,,
2.194800E3,,
2.194900E3,,
2.195000E3,-3.962366E-2,-5.936628E-2
2.195100E3,,
2.195200E3,,
2.195300E3,,
2.195400E3,,
2.195500E3,,
2.195600E3,,
2.195700E3,,
2.195800E3,,
2.195900E3,,
2.196000E3,-3.962366E-2,-5.936863E-2
2.196100E3,,
2.196200E3,,
2.196300E3,,
2.196400E3,,
2.196500E3,,
2.196600E3,,
2.196700E3,,
2.196800E3,,
2.196900E3,,
2.197000E3,-3.962366E-2,-5.934160E-2
2.197100E3,,
2.197200E3,,
2.197300E3,,
2.197400E3,,
2.197500E3,,
2.197600E3,,
2.197700E3,,
2.197800E3,,
2.197900E3,,
2.198000E3,-3.962366E-2,-5.941918E-2
2.198100E3,,
2.198200E3,,
2.198300E3,,
2.198400E3,,
2.198500E3,,
2.198600E3,,
2.198700E3,,
2.198800E3,,
2.198900E3,,
2.199000E3,-3.962366E-2,-5.936048E-2
2.199100E3,,
2.199200E3,,
2.199300E3,,
2.199400E3,,
2.199500E3,,
2.199600E3,,
2.199700E3,,
2.199800E3,,
2.199900E3,,
2.200000E3,-3.962366E-2,-5.937643E-2
2.200100E3,,
2.200200E3,,
2.200300E3,,
2.200400E3,,
2.200500E3,,
2.200600E3,,
2.200700E3,,
2.200800E3,,
2.200900E3,,
2.201000E3,-3.962366E-2,-5.939904E-2
2.201100E3,,
2.201200E3,,
2.201300E3,,
2.201400E3,,
2.201500E3,,
2.201600E3,,
2.201700E3,,
2.201800E3,,
2.201900E3,,
2.202000E3,-3.962366E-2,-5.943504E-2
2.202100E3,,
2.202200E3,,
2.202300E3,,
2.202400E3,,
2.202500E3,,
2.202600E3,,
2.202700E3,,
2.202800E3,,
2.202900E3,,
2.203000E3,-3.962366E-2,-5.935275E-2
2.203100E3,,
2.203200E3,,
2.203300E3,,
2.203400E3,,
2.203500E3,,
2.203600E3,,
2.203700E3,,
2.203800E3,,
2.203900E3,,
2.204000E3,-3.962366E-2,-5.934198E-2
2.204100E3,,
2.204200E3,,
2.204300E3,,
2.204400E3,,
2.204500E3,,
2.204600E3,,
2.204700E3,,
2.204800E3,,
2.204900E3,,
2.205000E3,-3.962366E-2,-5.942580E-2
2.205100E3,,
2.205200E3,,
2.205300E3,,
2.205400E3,,
2.205500E3,,
2.205600E3,,
2.205700E3,,
2.205800E3,,
2.205900E3,,
2.206000E3,-3.962366E-2,-5.940299E-2
2.206100E3,,
2.206200E3,,
2.206300E3,,
2.206400E3,,
2.206500E3,,
2.206600E3,,
2.206700E3,,
2.206800E3,,
2.206900E3,,
2.207000E3,-3.962366E-2,-5.941616E-2
2.207100E3,,
2.207200E3,,
2.207300E3,,
2.207400E3,,
2.207500E3,,
2.207600E3,,
2.207700E3,,
2.207800E3,,
2.207900E3,,
2.208000E3,-3.962366E-2,-5.936009E-2
2.208100E3,,
2.208200E3,,
2.208300E3,,
2.208400E3,,
2.208500E3,,
2.208600E3,,
2.208700E3,,
2.208800E3,,
2.208900E3,,
2.209000E3,-3.962366E-2,-5.936500E-2
2.209100E3,,
2.209200E3,,
2.209300E3,,
2.209400E3,,
2.209500E3,,
2.209600E3,,
2.209700E3,,
2.209800E3,,
2.209900E3,,
2.210000E3,-3.962366E-2,-5.937852E-2
2.210100E3,,
2.210200E3,,
2.210300E3,,
2.210400E3,,
2.210500E3,,
2.210600E3,,
2.210700E3,,
2.210800E3,,
2.210900E3,,
2.211000E3,-3.962366E-2,-5.937222E-2
2.211100E3,,
2.211200E3,,
2.211300E3,,
2.211400E3,,
2.211500E3,,
2.211600E3,,
2.211700E3,,
2.211800E3,,
2.211900E3,,
2.212000E3,-3.962366E-2,-5.937634E-2
2.212100E3,,
2.212200E3,,
2.212300E3,,
2.212400E3,,
2.212500E3,,
2.212600E3,,
2.212700E3,,
2.212800E3,,
2.212900E3,,
2.213000E3,-3.962366E-2,-5.936453E-2
2.213100E3,,
2.213200E3,,
2.213300E3,,
2.213400E3,,
2.213500E3,,
2.213600E3,,
2.213700E3,,
2.213800E3,,
2.213900E3,,
2.214000E3,-3.962366E-2,-5.935966E-2
2.214100E3,,
2.214200E3,,
2.214300E3,,
2.214400E3,,
2.214500E3,,
2.214600E3,,
2.214700E3,,
2.214800E3,,
2.214900E3,,
2.215000E3,-3.962366E-2,-5.938417E-2
2.215100E3,,
2.215200E3,,
2.215300E3,,
2.215400E3,,
2.215500E3,,
2.215600E3,,
2.215700E3,,
2.215800E3,,
2.215900E3,,
2.216000E3,-3.962366E-2,-5.939502E-2
2.216100E3,,
2.216200E3,,
2.216300E3,,
2.216400E3,,
2.216500E3,,
2.216600E3,,
2.216700E3,,
2.216800E3,,
2.216900E3,,
2.217000E3,-3.962366E-2,-5.936189E-2
2.217100E3,,
2.217200E3,,
2.217300E3,,
2.217400E3,,
2.217500E3,,
2.217600E3,,
2.217700E3,,
2.217800E3,,
2.217900E3,,
2.218000E3,-3.962366E-2,-5.937528E-2
2.218100E3,,
2.218200E3,,
2.218300E3,,
2.218400E3,,
2.218500E3,,
2.218600E3,,
2.218700E3,,
2.218800E3,,
2.218900E3,,
2.219000E3,-3.962366E-2,-5.936890E-2
2.219100E3,,
2.219200E3,,
2.219300E3,,
2.219400E3,,
2.219500E3,,
2.219600E3,,
2.219700E3,,
2.219800E3,,
2.219900E3,,
2.220000E3,-3.962366E-2,-5.940500E-2
2.220100E3,,
2.220200E3,,
2.220300E3,,
2.220400E3,,
2.220500E3,,
2.220600E3,,
2.220700E3,,
2.220800E3,,
2.220900E3,,
2.221000E3,-3.962366E-2,-5.940979E-2
2.221100E3,,
2.221200E3,,
2.221300E3,,
2.221400E3,,
2.221500E3,,
2.221600E3,,
2.221700E3,,
2.221800E3,,
2.221900E3,,
2.222000E3,-3.962366E-2,-5.936696E-2
2.222100E3,,
2.222200E3,,
2.222300E3,,
2.222400E3,,
2.222500E3,,
2.222600E3,,
2.222700E3,,
2.222800E3,,
2.222900E3,,
2.223000E3,-3.962366E-2,-5.939277E-2
2.223100E3,,
2.223200E3,,
2.223300E3,,
2.223400E3,,
2.223500E3,,
2.223600E3,,
2.223700E3,,
2.223800E3,,
2.223900E3,,
2.224000E3,-3.962366E-2,-5.938703E-2
2.224100E3,,
2.224200E3,,
2.224300E3,,
2.224400E3,,
2.224500E3,,
2.224600E3,,
2.224700E3,,
2.224800E3,,
2.224900E3,,
2.225000E3,-3.962366E-2,-5.938516E-2
2.225100E3,,
2.225200E3,,
2.225300E3,,
2.225400E3,,
2.225500E3,,
2.225600E3,,
2.225700E3,,
2.225800E3,,
2.225900E3,,
2.226000E3,-3.962366E-2,-5.936869E-2
2.226100E3,,
2.226200E3,,
2.226300E3,,
2.226400E3,,
2.226500E3,,
2.226600E3,,
2.226700E3,,
2.226800E3,,
2.226900E3,,
2.227000E3,-3.962366E-2,-5.939859E-2
2.227100E3,,
2.227200E3,,
2.227300E3,,
2.227400E3,,
2.227500E3,,
2.227600E3,,
2.227700E3,,
2.227800E3,,
2.227900E3,,
2.228000E3,-3.962366E-2,-5.937646E-2
2.228100E3,,
2.228200E3,,
2.228300E3,,
2.228400E3,,
2.228500E3,,
2.228600E3,,
2.228700E3,,
2.228800E3,,
2.228900E3,,
2.229000E3,-3.962366E-2,-5.937675E-2
2.229100E3,,
2.229200E3,,
2.229300E3,,
2.229400E3,,
2.229500E3,,
2.229600E3,,
2.229700E3,,
2.229800E3,,
2.229900E3,,
2.230000E3,-3.962366E-2,-5.941765E-2
2.230100E3,,
2.230200E3,,
2.230300E3,,
2.230400E3,,
2.230500E3,,
2.230600E3,,
2.230700E3,,
2.230800E3,,
2.230900E3,,
2.231000E3,-3.962366E-2,-5.936095E-2
2.231100E3,,
2.231200E3,,
2.231300E3,,
2.231400E3,,
2.231500E3,,
2.231600E3,,
2.231700E3,,
2.231800E3,,
2.231900E3,,
2.232000E3,-3.962366E-2,-5.941373E-2
2.232100E3,,
2.232200E3,,
2.232300E3,,
2.232400E3,,
2.232500E3,,
2.232600E3,,
2.232700E3,,
2.232800E3,,
2.232900E3,,
2.233000E3,-3.962366E-2,-5.938827E-2
2.233100E3,,
2.233200E3,,
2.233300E3,,
2.233400E3,,
2.233500E3,,
2.233600E3,,
2.233700E3,,
2.233800E3,,
2.233900E3,,
2.234000E3,-3.962366E-2,-5.938966E-2
2.234100E3,,
2.234200E3,,
2.234300E3,,
2.234400E3,,
2.234500E3,,
2.234600E3,,
2.234700E3,,
2.234800E3,,
2.234900E3,,
2.235000E3,-3.962366E-2,-5.941207E-2
2.235100E3,,
2.235200E3,,
2.235300E3,,
2.235400E3,,
2.235500E3,,
2.235600E3,,
2.235700E3,,
2.235800E3,,
2.235900E3,,
2.236000E3,-3.962366E-2,-5.938840E-2
2.236100E3,,
2.236200E3,,
2.236300E3,,
2.236400E3,,
2.236500E3,,
2.236600E3,,
2.236700E3,,
2.236800E3,,
2.236900E3,,
2.237000E3,-3.962366E-2,-5.939371E-2
2.237100E3,,
2.237200E3,,
2.237300E3,,
2.237400E3,,
2.237500E3,,
2.237600E3,,
2.237700E3,,
2.237800E3,,
2.237900E3,,
2.238000E3,-3.962366E-2,-5.938975E-2
2.238100E3,,
2.238200E3,,
2.238300E3,,
2.238400E3,,
2.238500E3,,
2.238600E3,,
2.238700E3,,
2.238800E3,,
2.238900E3,,
2.239000E3,-3.962366E-2,-5.944767E-2
2.239100E3,,
2.239200E3,,
2.239300E3,,
2.239400E3,,
2.239500E3,,
2.239600E3,,
2.239700E3,,
2.239800E3,,
2.239900E3,,
2.240000E3,-3.962366E-2,-5.942395E-2
2.240100E3,,
2.240200E3,,
2.240300E3,,
2.240400E3,,
2.240500E3,,
2.240600E3,,
2.240700E3,,
2.240800E3,,
2.240900E3,,
2.241000E3,-3.962366E-2,-5.937098E-2
2.241100E3,,
2.241200E3,,
2.241300E3,,
2.241400E3,,
2.241500E3,,
2.241600E3,,
2.241700E3,,
2.241800E3,,
2.241900E3,,
2.242000E3,-3.962366E-2,-5.938980E-2
2.242100E3,,
2.242200E3,,
2.242300E3,,
2.242400E3,,
2.242500E3,,
2.242600E3,,
2.242700E3,,
2.242800E3,,
2.242900E3,,
2.243000E3,-3.962366E-2,-5.939770E-2
2.243100E3,,
2.243200E3,,
2.243300E3,,
2.243400E3,,
2.243500E3,,
2.243600E3,,
2.243700E3,,
2.243800E3,,
2.243900E3,,
2.244000E3,-3.962366E-2,-5.934041E-2
2.244100E3,,
2.244200E3,,
2.244300E3,,
2.244400E3,,
2.244500E3,,
2.244600E3,,
2.244700E3,,
2.244800E3,,
2.244900E3,,
2.245000E3,-3.962528E-2,-5.946512E-2
2.245100E3,,
2.245200E3,,
2.245300E3,,
2.245400E3,,
2.245500E3,,
2.245600E3,,
2.245700E3,,
2.245800E3,,
2.245900E3,,
2.246000E3,-3.962494E-2,-5.939300E-2
2.246100E3,,
2.246200E3,,
2.246300E3,,
2.246400E3,,
2.246500E3,,
2.246600E3,,
2.246700E3,,
2.246800E3,,
2.246900E3,,
2.247000E3,-3.962460E-2,-5.945094E-2
2.247100E3,,
2.247200E3,,
2.247300E3,,
2.247400E3,,
2.247500E3,,
2.247600E3,,
2.247700E3,,
2.247800E3,,
2.247900E3,,
2.248000E3,-3.962426E-2,-5.938983E-2
2.248100E3,,
2.248200E3,,
2.248300E3,,
2.248400E3,,
2.248500E3,,
2.248600E3,,
2.248700E3,,
2.248800E3,,
2.248900E3,,
2.249000E3,-3.962409E-2,-5.933427E-2
2.249100E3,,
2.249200E3,,
2.249300E3,,
2.249400E3,,
2.249500E3,,
2.249600E3,,
2.249700E3,,
2.249800E3,,
2.249900E3,,
2.250000E3,-3.962392E-2,-5.938492E-2
2.250100E3,,
2.250200E3,,
2.250300E3,,
2.250400E3,,
2.250500E3,,
2.250600E3,,
2.250700E3,,
2.250800E3,,
2.250900E3,,
2.251000E3,-3.962374E-2,-5.937480E-2
2.251100E3,,
2.251200E3,,
2.251300E3,,
2.251400E3,,
2.251500E3,,
2.251600E3,,
2.251700E3,,
2.251800E3,,
2.251900E3,,
2.252000E3,-3.962357E-2,-5.944378E-2
2.252100E3,,
2.252200E3,,
2.252300E3,,
2.252400E3,,
2.252500E3,,
2.252600E3,,
2.252700E3,,
2.252800E3,,
2.252900E3,,
2.253000E3,-3.962357E-2,-5.940978E-2
2.253100E3,,
2.253200E3,,
2.253300E3,,
2.253400E3,,
2.253500E3,,
2.253600E3,,
2.253700E3,,
2.253800E3,,
2.253900E3,,
2.254000E3,-3.962357E-2,-5.938874E-2
2.254100E3,,
2.254200E3,,
2.254300E3,,
2.254400E3,,
2.254500E3,,
2.254600E3,,
2.254700E3,,
2.254800E3,,
2.254900E3,,
2.255000E3,-3.962357E-2,-5.940801E-2
2.255100E3,,
2.255200E3,,
2.255300E3,,
2.255400E3,,
2.255500E3,,
2.255600E3,,
2.255700E3,,
2.255800E3,,
2.255900E3,,
2.256000E3,-3.962357E-2,-5.940727E-2
2.256100E3,,
2.256200E3,,
2.256300E3,,
2.256400E3,,
2.256500E3,,
2.256600E3,,
2.256700E3,,
2.256800E3,,
2.256900E3,,
2.257000E3,-3.962357E-2,-5.935007E-2
2.257100E3,,
2.257200E3,,
2.257300E3,,
2.257400E3,,
2.257500E3,,
2.257600E3,,
2.257700E3,,
2.257800E3,,
2.257900E3,,
2.258000E3,-3.962357E-2,-5.938067E-2
2.258100E3,,
2.258200E3,,
2.258300E3,,
2.258400E3,,
2.258500E3,,
2.258600E3,,
2.258700E3,,
2.258800E3,,
2.258900E3,,
2.259000E3,-3.962357E-2,-5.936198E-2
2.259100E3,,
2.259200E3,,
2.259300E3,,
2.259400E3,,
2.259500E3,,
2.259600E3,,
2.259700E3,,
2.259800E3,,
2.259900E3,,
2.260000E3,-3.962357E-2,-5.941521E-2
2.260100E3,,
2.260200E3,,
2.260300E3,,
2.260400E3,,
2.260500E3,,
2.260600E3,,
2.260700E3,,
2.260800E3,,
2.260900E3,,
2.261000E3,-3.962357E-2,-5.943226E-2
2.261100E3,,
2.261200E3,,
2.261300E3,,
2.261400E3,,
2.261500E3,,
2.261600E3,,
2.261700E3,,
2.261800E3,,
2.261900E3,,
2.262000E3,-3.962357E-2,-5.942232E-2
2.262100E3,,
2.262200E3,,
2.262300E3,,
2.262400E3,,
2.262500E3,,
2.262600E3,,
2.262700E3,,
2.262800E3,,
2.262900E3,,
2.263000E3,-3.962357E-2,-5.940936E-2
2.263100E3,,
2.263200E3,,
2.263300E3,,
2.263400E3,,
2.263500E3,,
2.263600E3,,
2.263700E3,,
2.263800E3,,
2.263900E3,,
2.264000E3,-3.962357E-2,-5.939736E-2
2.264100E3,,
2.264200E3,,
2.264300E3,,
2.264400E3,,
2.264500E3,,
2.264600E3,,
2.264700E3,,
2.264800E3,,
2.264900E3,,
2.265000E3,-3.962357E-2,-5.939376E-2
2.265100E3,,
2.265200E3,,
2.265300E3,,
2.265400E3,,
2.265500E3,,
2.265600E3,,
2.265700E3,,
2.265800E3,,
2.265900E3,,
2.266000E3,-3.962357E-2,-5.936848E-2
2.266100E3,,
2.266200E3,,
2.266300E3,,
2.266400E3,,
2.266500E3,,
2.266600E3,,
2.266700E3,,
2.266800E3,,
2.266900E3,,
2.267000E3,-3.962357E-2,-5.938115E-2
2.267100E3,,
2.267200E3,,
2.267300E3,,
2.267400E3,,
2.267500E3,,
2.267600E3,,
2.267700E3,,
2.267800E3,,
2.267900E3,,
2.268000E3,-3.962357E-2,-5.939111E-2
2.268100E3,,
2.268200E3,,
2.268300E3,,
2.268400E3,,
2.268500E3,,
2.268600E3,,
2.268700E3,,
2.268800E3,,
2.268900E3,,
2.269000E3,-3.962357E-2,-5.941531E-2
2.269100E3,,
2.269200E3,,
2.269300E3,,
2.269400E3,,
2.269500E3,,
2.269600E3,,
2.269700E3,,
2.269800E3,,
2.269900E3,,
2.270000E3,-3.962357E-2,-5.938413E-2
2.270100E3,,
2.270200E3,,
2.270300E3,,
2.270400E3,,
2.270500E3,,
2.270600E3,,
2.270700E3,,
2.270800E3,,
2.270900E3,,
2.271000E3,-3.962357E-2,-5.940960E-2
2.271100E3,,
2.271200E3,,
2.271300E3,,
2.271400E3,,
2.271500E3,,
2.271600E3,,
2.271700E3,,
2.271800E3,,
2.271900E3,,
2.272000E3,-3.962357E-2,-5.938258E-2
2.272100E3,,
2.272200E3,,
2.272300E3,,
2.272400E3,,
2.272500E3,,
2.272600E3,,
2.272700E3,,
2.272800E3,,
2.272900E3,,
2.273000E3,-3.962357E-2,-5.935567E-2
2.273100E3,,
2.273200E3,,
2.273300E3,,
2.273400E3,,
2.273500E3,,
2.273600E3,,
2.273700E3,,
2.273800E3,,
2.273900E3,,
2.274000E3,-3.962357E-2,-5.945586E-2
2.274100E3,,
2.274200E3,,
2.274300E3,,
2.274400E3,,
2.274500E3,,
2.274600E3,,
2.274700E3,,
2.274800E3,,
2.274900E3,,
2.275000E3,-3.962357E-2,-5.939442E-2
2.275100E3,,
2.275200E3,,
2.275300E3,,
2.275400E3,,
2.275500E3,,
2.275600E3,,
2.275700E3,,
2.275800E3,,
2.275900E3,,
2.276000E3,-3.962357E-2,-5.938790E-2
2.276100E3,,
2.276200E3,,
2.276300E3,,
2.276400E3,,
2.276500E3,,
2.276600E3,,
2.276700E3,,
2.276800E3,,
2.276900E3,,
2.277000E3,-3.962493E-2,-5.939010E-2
2.277100E3,,
2.277200E3,,
2.277300E3,,
2.277400E3,,
2.277500E3,,
2.277600E3,,
2.277700E3,,
2.277800E3,,
2.277900E3,,
2.278000E3,-3.962476E-2,-5.943109E-2
2.278100E3,,
2.278200E3,,
2.278300E3,,
2.278400E3,,
2.278500E3,,
2.278600E3,,
2.278700E3,,
2.278800E3,,
2.278900E3,,
2.279000E3,-3.962460E-2,-5.934781E-2
2.279100E3,,
2.279200E3,,
2.279300E3,,
2.279400E3,,
2.279500E3,,
2.279600E3,,
2.279700E3,,
2.279800E3,,
2.279900E3,,
2.280000E3,-3.962444E-2,-5.943875E-2
2.280100E3,,
2.280200E3,,
2.280300E3,,
2.280400E3,,
2.280500E3,,
2.280600E3,,
2.280700E3,,
2.280800E3,,
2.280900E3,,
2.281000E3,-3.962427E-2,-5.932631E-2
2.281100E3,,
2.281200E3,,
2.281300E3,,
2.281400E3,,
2.281500E3,,
2.281600E3,,
2.281700E3,,
2.281800E3,,
2.281900E3,,
2.282000E3,-3.962411E-2,-5.941186E-2
2.282100E3,,
2.282200E3,,
2.282300E3,,
2.282400E3,,
2.282500E3,,
2.282600E3,,
2.282700E3,,
2.282800E3,,
2.282900E3,,
2.283000E3,-3.962411E-2,-5.939485E-2
2.283100E3,,
2.283200E3,,
2.283300E3,,
2.283400E3,,
2.283500E3,,
2.283600E3,,
2.283700E3,,
2.283800E3,,
2.283900E3,,
2.284000E3,-3.962411E-2,-5.940851E-2
2.284100E3,,
2.284200E3,,
2.284300E3,,
2.284400E3,,
2.284500E3,,
2.284600E3,,
2.284700E3,,
2.284800E3,,
2.284900E3,,
2.285000E3,-3.962411E-2,-5.937443E-2
2.285100E3,,
2.285200E3,,
2.285300E3,,
2.285400E3,,
2.285500E3,,
2.285600E3,,
2.285700E3,,
2.285800E3,,
2.285900E3,,
2.286000E3,-3.962411E-2,-5.941677E-2
2.286100E3,,
2.286200E3,,
2.286300E3,,
2.286400E3,,
2.286500E3,,
2.286600E3,,
2.286700E3,,
2.286800E3,,
2.286900E3,,
2.287000E3,-3.962633E-2,-5.941208E-2
2.287100E3,,
2.287200E3,,
2.287300E3,,
2.287400E3,,
2.287500E3,,
2.287600E3,,
2.287700E3,,
2.287800E3,,
2.287900E3,,
2.288000E3,-3.962671E-2,-5.939117E-2
2.288100E3,,
2.288200E3,,
2.288300E3,,
2.288400E3,,
2.288500E3,,
2.288600E3,,
2.288700E3,,
2.288800E3,,
2.288900E3,,
2.289000E3,-3.962635E-2,-5.936408E-2
2.289100E3,,
2.289200E3,,
2.289300E3,,
2.289400E3,,
2.289500E3,,
2.289600E3,,
2.289700E3,,
2.289800E3,,
2.289900E3,,
2.290000E3,-3.962600E-2,-5.944634E-2
2.290100E3,,
2.290200E3,,
2.290300E3,,
2.290400E3,,
2.290500E3,,
2.290600E3,,
2.290700E3,,
2.290800E3,,
2.290900E3,,
2.291000E3,-3.962565E-2,-5.939202E-2
2.291100E3,,
2.291200E3,,
2.291300E3,,
2.291400E3,,
2.291500E3,,
2.291600E3,,
2.291700E3,,
2.291800E3,,
2.291900E3,,
2.292000E3,-3.962530E-2,-5.936667E-2
2.292100E3,,
2.292200E3,,
2.292300E3,,
2.292400E3,,
2.292500E3,,
2.292600E3,,
2.292700E3,,
2.292800E3,,
2.292900E3,,
2.293000E3,-3.962494E-2,-5.940475E-2
2.293100E3,,
2.293200E3,,
2.293300E3,,
2.293400E3,,
2.293500E3,,
2.293600E3,,
2.293700E3,,
2.293800E3,,
2.293900E3,,
2.294000E3,-3.962494E-2,-5.939901E-2
2.294100E3,,
2.294200E3,,
2.294300E3,,
2.294400E3,,
2.294500E3,,
2.294600E3,,
2.294700E3,,
2.294800E3,,
2.294900E3,,
2.295000E3,-3.962494E-2,-5.938139E-2
2.295100E3,,
2.295200E3,,
2.295300E3,,
2.295400E3,,
2.295500E3,,
2.295600E3,,
2.295700E3,,
2.295800E3,,
2.295900E3,,
2.296000E3,-3.962494E-2,-5.940467E-2
2.296100E3,,
2.296200E3,,
2.296300E3,,
2.296400E3,,
2.296500E3,,
2.296600E3,,
2.296700E3,,
2.296800E3,,
2.296900E3,,
2.297000E3,-3.962494E-2,-5.935650E-2
2.297100E3,,
2.297200E3,,
2.297300E3,,
2.297400E3,,
2.297500E3,,
2.297600E3,,
2.297700E3,,
2.297800E3,,
2.297900E3,,
2.298000E3,-3.962494E-2,-5.940231E-2
2.298100E3,,
2.298200E3,,
2.298300E3,,
2.298400E3,,
2.298500E3,,
2.298600E3,,
2.298700E3,,
2.298800E3,,
2.298900E3,,
2.299000E3,-3.962494E-2,-5.939904E-2
2.299100E3,,
2.299200E3,,
2.299300E3,,
2.299400E3,,
2.299500E3,,
2.299600E3,,
2.299700E3,,
2.299800E3,,
2.299900E3,,
2.300000E3,-3.962494E-2,-5.943054E-2
2.300100E3,,
2.300200E3,,
2.300300E3,,
2.300400E3,,
2.300500E3,,
2.300600E3,,
2.300700E3,,
2.300800E3,,
2.300900E3,,
2.301000E3,-3.962494E-2,-5.941372E-2
2.301100E3,,
2.301200E3,,
2.301300E3,,
2.301400E3,,
2.301500E3,,
2.301600E3,,
2.301700E3,,
2.301800E3,,
2.301900E3,,
2.302000E3,-3.962494E-2,-5.936160E-2
2.302100E3,,
2.302200E3,,
2.302300E3,,
2.302400E3,,
2.302500E3,,
2.302600E3,,
2.302700E3,,
2.302800E3,,
2.302900E3,,
2.303000E3,-3.962494E-2,-5.945097E-2
2.303100E3,,
2.303200E3,,
2.303300E3,,
2.303400E3,,
2.303500E3,,
2.303600E3,,
2.303700E3,,
2.303800E3,,
2.303900E3,,
2.304000E3,-3.962494E-2,-5.934720E-2
2.304100E3,,
2.304200E3,,
2.304300E3,,
2.304400E3,,
2.304500E3,,
2.304600E3,,
2.304700E3,,
2.304800E3,,
2.304900E3,,
2.305000E3,-3.962494E-2,-5.938766E-2
2.305100E3,,
2.305200E3,,
2.305300E3,,
2.305400E3,,
2.305500E3,,
2.305600E3,,
2.305700E3,,
2.305800E3,,
2.305900E3,,
2.306000E3,-3.962494E-2,-5.938576E-2
2.306100E3,,
2.306200E3,,
2.306300E3,,
2.306400E3,,
2.306500E3,,
2.306600E3,,
2.306700E3,,
2.306800E3,,
2.306900E3,,
2.307000E3,-3.962494E-2,-5.935846E-2
2.307100E3,,
2.307200E3,,
2.307300E3,,
2.307400E3,,
2.307500E3,,
2.307600E3,,
2.307700E3,,
2.307800E3,,
2.307900E3,,
2.308000E3,-3.962494E-2,-5.927616E-2
2.308100E3,,
2.308200E3,,
2.308300E3,,
2.308400E3,,
2.308500E3,,
2.308600E3,,
2.308700E3,,
2.308800E3,,
2.308900E3,,
2.309000E3,-3.962494E-2,-5.944146E-2
2.309100E3,,
2.309200E3,,
2.309300E3,,
2.309400E3,,
2.309500E3,,
2.309600E3,,
2.309700E3,,
2.309800E3,,
2.309900E3,,
2.310000E3,-3.962494E-2,-5.942473E-2
2.310100E3,,
2.310200E3,,
2.310300E3,,
2.310400E3,,
2.310500E3,,
2.310600E3,,
2.310700E3,,
2.310800E3,,
2.310900E3,,
2.311000E3,-3.962645E-2,-5.942400E-2
2.311100E3,,
2.311200E3,,
2.311300E3,,
2.311400E3,,
2.311500E3,,
2.311600E3,,
2.311700E3,,
2.311800E3,,
2.311900E3,,
2.312000E3,-3.962612E-2,-5.941687E-2
2.312100E3,,
2.312200E3,,
2.312300E3,,
2.312400E3,,
2.312500E3,,
2.312600E3,,
2.312700E3,,
2.312800E3,,
2.312900E3,,
2.313000E3,-3.962579E-2,-5.942089E-2
2.313100E3,,
2.313200E3,,
2.313300E3,,
2.313400E3,,
2.313500E3,,
2.313600E3,,
2.313700E3,,
2.313800E3,,
2.313900E3,,
2.314000E3,-3.962546E-2,-5.939743E-2
2.314100E3,,
2.314200E3,,
2.314300E3,,
2.314400E3,,
2.314500E3,,
2.314600E3,,
2.314700E3,,
2.314800E3,,
2.314900E3,,
2.315000E3,-3.962513E-2,-5.937700E-2
2.315100E3,,
2.315200E3,,
2.315300E3,,
2.315400E3,,
2.315500E3,,
2.315600E3,,
2.315700E3,,
2.315800E3,,
2.315900E3,,
2.316000E3,-3.962480E-2,-5.939631E-2
2.316100E3,,
2.316200E3,,
2.316300E3,,
2.316400E3,,
2.316500E3,,
2.316600E3,,
2.316700E3,,
2.316800E3,,
2.316900E3,,
2.317000E3,-3.962480E-2,-5.940202E-2
2.317100E3,,
2.317200E3,,
2.317300E3,,
2.317400E3,,
2.317500E3,,
2.317600E3,,
2.317700E3,,
2.317800E3,,
2.317900E3,,
2.318000E3,-3.962480E-2,-5.942631E-2
2.318100E3,,
2.318200E3,,
2.318300E3,,
2.318400E3,,
2.318500E3,,
2.318600E3,,
2.318700E3,,
2.318800E3,,
2.318900E3,,
2.319000E3,-3.962480E-2,-5.936566E-2
2.319100E3,,
2.319200E3,,
2.319300E3,,
2.319400E3,,
2.319500E3,,
2.319600E3,,
2.319700E3,,
2.319800E3,,
2.319900E3,,
2.320000E3,-3.962480E-2,-5.939493E-2
2.320100E3,,
2.320200E3,,
2.320300E3,,
2.320400E3,,
2.320500E3,,
2.320600E3,,
2.320700E3,,
2.320800E3,,
2.320900E3,,
2.321000E3,-3.962772E-2,-5.937973E-2
2.321100E3,,
2.321200E3,,
2.321300E3,,
2.321400E3,,
2.321500E3,,
2.321600E3,,
2.321700E3,,
2.321800E3,,
2.321900E3,,
2.322000E3,-3.962815E-2,-5.938430E-2
2.322100E3,,
2.322200E3,,
2.322300E3,,
2.322400E3,,
2.322500E3,,
2.322600E3,,
2.322700E3,,
2.322800E3,,
2.322900E3,,
2.323000E3,-3.962746E-2,-5.945446E-2
2.323100E3,,
2.323200E3,,
2.323300E3,,
2.323400E3,,
2.323500E3,,
2.323600E3,,
2.323700E3,,
2.323800E3,,
2.323900E3,,
2.324000E3,-3.962676E-2,-5.938571E-2
2.324100E3,,
2.324200E3,,
2.324300E3,,
2.324400E3,,
2.324500E3,,
2.324600E3,,
2.324700E3,,
2.324800E3,,
2.324900E3,,
2.325000E3,-3.962624E-2,-5.940097E-2
2.325100E3,,
2.325200E3,,
2.325300E3,,
2.325400E3,,
2.325500E3,,
2.325600E3,,
2.325700E3,,
2.325800E3,,
2.325900E3,,
2.326000E3,-3.962572E-2,-5.932789E-2
2.326100E3,,
2.326200E3,,
2.326300E3,,
2.326400E3,,
2.326500E3,,
2.326600E3,,
2.326700E3,,
2.326800E3,,
2.326900E3,,
2.327000E3,-3.962555E-2,-5.941112E-2
2.327100E3,,
2.327200E3,,
2.327300E3,,
2.327400E3,,
2.327500E3,,
2.327600E3,,
2.327700E3,,
2.327800E3,,
2.327900E3,,
2.328000E3,-3.962555E-2,-5.938348E-2
2.328100E3,,
2.328200E3,,
2.328300E3,,
2.328400E3,,
2.328500E3,,
2.328600E3,,
2.328700E3,,
2.328800E3,,
2.328900E3,,
2.329000E3,-3.962555E-2,-5.941714E-2
2.329100E3,,
2.329200E3,,
2.329300E3,,
2.329400E3,,
2.329500E3,,
2.329600E3,,
2.329700E3,,
2.329800E3,,
2.329900E3,,
2.330000E3,-3.962555E-2,-5.938046E-2
2.330100E3,,
2.330200E3,,
2.330300E3,,
2.330400E3,,
2.330500E3,,
2.330600E3,,
2.330700E3,,
2.330800E3,,
2.330900E3,,
2.331000E3,-3.962555E-2,-5.942216E-2
2.331100E3,,
2.331200E3,,
2.331300E3,,
2.331400E3,,
2.331500E3,,
2.331600E3,,
2.331700E3,,
2.331800E3,,
2.331900E3,,
2.332000E3,-3.962555E-2,-5.938983E-2
2.332100E3,,
2.332200E3,,
2.332300E3,,
2.332400E3,,
2.332500E3,,
2.332600E3,,
2.332700E3,,
2.332800E3,,
2.332900E3,,
2.333000E3,-3.962555E-2,-5.938476E-2
2.333100E3,,
2.333200E3,,
2.333300E3,,
2.333400E3,,
2.333500E3,,
2.333600E3,,
2.333700E3,,
2.333800E3,,
2.333900E3,,
2.334000E3,-3.963079E-2,-5.935585E-2
2.334100E3,,
2.334200E3,,
2.334300E3,,
2.334400E3,,
2.334500E3,,
2.334600E3,,
2.334700E3,,
2.334800E3,,
2.334900E3,,
2.335000E3,-3.963054E-2,-5.938293E-2
2.335100E3,,
2.335200E3,,
2.335300E3,,
2.335400E3,,
2.335500E3,,
2.335600E3,,
2.335700E3,,
2.335800E3,,
2.335900E3,,
2.336000E3,-3.962930E-2,-5.937759E-2
2.336100E3,,
2.336200E3,,
2.336300E3,,
2.336400E3,,
2.336500E3,,
2.336600E3,,
2.336700E3,,
2.336800E3,,
2.336900E3,,
2.337000E3,-3.963018E-2,-5.940411E-2
2.337100E3,,
2.337200E3,,
2.337300E3,,
2.337400E3,,
2.337500E3,,
2.337600E3,,
2.337700E3,,
2.337800E3,,
2.337900E3,,
2.338000E3,-3.962893E-2,-5.936358E-2
2.338100E3,,
2.338200E3,,
2.338300E3,,
2.338400E3,,
2.338500E3,,
2.338600E3,,
2.338700E3,,
2.338800E3,,
2.338900E3,,
2.339000E3,-3.962786E-2,-5.940377E-2
2.339100E3,,
2.339200E3,,
2.339300E3,,
2.339400E3,,
2.339500E3,,
2.339600E3,,
2.339700E3,,
2.339800E3,,
2.339900E3,,
2.340000E3,-3.962715E-2,-5.942132E-2
2.340100E3,,
2.340200E3,,
2.340300E3,,
2.340400E3,,
2.340500E3,,
2.340600E3,,
2.340700E3,,
2.340800E3,,
2.340900E3,,
2.341000E3,-3.962661E-2,-5.936161E-2
2.341100E3,,
2.341200E3,,
2.341300E3,,
2.341400E3,,
2.341500E3,,
2.341600E3,,
2.341700E3,,
2.341800E3,,
2.341900E3,,
2.342000E3,-3.962607E-2,-5.939412E-2
2.342100E3,,
2.342200E3,,
2.342300E3,,
2.342400E3,,
2.342500E3,,
2.342600E3,,
2.342700E3,,
2.342800E3,,
2.342900E3,,
2.343000E3,-3.962589E-2,-5.943128E-2
2.343100E3,,
2.343200E3,,
2.343300E3,,
2.343400E3,,
2.343500E3,,
2.343600E3,,
2.343700E3,,
2.343800E3,,
2.343900E3,,
2.344000E3,-3.962589E-2,-5.939670E-2
2.344100E3,,
2.344200E3,,
2.344300E3,,
2.344400E3,,
2.344500E3,,
2.344600E3,,
2.344700E3,,
2.344800E3,,
2.344900E3,,
2.345000E3,-3.962589E-2,-5.939087E-2
2.345100E3,,
2.345200E3,,
2.345300E3,,
2.345400E3,,
2.345500E3,,
2.345600E3,,
2.345700E3,,
2.345800E3,,
2.345900E3,,
2.346000E3,-3.962589E-2,-5.937022E-2
2.346100E3,,
2.346200E3,,
2.346300E3,,
2.346400E3,,
2.346500E3,,
2.346600E3,,
2.346700E3,,
2.346800E3,,
2.346900E3,,
2.347000E3,-3.962589E-2,-5.938531E-2
2.347100E3,,
2.347200E3,,
2.347300E3,,
2.347400E3,,
2.347500E3,,
2.347600E3,,
2.347700E3,,
2.347800E3,,
2.347900E3,,
2.348000E3,-3.962589E-2,-5.942597E-2
2.348100E3,,
2.348200E3,,
2.348300E3,,
2.348400E3,,
2.348500E3,,
2.348600E3,,
2.348700E3,,
2.348800E3,,
2.348900E3,,
2.349000E3,-3.962589E-2,-5.941846E-2
2.349100E3,,
2.349200E3,,
2.349300E3,,
2.349400E3,,
2.349500E3,,
2.349600E3,,
2.349700E3,,
2.349800E3,,
2.349900E3,,
2.350000E3,-3.962787E-2,-5.937562E-2
2.350100E3,,
2.350200E3,,
2.350300E3,,
2.350400E3,,
2.350500E3,,
2.350600E3,,
2.350700E3,,
2.350800E3,,
2.350900E3,,
2.351000E3,-3.962750E-2,-5.938569E-2
2.351100E3,,
2.351200E3,,
2.351300E3,,
2.351400E3,,
2.351500E3,,
2.351600E3,,
2.351700E3,,
2.351800E3,,
2.351900E3,,
2.352000E3,-3.962712E-2,-5.937697E-2
2.352100E3,,
2.352200E3,,
2.352300E3,,
2.352400E3,,
2.352500E3,,
2.352600E3,,
2.352700E3,,
2.352800E3,,
2.352900E3,,
2.353000E3,-3.962694E-2,-5.939073E-2
2.353100E3,,
2.353200E3,,
2.353300E3,,
2.353400E3,,
2.353500E3,,
2.353600E3,,
2.353700E3,,
2.353800E3,,
2.353900E3,,
2.354000E3,-3.962926E-2,-5.938591E-2
2.354100E3,,
2.354200E3,,
2.354300E3,,
2.354400E3,,
2.354500E3,,
2.354600E3,,
2.354700E3,,
2.354800E3,,
2.354900E3,,
2.355000E3,-3.962887E-2,-5.935650E-2
2.355100E3,,
2.355200E3,,
2.355300E3,,
2.355400E3,,
2.355500E3,,
2.355600E3,,
2.355700E3,,
2.355800E3,,
2.355900E3,,
2.356000E3,-3.962849E-2,-5.939068E-2
2.356100E3,,
2.356200E3,,
2.356300E3,,
2.356400E3,,
2.356500E3,,
2.356600E3,,
2.356700E3,,
2.356800E3,,
2.356900E3,,
2.357000E3,-3.962829E-2,-5.937159E-2
2.357100E3,,
2.357200E3,,
2.357300E3,,
2.357400E3,,
2.357500E3,,
2.357600E3,,
2.357700E3,,
2.357800E3,,
2.357900E3,,
2.358000E3,-3.962809E-2,-5.940816E-2
2.358100E3,,
2.358200E3,,
2.358300E3,,
2.358400E3,,
2.358500E3,,
2.358600E3,,
2.358700E3,,
2.358800E3,,
2.358900E3,,
2.359000E3,-3.962790E-2,-5.941902E-2
2.359100E3,,
2.359200E3,,
2.359300E3,,
2.359400E3,,
2.359500E3,,
2.359600E3,,
2.359700E3,,
2.359800E3,,
2.359900E3,,
2.360000E3,-3.962820E-2,-5.940549E-2
2.360100E3,,
2.360200E3,,
2.360300E3,,
2.360400E3,,
2.360500E3,,
2.360600E3,,
2.360700E3,,
2.360800E3,,
2.360900E3,,
2.361000E3,-3.962814E-2,-5.932541E-2
2.361100E3,,
2.361200E3,,
2.361300E3,,
2.361400E3,,
2.361500E3,,
2.361600E3,,
2.361700E3,,
2.361800E3,,
2.361900E3,,
2.362000E3,-3.962814E-2,-5.939422E-2
2.362100E3,,
2.362200E3,,
2.362300E3,,
2.362400E3,,
2.362500E3,,
2.362600E3,,
2.362700E3,,
2.362800E3,,
2.362900E3,,
2.363000E3,-3.962814E-2,-5.945804E-2
2.363100E3,,
2.363200E3,,
2.363300E3,,
2.363400E3,,
2.363500E3,,
2.363600E3,,
2.363700E3,,
2.363800E3,,
2.363900E3,,
2.364000E3,-3.962814E-2,-5.937345E-2
2.364100E3,,
2.364200E3,,
2.364300E3,,
2.364400E3,,
2.364500E3,,
2.364600E3,,
2.364700E3,,
2.364800E3,,
2.364900E3,,
2.365000E3,-3.962814E-2,-5.936387E-2
2.365100E3,,
2.365200E3,,
2.365300E3,,
2.365400E3,,
2.365500E3,,
2.365600E3,,
2.365700E3,,
2.365800E3,,
2.365900E3,,
2.366000E3,-3.962814E-2,-5.940681E-2
2.366100E3,,
2.366200E3,,
2.366300E3,,
2.366400E3,,
2.366500E3,,
2.366600E3,,
2.366700E3,,
2.366800E3,,
2.366900E3,,
2.367000E3,-3.962814E-2,-5.944794E-2
2.367100E3,,
2.367200E3,,
2.367300E3,,
2.367400E3,,
2.367500E3,,
2.367600E3,,
2.367700E3,,
2.367800E3,,
2.367900E3,,
2.368000E3,-3.962814E-2,-5.939339E-2
2.368100E3,,
2.368200E3,,
2.368300E3,,
2.368400E3,,
2.368500E3,,
2.368600E3,,
2.368700E3,,
2.368800E3,,
2.368900E3,,
2.369000E3,-3.962814E-2,-5.935728E-2
2.369100E3,,
2.369200E3,,
2.369300E3,,
2.369400E3,,
2.369500E3,,
2.369600E3,,
2.369700E3,,
2.369800E3,,
2.369900E3,,
2.370000E3,-3.962814E-2,-5.941172E-2
2.370100E3,,
2.370200E3,,
2.370300E3,,
2.370400E3,,
2.370500E3,,
2.370600E3,,
2.370700E3,,
2.370800E3,,
2.370900E3,,
2.371000E3,-3.962814E-2,-5.944082E-2
2.371100E3,,
2.371200E3,,
2.371300E3,,
2.371400E3,,
2.371500E3,,
2.371600E3,,
2.371700E3,,
2.371800E3,,
2.371900E3,,
2.372000E3,-3.962814E-2,-5.940593E-2
2.372100E3,,
2.372200E3,,
2.372300E3,,
2.372400E3,,
2.372500E3,,
2.372600E3,,
2.372700E3,,
2.372800E3,,
2.372900E3,,
2.373000E3,-3.962814E-2,-5.935024E-2
2.373100E3,,
2.373200E3,,
2.373300E3,,
2.373400E3,,
2.373500E3,,
2.373600E3,,
2.373700E3,,
2.373800E3,,
2.373900E3,,
2.374000E3,-3.962814E-2,-5.941426E-2
2.374100E3,,
2.374200E3,,
2.374300E3,,
2.374400E3,,
2.374500E3,,
2.374600E3,,
2.374700E3,,
2.374800E3,,
2.374900E3,,
2.375000E3,-3.962814E-2,-5.940347E-2
2.375100E3,,
2.375200E3,,
2.375300E3,,
2.375400E3,,
2.375500E3,,
2.375600E3,,
2.375700E3,,
2.375800E3,,
2.375900E3,,
2.376000E3,-3.962814E-2,-5.938665E-2
2.376100E3,,
2.376200E3,,
2.376300E3,,
2.376400E3,,
2.376500E3,,
2.376600E3,,
2.376700E3,,
2.376800E3,,
2.376900E3,,
2.377000E3,-3.962814E-2,-5.944150E-2
2.377100E3,,
2.377200E3,,
2.377300E3,,
2.377400E3,,
2.377500E3,,
2.377600E3,,
2.377700E3,,
2.377800E3,,
2.377900E3,,
2.378000E3,-3.962814E-2,-5.936329E-2
2.378100E3,,
2.378200E3,,
2.378300E3,,
2.378400E3,,
2.378500E3,,
2.378600E3,,
2.378700E3,,
2.378800E3,,
2.378900E3,,
2.379000E3,-3.962814E-2,-5.937100E-2
2.379100E3,,
2.379200E3,,
2.379300E3,,
2.379400E3,,
2.379500E3,,
2.379600E3,,
2.379700E3,,
2.379800E3,,
2.379900E3,,
2.380000E3,-3.962814E-2,-5.942614E-2
2.380100E3,,
2.380200E3,,
2.380300E3,,
2.380400E3,,
2.380500E3,,
2.380600E3,,
2.380700E3,,
2.380800E3,,
2.380900E3,,
2.381000E3,-3.962814E-2,-5.936072E-2
2.381100E3,,
2.381200E3,,
2.381300E3,,
2.381400E3,,
2.381500E3,,
2.381600E3,,
2.381700E3,,
2.381800E3,,
2.381900E3,,
2.382000E3,-3.962814E-2,-5.940051E-2
2.382100E3,,
2.382200E3,,
2.382300E3,,
2.382400E3,,
2.382500E3,,
2.382600E3,,
2.382700E3,,
2.382800E3,,
2.382900E3,,
2.383000E3,-3.962814E-2,-5.934104E-2
2.383100E3,,
2.383200E3,,
2.383300E3,,
2.383400E3,,
2.383500E3,,
2.383600E3,,
2.383700E3,,
2.383800E3,,
2.383900E3,,
2.384000E3,-3.962814E-2,-5.940519E-2
2.384100E3,,
2.384200E3,,
2.384300E3,,
2.384400E3,,
2.384500E3,,
2.384600E3,,
2.384700E3,,
2.384800E3,,
2.384900E3,,
2.385000E3,-3.963120E-2,-5.940003E-2
2.385100E3,,
2.385200E3,,
2.385300E3,,
2.385400E3,,
2.385500E3,,
2.385600E3,,
2.385700E3,,
2.385800E3,,
2.385900E3,,
2.386000E3,-3.963063E-2,-5.943152E-2
2.386100E3,,
2.386200E3,,
2.386300E3,,
2.386400E3,,
2.386500E3,,
2.386600E3,,
2.386700E3,,
2.386800E3,,
2.386900E3,,
2.387000E3,-3.963025E-2,-5.939481E-2
2.387100E3,,
2.387200E3,,
2.387300E3,,
2.387400E3,,
2.387500E3,,
2.387600E3,,
2.387700E3,,
2.387800E3,,
2.387900E3,,
2.388000E3,-3.962986E-2,-5.939112E-2
2.388100E3,,
2.388200E3,,
2.388300E3,,
2.388400E3,,
2.388500E3,,
2.388600E3,,
2.388700E3,,
2.388800E3,,
2.388900E3,,
2.389000E3,-3.962967E-2,-5.937083E-2
2.389100E3,,
2.389200E3,,
2.389300E3,,
2.389400E3,,
2.389500E3,,
2.389600E3,,
2.389700E3,,
2.389800E3,,
2.389900E3,,
2.390000E3,-3.962967E-2,-5.937646E-2
2.390100E3,,
2.390200E3,,
2.390300E3,,
2.390400E3,,
2.390500E3,,
2.390600E3,,
2.390700E3,,
2.390800E3,,
2.390900E3,,
2.391000E3,-3.962967E-2,-5.943948E-2
2.391100E3,,
2.391200E3,,
2.391300E3,,
2.391400E3,,
2.391500E3,,
2.391600E3,,
2.391700E3,,
2.391800E3,,
2.391900E3,,
2.392000E3,-3.962967E-2,-5.937321E-2
2.392100E3,,
2.392200E3,,
2.392300E3,,
2.392400E3,,
2.392500E3,,
2.392600E3,,
2.392700E3,,
2.392800E3,,
2.392900E3,,
2.393000E3,-3.962967E-2,-5.941335E-2
2.393100E3,,
2.393200E3,,
2.393300E3,,
2.393400E3,,
2.393500E3,,
2.393600E3,,
2.393700E3,,
2.393800E3,,
2.393900E3,,
2.394000E3,-3.962967E-2,-5.937775E-2
2.394100E3,,
2.394200E3,,
2.394300E3,,
2.394400E3,,
2.394500E3,,
2.394600E3,,
2.394700E3,,
2.394800E3,,
2.394900E3,,
2.395000E3,-3.962967E-2,-5.941598E-2
2.395100E3,,
2.395200E3,,
2.395300E3,,
2.395400E3,,
2.395500E3,,
2.395600E3,,
2.395700E3,,
2.395800E3,,
2.395900E3,,
2.396000E3,-3.962967E-2,-5.940060E-2
2.396100E3,,
2.396200E3,,
2.396300E3,,
2.396400E3,,
2.396500E3,,
2.396600E3,,
2.396700E3,,
2.396800E3,,
2.396900E3,,
2.397000E3,-3.962967E-2,-5.941298E-2
2.397100E3,,
2.397200E3,,
2.397300E3,,
2.397400E3,,
2.397500E3,,
2.397600E3,,
2.397700E3,,
2.397800E3,,
2.397900E3,,
2.398000E3,-3.962997E-2,-5.938690E-2
2.398100E3,,
2.398200E3,,
2.398300E3,,
2.398400E3,,
2.398500E3,,
2.398600E3,,
2.398700E3,,
2.398800E3,,
2.398900E3,,
2.399000E3,-3.962989E-2,-5.936745E-2
2.399100E3,,
2.399200E3,,
2.399300E3,,
2.399400E3,,
2.399500E3,,
2.399600E3,,
2.399700E3,,
2.399800E3,,
2.399900E3,,
2.400000E3,-3.962989E-2,-5.939948E-2
2.400100E3,,
2.400200E3,,
2.400300E3,,
2.400400E3,,
2.400500E3,,
2.400600E3,,
2.400700E3,,
2.400800E3,,
2.400900E3,,
2.401000E3,-3.963082E-2,-5.939873E-2
2.401100E3,,
2.401200E3,,
2.401300E3,,
2.401400E3,,
2.401500E3,,
2.401600E3,,
2.401700E3,,
2.401800E3,,
2.401900E3,,
2.402000E3,-3.963063E-2,-5.939226E-2
2.402100E3,,
2.402200E3,,
2.402300E3,,
2.402400E3,,
2.402500E3,,
2.402600E3,,
2.402700E3,,
2.402800E3,,
2.402900E3,,
2.403000E3,-3.963044E-2,-5.933767E-2
2.403100E3,,
2.403200E3,,
2.403300E3,,
2.403400E3,,
2.403500E3,,
2.403600E3,,
2.403700E3,,
2.403800E3,,
2.403900E3,,
2.404000E3,-3.963026E-2,-5.938155E-2
2.404100E3,,
2.404200E3,,
2.404300E3,,
2.404400E3,,
2.404500E3,,
2.404600E3,,
2.404700E3,,
2.404800E3,,
2.404900E3,,
2.405000E3,-3.963026E-2,-5.939533E-2
2.405100E3,,
2.405200E3,,
2.405300E3,,
2.405400E3,,
2.405500E3,,
2.405600E3,,
2.405700E3,,
2.405800E3,,
2.405900E3,,
2.406000E3,-3.963026E-2,-5.936360E-2
2.406100E3,,
2.406200E3,,
2.406300E3,,
2.406400E3,,
2.406500E3,,
2.406600E3,,
2.406700E3,,
2.406800E3,,
2.406900E3,,
2.407000E3,-3.963026E-2,-5.945111E-2
2.407100E3,,
2.407200E3,,
2.407300E3,,
2.407400E3,,
2.407500E3,,
2.407600E3,,
2.407700E3,,
2.407800E3,,
2.407900E3,,
2.408000E3,-3.963026E-2,-5.941317E-2
2.408100E3,,
2.408200E3,,
2.408300E3,,
2.408400E3,,
2.408500E3,,
2.408600E3,,
2.408700E3,,
2.408800E3,,
2.408900E3,,
2.409000E3,-3.963026E-2,-5.934169E-2
2.409100E3,,
2.409200E3,,
2.409300E3,,
2.409400E3,,
2.409500E3,,
2.409600E3,,
2.409700E3,,
2.409800E3,,
2.409900E3,,
2.410000E3,-3.963026E-2,-5.938993E-2
2.410100E3,,
2.410200E3,,
2.410300E3,,
2.410400E3,,
2.410500E3,,
2.410600E3,,
2.410700E3,,
2.410800E3,,
2.410900E3,,
2.411000E3,-3.963026E-2,-5.939094E-2
2.411100E3,,
2.411200E3,,
2.411300E3,,
2.411400E3,,
2.411500E3,,
2.411600E3,,
2.411700E3,,
2.411800E3,,
2.411900E3,,
2.412000E3,-3.963026E-2,-5.935598E-2
2.412100E3,,
2.412200E3,,
2.412300E3,,
2.412400E3,,
2.412500E3,,
2.412600E3,,
2.412700E3,,
2.412800E3,,
2.412900E3,,
2.413000E3,-3.963026E-2,-5.940189E-2
2.413100E3,,
2.413200E3,,
2.413300E3,,
2.413400E3,,
2.413500E3,,
2.413600E3,,
2.413700E3,,
2.413800E3,,
2.413900E3,,
2.414000E3,-3.963026E-2,-5.943647E-2
2.414100E3,,
2.414200E3,,
2.414300E3,,
2.414400E3,,
2.414500E3,,
2.414600E3,,
2.414700E3,,
2.414800E3,,
2.414900E3,,
2.415000E3,-3.963026E-2,-5.943959E-2
2.415100E3,,
2.415200E3,,
2.415300E3,,
2.415400E3,,
2.415500E3,,
2.415600E3,,
2.415700E3,,
2.415800E3,,
2.415900E3,,
2.416000E3,-3.963026E-2,-5.941752E-2
2.416100E3,,
2.416200E3,,
2.416300E3,,
2.416400E3,,
2.416500E3,,
2.416600E3,,
2.416700E3,,
2.416800E3,,
2.416900E3,,
2.417000E3,-3.963026E-2,-5.932574E-2
2.417100E3,,
2.417200E3,,
2.417300E3,,
2.417400E3,,
2.417500E3,,
2.417600E3,,
2.417700E3,,
2.417800E3,,
2.417900E3,,
2.418000E3,-3.963026E-2,-5.943276E-2
2.418100E3,,
2.418200E3,,
2.418300E3,,
2.418400E3,,
2.418500E3,,
2.418600E3,,
2.418700E3,,
2.418800E3,,
2.418900E3,,
2.419000E3,-3.963026E-2,-5.937582E-2
2.419100E3,,
2.419200E3,,
2.419300E3,,
2.419400E3,,
2.419500E3,,
2.419600E3,,
2.419700E3,,
2.419800E3,,
2.419900E3,,
2.420000E3,-3.963026E-2,-5.941353E-2
2.420100E3,,
2.420200E3,,
2.420300E3,,
2.420400E3,,
2.420500E3,,
2.420600E3,,
2.420700E3,,
2.420800E3,,
2.420900E3,,
2.421000E3,-3.963026E-2,-5.941623E-2
2.421100E3,,
2.421200E3,,
2.421300E3,,
2.421400E3,,
2.421500E3,,
2.421600E3,,
2.421700E3,,
2.421800E3,,
2.421900E3,,
2.422000E3,-3.963026E-2,-5.936308E-2
2.422100E3,,
2.422200E3,,
2.422300E3,,
2.422400E3,,
2.422500E3,,
2.422600E3,,
2.422700E3,,
2.422800E3,,
2.422900E3,,
2.423000E3,-3.963026E-2,-5.938806E-2
2.423100E3,,
2.423200E3,,
2.423300E3,,
2.423400E3,,
2.423500E3,,
2.423600E3,,
2.423700E3,,
2.423800E3,,
2.423900E3,,
2.424000E3,-3.963026E-2,-5.939030E-2
2.424100E3,,
2.424200E3,,
2.424300E3,,
2.424400E3,,
2.424500E3,,
2.424600E3,,
2.424700E3,,
2.424800E3,,
2.424900E3,,
2.425000E3,-3.963026E-2,-5.941267E-2
2.425100E3,,
2.425200E3,,
2.425300E3,,
2.425400E3,,
2.425500E3,,
2.425600E3,,
2.425700E3,,
2.425800E3,,
2.425900E3,,
2.426000E3,-3.963026E-2,-5.940751E-2
2.426100E3,,
2.426200E3,,
2.426300E3,,
2.426400E3,,
2.426500E3,,
2.426600E3,,
2.426700E3,,
2.426800E3,,
2.426900E3,,
2.427000E3,-3.963026E-2,-5.938568E-2
2.427100E3,,
2.427200E3,,
2.427300E3,,
2.427400E3,,
2.427500E3,,
2.427600E3,,
2.427700E3,,
2.427800E3,,
2.427900E3,,
2.428000E3,-3.963026E-2,-5.938454E-2
2.428100E3,,
2.428200E3,,
2.428300E3,,
2.428400E3,,
2.428500E3,,
2.428600E3,,
2.428700E3,,
2.428800E3,,
2.428900E3,,
2.429000E3,-3.963026E-2,-5.934897E-2
2.429100E3,,
2.429200E3,,
2.429300E3,,
2.429400E3,,
2.429500E3,,
2.429600E3,,
2.429700E3,,
2.429800E3,,
2.429900E3,,
2.430000E3,-3.963026E-2,-5.939162E-2
2.430100E3,,
2.430200E3,,
2.430300E3,,
2.430400E3,,
2.430500E3,,
2.430600E3,,
2.430700E3,,
2.430800E3,,
2.430900E3,,
2.431000E3,-3.963026E-2,-5.942298E-2
2.431100E3,,
2.431200E3,,
2.431300E3,,
2.431400E3,,
2.431500E3,,
2.431600E3,,
2.431700E3,,
2.431800E3,,
2.431900E3,,
2.432000E3,-3.963026E-2,-5.940411E-2
2.432100E3,,
2.432200E3,,
2.432300E3,,
2.432400E3,,
2.432500E3,,
2.432600E3,,
2.432700E3,,
2.432800E3,,
2.432900E3,,
2.433000E3,-3.963026E-2,-5.936957E-2
2.433100E3,,
2.433200E3,,
2.433300E3,,
2.433400E3,,
2.433500E3,,
2.433600E3,,
2.433700E3,,
2.433800E3,,
2.433900E3,,
2.434000E3,-3.963026E-2,-5.942790E-2
2.434100E3,,
2.434200E3,,
2.434300E3,,
2.434400E3,,
2.434500E3,,
2.434600E3,,
2.434700E3,,
2.434800E3,,
2.434900E3,,
2.435000E3,-3.963026E-2,-5.937804E-2
2.435100E3,,
2.435200E3,,
2.435300E3,,
2.435400E3,,
2.435500E3,,
2.435600E3,,
2.435700E3,,
2.435800E3,,
2.435900E3,,
2.436000E3,-3.963026E-2,-5.938179E-2
2.436100E3,,
2.436200E3,,
2.436300E3,,
2.436400E3,,
2.436500E3,,
2.436600E3,,
2.436700E3,,
2.436800E3,,
2.436900E3,,
2.437000E3,-3.963274E-2,-5.941400E-2
2.437100E3,,
2.437200E3,,
2.437300E3,,
2.437400E3,,
2.437500E3,,
2.437600E3,,
2.437700E3,,
2.437800E3,,
2.437900E3,,
2.438000E3,-3.963233E-2,-5.932543E-2
2.438100E3,,
2.438200E3,,
2.438300E3,,
2.438400E3,,
2.438500E3,,
2.438600E3,,
2.438700E3,,
2.438800E3,,
2.438900E3,,
2.439000E3,-3.963213E-2,-5.940523E-2
2.439100E3,,
2.439200E3,,
2.439300E3,,
2.439400E3,,
2.439500E3,,
2.439600E3,,
2.439700E3,,
2.439800E3,,
2.439900E3,,
2.440000E3,-3.963193E-2,-5.936021E-2
2.440100E3,,
2.440200E3,,
2.440300E3,,
2.440400E3,,
2.440500E3,,
2.440600E3,,
2.440700E3,,
2.440800E3,,
2.440900E3,,
2.441000E3,-3.963173E-2,-5.938936E-2
2.441100E3,,
2.441200E3,,
2.441300E3,,
2.441400E3,,
2.441500E3,,
2.441600E3,,
2.441700E3,,
2.441800E3,,
2.441900E3,,
2.442000E3,-3.963486E-2,-5.934917E-2
2.442100E3,,
2.442200E3,,
2.442300E3,,
2.442400E3,,
2.442500E3,,
2.442600E3,,
2.442700E3,,
2.442800E3,,
2.442900E3,,
2.443000E3,-3.963379E-2,-5.937888E-2
2.443100E3,,
2.443200E3,,
2.443300E3,,
2.443400E3,,
2.443500E3,,
2.443600E3,,
2.443700E3,,
2.443800E3,,
2.443900E3,,
2.444000E3,-3.963291E-2,-5.942761E-2
2.444100E3,,
2.444200E3,,
2.444300E3,,
2.444400E3,,
2.444500E3,,
2.444600E3,,
2.444700E3,,
2.444800E3,,
2.444900E3,,
2.445000E3,-3.963226E-2,-5.940375E-2
2.445100E3,,
2.445200E3,,
2.445300E3,,
2.445400E3,,
2.445500E3,,
2.445600E3,,
2.445700E3,,
2.445800E3,,
2.445900E3,,
2.446000E3,-3.963182E-2,-5.939729E-2
2.446100E3,,
2.446200E3,,
2.446300E3,,
2.446400E3,,
2.446500E3,,
2.446600E3,,
2.446700E3,,
2.446800E3,,
2.446900E3,,
2.447000E3,-3.963161E-2,-5.926697E-2
2.447100E3,,
2.447200E3,,
2.447300E3,,
2.447400E3,,
2.447500E3,,
2.447600E3,,
2.447700E3,,
2.447800E3,,
2.447900E3,,
2.448000E3,-3.963139E-2,-5.943879E-2
2.448100E3,,
2.448200E3,,
2.448300E3,,
2.448400E3,,
2.448500E3,,
2.448600E3,,
2.448700E3,,
2.448800E3,,
2.448900E3,,
2.449000E3,-3.963139E-2,-5.942941E-2
2.449100E3,,
2.449200E3,,
2.449300E3,,
2.449400E3,,
2.449500E3,,
2.449600E3,,
2.449700E3,,
2.449800E3,,
2.449900E3,,
2.450000E3,-3.963139E-2,-5.936039E-2
2.450100E3,,
2.450200E3,,
2.450300E3,,
2.450400E3,,
2.450500E3,,
2.450600E3,,
2.450700E3,,
2.450800E3,,
2.450900E3,,
2.451000E3,-3.963139E-2,-5.945957E-2
2.451100E3,,
2.451200E3,,
2.451300E3,,
2.451400E3,,
2.451500E3,,
2.451600E3,,
2.451700E3,,
2.451800E3,,
2.451900E3,,
2.452000E3,-3.963139E-2,-5.939609E-2
2.452100E3,,
2.452200E3,,
2.452300E3,,
2.452400E3,,
2.452500E3,,
2.452600E3,,
2.452700E3,,
2.452800E3,,
2.452900E3,,
2.453000E3,-3.963139E-2,-5.940186E-2
2.453100E3,,
2.453200E3,,
2.453300E3,,
2.453400E3,,
2.453500E3,,
2.453600E3,,
2.453700E3,,
2.453800E3,,
2.453900E3,,
2.454000E3,-3.963139E-2,-5.936409E-2
2.454100E3,,
2.454200E3,,
2.454300E3,,
2.454400E3,,
2.454500E3,,
2.454600E3,,
2.454700E3,,
2.454800E3,,
2.454900E3,,
2.455000E3,-3.963139E-2,-5.935244E-2
2.455100E3,,
2.455200E3,,
2.455300E3,,
2.455400E3,,
2.455500E3,,
2.455600E3,,
2.455700E3,,
2.455800E3,,
2.455900E3,,
2.456000E3,-3.963139E-2,-5.933792E-2
2.456100E3,,
2.456200E3,,
2.456300E3,,
2.456400E3,,
2.456500E3,,
2.456600E3,,
2.456700E3,,
2.456800E3,,
2.456900E3,,
2.457000E3,-3.963139E-2,-5.941843E-2
2.457100E3,,
2.457200E3,,
2.457300E3,,
2.457400E3,,
2.457500E3,,
2.457600E3,,
2.457700E3,,
2.457800E3,,
2.457900E3,,
2.458000E3,-3.963641E-2,-5.941553E-2
2.458100E3,,
2.458200E3,,
2.458300E3,,
2.458400E3,,
2.458500E3,,
2.458600E3,,
2.458700E3,,
2.458800E3,,
2.458900E3,,
2.459000E3,-3.964096E-2,-5.939876E-2
2.459100E3,,
2.459200E3,,
2.459300E3,,
2.459400E3,,
2.459500E3,,
2.459600E3,,
2.459700E3,,
2.459800E3,,
2.459900E3,,
2.460000E3,-3.964094E-2,-5.937125E-2
2.460100E3,,
2.460200E3,,
2.460300E3,,
2.460400E3,,
2.460500E3,,
2.460600E3,,
2.460700E3,,
2.460800E3,,
2.460900E3,,
2.461000E3,-3.963841E-2,-5.941580E-2
2.461100E3,,
2.461200E3,,
2.461300E3,,
2.461400E3,,
2.461500E3,,
2.461600E3,,
2.461700E3,,
2.461800E3,,
2.461900E3,,
2.462000E3,-3.963652E-2,-5.937109E-2
2.462100E3,,
2.462200E3,,
2.462300E3,,
2.462400E3,,
2.462500E3,,
2.462600E3,,
2.462700E3,,
2.462800E3,,
2.462900E3,,
2.463000E3,-3.963487E-2,-5.940309E-2
2.463100E3,,
2.463200E3,,
2.463300E3,,
2.463400E3,,
2.463500E3,,
2.463600E3,,
2.463700E3,,
2.463800E3,,
2.463900E3,,
2.464000E3,-3.963346E-2,-5.940656E-2
2.464100E3,,
2.464200E3,,
2.464300E3,,
2.464400E3,,
2.464500E3,,
2.464600E3,,
2.464700E3,,
2.464800E3,,
2.464900E3,,
2.465000E3,-3.963205E-2,-5.936739E-2
2.465100E3,,
2.465200E3,,
2.465300E3,,
2.465400E3,,
2.465500E3,,
2.465600E3,,
2.465700E3,,
2.465800E3,,
2.465900E3,,
2.466000E3,-3.963181E-2,-5.942114E-2
2.466100E3,,
2.466200E3,,
2.466300E3,,
2.466400E3,,
2.466500E3,,
2.466600E3,,
2.466700E3,,
2.466800E3,,
2.466900E3,,
2.467000E3,-3.963157E-2,-5.940732E-2
2.467100E3,,
2.467200E3,,
2.467300E3,,
2.467400E3,,
2.467500E3,,
2.467600E3,,
2.467700E3,,
2.467800E3,,
2.467900E3,,
2.468000E3,-3.963134E-2,-5.937994E-2
2.468100E3,,
2.468200E3,,
2.468300E3,,
2.468400E3,,
2.468500E3,,
2.468600E3,,
2.468700E3,,
2.468800E3,,
2.468900E3,,
2.469000E3,-3.963110E-2,-5.939988E-2
2.469100E3,,
2.469200E3,,
2.469300E3,,
2.469400E3,,
2.469500E3,,
2.469600E3,,
2.469700E3,,
2.469800E3,,
2.469900E3,,
2.470000E3,-3.963086E-2,-5.937109E-2
2.470100E3,,
2.470200E3,,
2.470300E3,,
2.470400E3,,
2.470500E3,,
2.470600E3,,
2.470700E3,,
2.470800E3,,
2.470900E3,,
2.471000E3,-3.963086E-2,-5.937978E-2
2.471100E3,,
2.471200E3,,
2.471300E3,,
2.471400E3,,
2.471500E3,,
2.471600E3,,
2.471700E3,,
2.471800E3,,
2.471900E3,,
2.472000E3,-3.963086E-2,-5.941536E-2
2.472100E3,,
2.472200E3,,
2.472300E3,,
2.472400E3,,
2.472500E3,,
2.472600E3,,
2.472700E3,,
2.472800E3,,
2.472900E3,,
2.473000E3,-3.963086E-2,-5.937874E-2
2.473100E3,,
2.473200E3,,
2.473300E3,,
2.473400E3,,
2.473500E3,,
2.473600E3,,
2.473700E3,,
2.473800E3,,
2.473900E3,,
2.474000E3,-3.963086E-2,-5.938253E-2
2.474100E3,,
2.474200E3,,
2.474300E3,,
2.474400E3,,
2.474500E3,,
2.474600E3,,
2.474700E3,,
2.474800E3,,
2.474900E3,,
2.475000E3,-3.963086E-2,-5.940239E-2
2.475100E3,,
2.475200E3,,
2.475300E3,,
2.475400E3,,
2.475500E3,,
2.475600E3,,
2.475700E3,,
2.475800E3,,
2.475900E3,,
2.476000E3,-3.963086E-2,-5.936793E-2
2.476100E3,,
2.476200E3,,
2.476300E3,,
2.476400E3,,
2.476500E3,,
2.476600E3,,
2.476700E3,,
2.476800E3,,
2.476900E3,,
2.477000E3,-3.963086E-2,-5.937195E-2
2.477100E3,,
2.477200E3,,
2.477300E3,,
2.477400E3,,
2.477500E3,,
2.477600E3,,
2.477700E3,,
2.477800E3,,
2.477900E3,,
2.478000E3,-3.963086E-2,-5.935323E-2
2.478100E3,,
2.478200E3,,
2.478300E3,,
2.478400E3,,
2.478500E3,,
2.478600E3,,
2.478700E3,,
2.478800E3,,
2.478900E3,,
2.479000E3,,-5.940562E-2
2.479100E3,,
2.479200E3,,
2.479300E3,,
2.479400E3,,
2.479500E3,,
2.479600E3,,
2.479700E3,,
2.479800E3,,
2.479900E3,,
2.480000E3,,-5.940650E-2
2.480100E3,,
2.480200E3,,
2.480300E3,,
2.480400E3,,
2.480500E3,,
2.480600E3,,
2.480700E3,,
2.480800E3,,
2.480900E3,,
2.481000E3,,-5.941064E-2
2.481100E3,,
2.481200E3,,
2.481300E3,,
2.481400E3,,
2.481500E3,,
2.481600E3,,
2.481700E3,,
2.481800E3,,
2.481900E3,,
2.482000E3,,-5.934212E-2
2.482100E3,,
2.482200E3,,
2.482300E3,,
2.482400E3,,
2.482500E3,,
2.482600E3,,
2.482700E3,,
2.482800E3,,
2.482900E3,,
2.483000E3,,-5.938155E-2
2.483100E3,,
2.483200E3,,
2.483300E3,,
2.483400E3,,
2.483500E3,,
2.483600E3,,
2.483700E3,,
2.483800E3,,
2.483900E3,,
2.484000E3,,-5.939028E-2
2.484100E3,,
2.484200E3,,
2.484300E3,,
2.484400E3,,
2.484500E3,,
2.484600E3,,
2.484700E3,,
2.484800E3,,
2.484900E3,,
2.485000E3,,-5.940874E-2
2.485100E3,,
2.485200E3,,
2.485300E3,,
2.485400E3,,
2.485500E3,,
2.485600E3,,
2.485700E3,,
2.485800E3,,
2.485900E3,,
2.486000E3,,-5.936913E-2
2.486100E3,,
2.486200E3,,
2.486300E3,,
2.486400E3,,
2.486500E3,,
2.486600E3,,
2.486700E3,,
2.486800E3,,
2.486900E3,,
2.487000E3,,-5.941474E-2
2.487100E3,,
2.487200E3,,
2.487300E3,,
2.487400E3,,
2.487500E3,,
2.487600E3,,
2.487700E3,,
2.487800E3,,
2.487900E3,,
2.488000E3,,-5.939216E-2
2.488100E3,,
2.488200E3,,
2.488300E3,,
2.488400E3,,
2.488500E3,,
2.488600E3,,
2.488700E3,,
2.488800E3,,
2.488900E3,,
2.489000E3,,-5.942887E-2
2.489100E3,,
2.489200E3,,
2.489300E3,,
2.489400E3,,
2.489500E3,,
2.489600E3,,
2.489700E3,,
2.489800E3,,
2.489900E3,,
2.490000E3,,-5.940006E-2
2.490100E3,,
2.490200E3,,
2.490300E3,,
2.490400E3,,
2.490500E3,,
2.490600E3,,
2.490700E3,,
2.490800E3,,
2.490900E3,,
2.491000E3,,-5.933296E-2
2.491100E3,,
2.491200E3,,
2.491300E3,,
2.491400E3,,
2.491500E3,,
2.491600E3,,
2.491700E3,,
2.491800E3,,
2.491900E3,,
2.492000E3,,-5.938226E-2
